<?xml version="1.0" encoding="UTF-8"?><gpx xmlns="http://www.topografix.com/GPX/1/1" xmlns:xsi="http://www.w3.org/2001/XMLSchema-instance" version="1.1" creator="Polar Pacer Pro" xsi:schemaLocation="http://www.topografix.com/GPX/1/1 http://www.topografix.com/GPX/1/1/gpx.xsd"><metadata><author><name>Polar</name></author><time>2026-08-30T12:00:25.894Z</time><bounds minlat="52.32723333" minlon="12.98541833" maxlat="52.34235667" maxlon="13.00218667"></bounds></metadata><trk><trkseg><trkpt lat="52.34235667" lon="12.99992"><ele>40.0</ele><time>2026-08-29T07:03:42.086Z</time></trkpt><trkpt lat="52.342355" lon="12.99991667"><ele>40.0</ele><time>2026-08-29T07:03:43.086Z</time></trkpt><trkpt lat="52.34234667" lon="12.99991"><ele>41.0</ele><time>2026-08-29T07:03:44.086Z</time></trkpt><trkpt lat="52.34234" lon="12.9999"><ele>41.0</ele><time>2026-08-29T07:03:45.086Z</time></trkpt><trkpt lat="52.342335" lon="12.99989833"><ele>41.0</ele><time>2026-08-29T07:03:46.086Z</time></trkpt><trkpt lat="52.34232667" lon="12.99989167"><ele>41.0</ele><time>2026-08-29T07:03:47.086Z</time></trkpt><trkpt lat="52.34231167" lon="12.999885"><ele>41.0</ele><time>2026-08-29T07:03:48.086Z</time></trkpt><trkpt lat="52.34229333" lon="12.99988167"><ele>42.0</ele><time>2026-08-29T07:03:49.086Z</time></trkpt><trkpt lat="52.342275" lon="12.999885"><ele>42.0</ele><time>2026-08-29T07:03:50.086Z</time></trkpt><trkpt lat="52.342245" lon="12.99988333"><ele>42.0</ele><time>2026-08-29T07:03:51.086Z</time></trkpt><trkpt lat="52.342215" lon="12.99987333"><ele>42.0</ele><time>2026-08-29T07:03:52.086Z</time></trkpt><trkpt lat="52.34218167" lon="12.99985333"><ele>42.0</ele><time>2026-08-29T07:03:53.086Z</time></trkpt><trkpt lat="52.34214833" lon="12.99983667"><ele>42.0</ele><time>2026-08-29T07:03:54.086Z</time></trkpt><trkpt lat="52.342115" lon="12.99982167"><ele>42.0</ele><time>2026-08-29T07:03:55.086Z</time></trkpt><trkpt lat="52.34208" lon="12.999805"><ele>42.0</ele><time>2026-08-29T07:03:56.086Z</time></trkpt><trkpt lat="52.34205167" lon="12.99979"><ele>42.0</ele><time>2026-08-29T07:03:57.086Z</time></trkpt><trkpt lat="52.34202667" lon="12.999775"><ele>43.0</ele><time>2026-08-29T07:03:58.086Z</time></trkpt><trkpt lat="52.34199333" lon="12.99975333"><ele>43.0</ele><time>2026-08-29T07:03:59.086Z</time></trkpt><trkpt lat="52.341965" lon="12.999735"><ele>43.0</ele><time>2026-08-29T07:04:00.086Z</time></trkpt><trkpt lat="52.341935" lon="12.999715"><ele>43.0</ele><time>2026-08-29T07:04:01.086Z</time></trkpt><trkpt lat="52.341905" lon="12.99969167"><ele>44.0</ele><time>2026-08-29T07:04:02.086Z</time></trkpt><trkpt lat="52.34188333" lon="12.99967167"><ele>44.0</ele><time>2026-08-29T07:04:03.086Z</time></trkpt><trkpt lat="52.34186" lon="12.999655"><ele>44.0</ele><time>2026-08-29T07:04:04.086Z</time></trkpt><trkpt lat="52.34183167" lon="12.99963333"><ele>44.0</ele><time>2026-08-29T07:04:05.086Z</time></trkpt><trkpt lat="52.34181333" lon="12.999615"><ele>45.0</ele><time>2026-08-29T07:04:06.086Z</time></trkpt><trkpt lat="52.341785" lon="12.99958667"><ele>45.0</ele><time>2026-08-29T07:04:07.086Z</time></trkpt><trkpt lat="52.341765" lon="12.99956333"><ele>45.0</ele><time>2026-08-29T07:04:08.086Z</time></trkpt><trkpt lat="52.34174833" lon="12.99954333"><ele>45.0</ele><time>2026-08-29T07:04:09.086Z</time></trkpt><trkpt lat="52.341735" lon="12.999525"><ele>46.0</ele><time>2026-08-29T07:04:10.086Z</time></trkpt><trkpt lat="52.34172333" lon="12.99951167"><ele>46.0</ele><time>2026-08-29T07:04:11.086Z</time></trkpt><trkpt lat="52.341705" lon="12.999495"><ele>47.0</ele><time>2026-08-29T07:04:12.086Z</time></trkpt><trkpt lat="52.34169" lon="12.99949"><ele>47.0</ele><time>2026-08-29T07:04:13.086Z</time></trkpt><trkpt lat="52.34167167" lon="12.99948"><ele>47.0</ele><time>2026-08-29T07:04:14.086Z</time></trkpt><trkpt lat="52.34165333" lon="12.99946833"><ele>47.0</ele><time>2026-08-29T07:04:15.086Z</time></trkpt><trkpt lat="52.34162833" lon="12.99945833"><ele>47.0</ele><time>2026-08-29T07:04:16.086Z</time></trkpt><trkpt lat="52.34160167" lon="12.99945167"><ele>47.0</ele><time>2026-08-29T07:04:17.086Z</time></trkpt><trkpt lat="52.34156833" lon="12.99944333"><ele>47.0</ele><time>2026-08-29T07:04:18.086Z</time></trkpt><trkpt lat="52.34154167" lon="12.99942"><ele>47.0</ele><time>2026-08-29T07:04:19.086Z</time></trkpt><trkpt lat="52.341505" lon="12.999385"><ele>47.0</ele><time>2026-08-29T07:04:20.086Z</time></trkpt><trkpt lat="52.34146667" lon="12.99934"><ele>48.0</ele><time>2026-08-29T07:04:21.086Z</time></trkpt><trkpt lat="52.34143833" lon="12.99931667"><ele>48.0</ele><time>2026-08-29T07:04:22.086Z</time></trkpt><trkpt lat="52.34139833" lon="12.99929833"><ele>48.0</ele><time>2026-08-29T07:04:23.086Z</time></trkpt><trkpt lat="52.341365" lon="12.99927833"><ele>48.0</ele><time>2026-08-29T07:04:24.086Z</time></trkpt><trkpt lat="52.34133667" lon="12.99925667"><ele>48.0</ele><time>2026-08-29T07:04:25.086Z</time></trkpt><trkpt lat="52.34131667" lon="12.99924"><ele>48.0</ele><time>2026-08-29T07:04:26.086Z</time></trkpt><trkpt lat="52.341285" lon="12.99921"><ele>48.0</ele><time>2026-08-29T07:04:27.086Z</time></trkpt><trkpt lat="52.34125667" lon="12.999175"><ele>48.0</ele><time>2026-08-29T07:04:28.086Z</time></trkpt><trkpt lat="52.341235" lon="12.99913667"><ele>48.0</ele><time>2026-08-29T07:04:29.086Z</time></trkpt><trkpt lat="52.34119167" lon="12.99909"><ele>48.0</ele><time>2026-08-29T07:04:30.086Z</time></trkpt><trkpt lat="52.341155" lon="12.99906167"><ele>47.0</ele><time>2026-08-29T07:04:31.086Z</time></trkpt><trkpt lat="52.341135" lon="12.99904833"><ele>48.0</ele><time>2026-08-29T07:04:32.086Z</time></trkpt><trkpt lat="52.34111" lon="12.99903833"><ele>47.0</ele><time>2026-08-29T07:04:33.086Z</time></trkpt><trkpt lat="52.34107833" lon="12.999035"><ele>47.0</ele><time>2026-08-29T07:04:34.086Z</time></trkpt><trkpt lat="52.34104667" lon="12.99902667"><ele>47.0</ele><time>2026-08-29T07:04:35.086Z</time></trkpt><trkpt lat="52.34102167" lon="12.99901333"><ele>47.0</ele><time>2026-08-29T07:04:36.086Z</time></trkpt><trkpt lat="52.34099167" lon="12.99899333"><ele>48.0</ele><time>2026-08-29T07:04:37.086Z</time></trkpt><trkpt lat="52.34096333" lon="12.99897167"><ele>48.0</ele><time>2026-08-29T07:04:38.086Z</time></trkpt><trkpt lat="52.34093667" lon="12.99895"><ele>48.0</ele><time>2026-08-29T07:04:39.086Z</time></trkpt><trkpt lat="52.34090667" lon="12.998925"><ele>47.0</ele><time>2026-08-29T07:04:40.086Z</time></trkpt><trkpt lat="52.34088167" lon="12.9989"><ele>47.0</ele><time>2026-08-29T07:04:41.086Z</time></trkpt><trkpt lat="52.34085833" lon="12.99888167"><ele>47.0</ele><time>2026-08-29T07:04:42.086Z</time></trkpt><trkpt lat="52.34082333" lon="12.99885333"><ele>47.0</ele><time>2026-08-29T07:04:43.086Z</time></trkpt><trkpt lat="52.34079167" lon="12.99882667"><ele>47.0</ele><time>2026-08-29T07:04:44.086Z</time></trkpt><trkpt lat="52.340765" lon="12.99881167"><ele>47.0</ele><time>2026-08-29T07:04:45.086Z</time></trkpt><trkpt lat="52.340745" lon="12.99880333"><ele>47.0</ele><time>2026-08-29T07:04:46.086Z</time></trkpt><trkpt lat="52.34070833" lon="12.99879333"><ele>46.0</ele><time>2026-08-29T07:04:47.086Z</time></trkpt><trkpt lat="52.34067833" lon="12.99878667"><ele>46.0</ele><time>2026-08-29T07:04:48.086Z</time></trkpt><trkpt lat="52.34065333" lon="12.99878"><ele>46.0</ele><time>2026-08-29T07:04:49.086Z</time></trkpt><trkpt lat="52.340635" lon="12.99877667"><ele>46.0</ele><time>2026-08-29T07:04:50.086Z</time></trkpt><trkpt lat="52.340615" lon="12.99878"><ele>46.0</ele><time>2026-08-29T07:04:51.086Z</time></trkpt><trkpt lat="52.34059833" lon="12.99879167"><ele>46.0</ele><time>2026-08-29T07:04:52.086Z</time></trkpt><trkpt lat="52.34057667" lon="12.998805"><ele>46.0</ele><time>2026-08-29T07:04:53.086Z</time></trkpt><trkpt lat="52.34055" lon="12.99882833"><ele>46.0</ele><time>2026-08-29T07:04:54.086Z</time></trkpt><trkpt lat="52.34052333" lon="12.99884833"><ele>46.0</ele><time>2026-08-29T07:04:55.086Z</time></trkpt><trkpt lat="52.34049" lon="12.998875"><ele>45.0</ele><time>2026-08-29T07:04:56.086Z</time></trkpt><trkpt lat="52.34046333" lon="12.998905"><ele>45.0</ele><time>2026-08-29T07:04:57.086Z</time></trkpt><trkpt lat="52.34044333" lon="12.99891833"><ele>45.0</ele><time>2026-08-29T07:04:58.086Z</time></trkpt><trkpt lat="52.340425" lon="12.99893167"><ele>45.0</ele><time>2026-08-29T07:04:59.086Z</time></trkpt><trkpt lat="52.34040167" lon="12.99895"><ele>45.0</ele><time>2026-08-29T07:05:00.086Z</time></trkpt><trkpt lat="52.34038167" lon="12.99896833"><ele>45.0</ele><time>2026-08-29T07:05:01.086Z</time></trkpt><trkpt lat="52.34036333" lon="12.99898333"><ele>44.0</ele><time>2026-08-29T07:05:02.086Z</time></trkpt><trkpt lat="52.340345" lon="12.99899667"><ele>44.0</ele><time>2026-08-29T07:05:03.086Z</time></trkpt><trkpt lat="52.340325" lon="12.99902333"><ele>43.0</ele><time>2026-08-29T07:05:04.086Z</time></trkpt><trkpt lat="52.340305" lon="12.999045"><ele>43.0</ele><time>2026-08-29T07:05:05.086Z</time></trkpt><trkpt lat="52.34028333" lon="12.99907333"><ele>43.0</ele><time>2026-08-29T07:05:06.086Z</time></trkpt><trkpt lat="52.34026167" lon="12.99909833"><ele>43.0</ele><time>2026-08-29T07:05:07.086Z</time></trkpt><trkpt lat="52.34024" lon="12.999115"><ele>43.0</ele><time>2026-08-29T07:05:08.086Z</time></trkpt><trkpt lat="52.34020833" lon="12.99913833"><ele>42.0</ele><time>2026-08-29T07:05:09.086Z</time></trkpt><trkpt lat="52.340185" lon="12.99915167"><ele>42.0</ele><time>2026-08-29T07:05:10.086Z</time></trkpt><trkpt lat="52.34016" lon="12.999165"><ele>43.0</ele><time>2026-08-29T07:05:11.086Z</time></trkpt><trkpt lat="52.34012333" lon="12.99919667"><ele>43.0</ele><time>2026-08-29T07:05:12.086Z</time></trkpt><trkpt lat="52.34009" lon="12.99922"><ele>43.0</ele><time>2026-08-29T07:05:13.086Z</time></trkpt><trkpt lat="52.34006833" lon="12.99923667"><ele>43.0</ele><time>2026-08-29T07:05:14.086Z</time></trkpt><trkpt lat="52.34005333" lon="12.99924333"><ele>43.0</ele><time>2026-08-29T07:05:15.086Z</time></trkpt><trkpt lat="52.340035" lon="12.99925667"><ele>43.0</ele><time>2026-08-29T07:05:16.086Z</time></trkpt><trkpt lat="52.34001667" lon="12.999275"><ele>42.0</ele><time>2026-08-29T07:05:17.086Z</time></trkpt><trkpt lat="52.339995" lon="12.99929333"><ele>42.0</ele><time>2026-08-29T07:05:18.086Z</time></trkpt><trkpt lat="52.339975" lon="12.99931"><ele>42.0</ele><time>2026-08-29T07:05:19.086Z</time></trkpt><trkpt lat="52.33994333" lon="12.99934333"><ele>42.0</ele><time>2026-08-29T07:05:20.086Z</time></trkpt><trkpt lat="52.33990667" lon="12.999385"><ele>42.0</ele><time>2026-08-29T07:05:21.086Z</time></trkpt><trkpt lat="52.33987333" lon="12.99940833"><ele>42.0</ele><time>2026-08-29T07:05:22.086Z</time></trkpt><trkpt lat="52.33984" lon="12.99943167"><ele>41.0</ele><time>2026-08-29T07:05:23.086Z</time></trkpt><trkpt lat="52.339815" lon="12.99945"><ele>41.0</ele><time>2026-08-29T07:05:24.086Z</time></trkpt><trkpt lat="52.339785" lon="12.99946833"><ele>41.0</ele><time>2026-08-29T07:05:25.086Z</time></trkpt><trkpt lat="52.33975833" lon="12.999485"><ele>41.0</ele><time>2026-08-29T07:05:26.086Z</time></trkpt><trkpt lat="52.33973333" lon="12.999495"><ele>40.0</ele><time>2026-08-29T07:05:27.086Z</time></trkpt><trkpt lat="52.33970833" lon="12.99950833"><ele>40.0</ele><time>2026-08-29T07:05:28.086Z</time></trkpt><trkpt lat="52.33968833" lon="12.999525"><ele>40.0</ele><time>2026-08-29T07:05:29.086Z</time></trkpt><trkpt lat="52.33966167" lon="12.99954667"><ele>40.0</ele><time>2026-08-29T07:05:30.086Z</time></trkpt><trkpt lat="52.339645" lon="12.99956"><ele>40.0</ele><time>2026-08-29T07:05:31.086Z</time></trkpt><trkpt lat="52.33963" lon="12.99957333"><ele>40.0</ele><time>2026-08-29T07:05:32.086Z</time></trkpt><trkpt lat="52.33961" lon="12.99959"><ele>40.0</ele><time>2026-08-29T07:05:33.086Z</time></trkpt><trkpt lat="52.33958333" lon="12.99961167"><ele>40.0</ele><time>2026-08-29T07:05:34.086Z</time></trkpt><trkpt lat="52.339565" lon="12.99962667"><ele>40.0</ele><time>2026-08-29T07:05:35.086Z</time></trkpt><trkpt lat="52.33954167" lon="12.99964167"><ele>40.0</ele><time>2026-08-29T07:05:36.086Z</time></trkpt><trkpt lat="52.33951333" lon="12.99965333"><ele>40.0</ele><time>2026-08-29T07:05:37.086Z</time></trkpt><trkpt lat="52.33948833" lon="12.99966333"><ele>40.0</ele><time>2026-08-29T07:05:38.086Z</time></trkpt><trkpt lat="52.339455" lon="12.99967333"><ele>40.0</ele><time>2026-08-29T07:05:39.086Z</time></trkpt><trkpt lat="52.339425" lon="12.99968333"><ele>40.0</ele><time>2026-08-29T07:05:40.086Z</time></trkpt><trkpt lat="52.33938667" lon="12.99970167"><ele>40.0</ele><time>2026-08-29T07:05:41.086Z</time></trkpt><trkpt lat="52.33935667" lon="12.99971333"><ele>40.0</ele><time>2026-08-29T07:05:42.086Z</time></trkpt><trkpt lat="52.33932" lon="12.99973"><ele>40.0</ele><time>2026-08-29T07:05:43.086Z</time></trkpt><trkpt lat="52.33929333" lon="12.999745"><ele>40.0</ele><time>2026-08-29T07:05:44.086Z</time></trkpt><trkpt lat="52.33925667" lon="12.99976333"><ele>40.0</ele><time>2026-08-29T07:05:45.086Z</time></trkpt><trkpt lat="52.33923833" lon="12.99977333"><ele>40.0</ele><time>2026-08-29T07:05:46.086Z</time></trkpt><trkpt lat="52.33920833" lon="12.999785"><ele>41.0</ele><time>2026-08-29T07:05:47.086Z</time></trkpt><trkpt lat="52.33917667" lon="12.99979667"><ele>41.0</ele><time>2026-08-29T07:05:48.086Z</time></trkpt><trkpt lat="52.33915333" lon="12.99980167"><ele>41.0</ele><time>2026-08-29T07:05:49.086Z</time></trkpt><trkpt lat="52.33912" lon="12.99980667"><ele>41.0</ele><time>2026-08-29T07:05:50.086Z</time></trkpt><trkpt lat="52.33909333" lon="12.99982167"><ele>41.0</ele><time>2026-08-29T07:05:51.086Z</time></trkpt><trkpt lat="52.33906333" lon="12.99984167"><ele>42.0</ele><time>2026-08-29T07:05:52.086Z</time></trkpt><trkpt lat="52.33903667" lon="12.99985833"><ele>42.0</ele><time>2026-08-29T07:05:53.086Z</time></trkpt><trkpt lat="52.339005" lon="12.99987333"><ele>42.0</ele><time>2026-08-29T07:05:54.086Z</time></trkpt><trkpt lat="52.33898333" lon="12.99988333"><ele>42.0</ele><time>2026-08-29T07:05:55.086Z</time></trkpt><trkpt lat="52.338955" lon="12.999885"><ele>42.0</ele><time>2026-08-29T07:05:56.086Z</time></trkpt><trkpt lat="52.33893167" lon="12.999885"><ele>42.0</ele><time>2026-08-29T07:05:57.086Z</time></trkpt><trkpt lat="52.33890833" lon="12.99988667"><ele>42.0</ele><time>2026-08-29T07:05:58.086Z</time></trkpt><trkpt lat="52.33888333" lon="12.99989167"><ele>42.0</ele><time>2026-08-29T07:05:59.086Z</time></trkpt><trkpt lat="52.33885667" lon="12.99989833"><ele>42.0</ele><time>2026-08-29T07:06:00.086Z</time></trkpt><trkpt lat="52.33882833" lon="12.999905"><ele>42.0</ele><time>2026-08-29T07:06:01.086Z</time></trkpt><trkpt lat="52.338805" lon="12.99991167"><ele>42.0</ele><time>2026-08-29T07:06:02.086Z</time></trkpt><trkpt lat="52.33878167" lon="12.999915"><ele>41.0</ele><time>2026-08-29T07:06:03.086Z</time></trkpt><trkpt lat="52.33875167" lon="12.99991"><ele>41.0</ele><time>2026-08-29T07:06:04.086Z</time></trkpt><trkpt lat="52.33872333" lon="12.99990667"><ele>41.0</ele><time>2026-08-29T07:06:05.086Z</time></trkpt><trkpt lat="52.33869" lon="12.99990667"><ele>40.0</ele><time>2026-08-29T07:06:06.086Z</time></trkpt><trkpt lat="52.33865833" lon="12.99990833"><ele>40.0</ele><time>2026-08-29T07:06:07.086Z</time></trkpt><trkpt lat="52.33863333" lon="12.99991333"><ele>40.0</ele><time>2026-08-29T07:06:08.086Z</time></trkpt><trkpt lat="52.3386" lon="12.99991333"><ele>40.0</ele><time>2026-08-29T07:06:09.086Z</time></trkpt><trkpt lat="52.33857333" lon="12.99991333"><ele>39.0</ele><time>2026-08-29T07:06:10.086Z</time></trkpt><trkpt lat="52.33855" lon="12.999915"><ele>39.0</ele><time>2026-08-29T07:06:11.086Z</time></trkpt><trkpt lat="52.33852167" lon="12.99992"><ele>39.0</ele><time>2026-08-29T07:06:12.086Z</time></trkpt><trkpt lat="52.33849833" lon="12.999935"><ele>39.0</ele><time>2026-08-29T07:06:13.086Z</time></trkpt><trkpt lat="52.33848167" lon="12.99995667"><ele>39.0</ele><time>2026-08-29T07:06:14.086Z</time></trkpt><trkpt lat="52.33846167" lon="12.99998667"><ele>39.0</ele><time>2026-08-29T07:06:15.086Z</time></trkpt><trkpt lat="52.33842833" lon="13.00004333"><ele>39.0</ele><time>2026-08-29T07:06:16.086Z</time></trkpt><trkpt lat="52.338395" lon="13.0001"><ele>39.0</ele><time>2026-08-29T07:06:17.086Z</time></trkpt><trkpt lat="52.338365" lon="13.000145"><ele>39.0</ele><time>2026-08-29T07:06:18.086Z</time></trkpt><trkpt lat="52.33833167" lon="13.000195"><ele>39.0</ele><time>2026-08-29T07:06:19.086Z</time></trkpt><trkpt lat="52.33829833" lon="13.00024667"><ele>40.0</ele><time>2026-08-29T07:06:20.086Z</time></trkpt><trkpt lat="52.33826" lon="13.00030667"><ele>40.0</ele><time>2026-08-29T07:06:21.086Z</time></trkpt><trkpt lat="52.338215" lon="13.00036833"><ele>40.0</ele><time>2026-08-29T07:06:22.086Z</time></trkpt><trkpt lat="52.338165" lon="13.00043167"><ele>40.0</ele><time>2026-08-29T07:06:23.086Z</time></trkpt><trkpt lat="52.33812167" lon="13.00048333"><ele>40.0</ele><time>2026-08-29T07:06:24.086Z</time></trkpt><trkpt lat="52.33807833" lon="13.00053"><ele>41.0</ele><time>2026-08-29T07:06:25.086Z</time></trkpt><trkpt lat="52.338035" lon="13.00059167"><ele>41.0</ele><time>2026-08-29T07:06:26.086Z</time></trkpt><trkpt lat="52.33801667" lon="13.00062833"><ele>41.0</ele><time>2026-08-29T07:06:27.086Z</time></trkpt><trkpt lat="52.33799667" lon="13.00067167"><ele>41.0</ele><time>2026-08-29T07:06:28.086Z</time></trkpt><trkpt lat="52.33797667" lon="13.0007"><ele>41.0</ele><time>2026-08-29T07:06:29.086Z</time></trkpt><trkpt lat="52.33796" lon="13.00072667"><ele>41.0</ele><time>2026-08-29T07:06:30.086Z</time></trkpt><trkpt lat="52.33793333" lon="13.00076167"><ele>41.0</ele><time>2026-08-29T07:06:31.086Z</time></trkpt><trkpt lat="52.33791167" lon="13.00079167"><ele>41.0</ele><time>2026-08-29T07:06:32.086Z</time></trkpt><trkpt lat="52.33789333" lon="13.00081167"><ele>41.0</ele><time>2026-08-29T07:06:33.086Z</time></trkpt><trkpt lat="52.337865" lon="13.00084833"><ele>41.0</ele><time>2026-08-29T07:06:34.086Z</time></trkpt><trkpt lat="52.33784333" lon="13.00086667"><ele>41.0</ele><time>2026-08-29T07:06:35.086Z</time></trkpt><trkpt lat="52.33782333" lon="13.00087667"><ele>41.0</ele><time>2026-08-29T07:06:36.086Z</time></trkpt><trkpt lat="52.3378" lon="13.00089833"><ele>42.0</ele><time>2026-08-29T07:06:37.086Z</time></trkpt><trkpt lat="52.33777333" lon="13.00092833"><ele>42.0</ele><time>2026-08-29T07:06:38.086Z</time></trkpt><trkpt lat="52.33774833" lon="13.000955"><ele>42.0</ele><time>2026-08-29T07:06:39.086Z</time></trkpt><trkpt lat="52.33772333" lon="13.00098167"><ele>42.0</ele><time>2026-08-29T07:06:40.086Z</time></trkpt><trkpt lat="52.3377" lon="13.00100667"><ele>42.0</ele><time>2026-08-29T07:06:41.086Z</time></trkpt><trkpt lat="52.33767833" lon="13.00103"><ele>43.0</ele><time>2026-08-29T07:06:42.086Z</time></trkpt><trkpt lat="52.33765667" lon="13.001055"><ele>43.0</ele><time>2026-08-29T07:06:43.086Z</time></trkpt><trkpt lat="52.33763167" lon="13.00107833"><ele>43.0</ele><time>2026-08-29T07:06:44.086Z</time></trkpt><trkpt lat="52.33759333" lon="13.001115"><ele>43.0</ele><time>2026-08-29T07:06:45.086Z</time></trkpt><trkpt lat="52.33755167" lon="13.00116"><ele>44.0</ele><time>2026-08-29T07:06:46.086Z</time></trkpt><trkpt lat="52.337515" lon="13.00119333"><ele>44.0</ele><time>2026-08-29T07:06:47.086Z</time></trkpt><trkpt lat="52.33747833" lon="13.00121333"><ele>44.0</ele><time>2026-08-29T07:06:48.086Z</time></trkpt><trkpt lat="52.337445" lon="13.00123"><ele>45.0</ele><time>2026-08-29T07:06:49.086Z</time></trkpt><trkpt lat="52.337415" lon="13.00123833"><ele>45.0</ele><time>2026-08-29T07:06:50.086Z</time></trkpt><trkpt lat="52.337385" lon="13.00124333"><ele>45.0</ele><time>2026-08-29T07:06:51.086Z</time></trkpt><trkpt lat="52.337365" lon="13.001245"><ele>45.0</ele><time>2026-08-29T07:06:52.086Z</time></trkpt><trkpt lat="52.33733167" lon="13.00124667"><ele>45.0</ele><time>2026-08-29T07:06:53.086Z</time></trkpt><trkpt lat="52.33730333" lon="13.00124833"><ele>45.0</ele><time>2026-08-29T07:06:54.086Z</time></trkpt><trkpt lat="52.33727" lon="13.00125"><ele>45.0</ele><time>2026-08-29T07:06:55.086Z</time></trkpt><trkpt lat="52.337245" lon="13.00125167"><ele>45.0</ele><time>2026-08-29T07:06:56.086Z</time></trkpt><trkpt lat="52.33721833" lon="13.001255"><ele>45.0</ele><time>2026-08-29T07:06:57.086Z</time></trkpt><trkpt lat="52.33719167" lon="13.00126167"><ele>45.0</ele><time>2026-08-29T07:06:58.086Z</time></trkpt><trkpt lat="52.33716667" lon="13.00127"><ele>45.0</ele><time>2026-08-29T07:06:59.086Z</time></trkpt><trkpt lat="52.33712833" lon="13.001275"><ele>45.0</ele><time>2026-08-29T07:07:00.086Z</time></trkpt><trkpt lat="52.3371" lon="13.00128"><ele>45.0</ele><time>2026-08-29T07:07:01.086Z</time></trkpt><trkpt lat="52.33707167" lon="13.00128333"><ele>45.0</ele><time>2026-08-29T07:07:02.086Z</time></trkpt><trkpt lat="52.33704333" lon="13.001285"><ele>45.0</ele><time>2026-08-29T07:07:03.086Z</time></trkpt><trkpt lat="52.33702333" lon="13.001285"><ele>45.0</ele><time>2026-08-29T07:07:04.086Z</time></trkpt><trkpt lat="52.33699167" lon="13.00129"><ele>45.0</ele><time>2026-08-29T07:07:05.086Z</time></trkpt><trkpt lat="52.33696667" lon="13.001295"><ele>45.0</ele><time>2026-08-29T07:07:06.086Z</time></trkpt><trkpt lat="52.33694167" lon="13.0013"><ele>46.0</ele><time>2026-08-29T07:07:07.086Z</time></trkpt><trkpt lat="52.33691" lon="13.00130333"><ele>46.0</ele><time>2026-08-29T07:07:08.086Z</time></trkpt><trkpt lat="52.33687833" lon="13.00130167"><ele>46.0</ele><time>2026-08-29T07:07:09.086Z</time></trkpt><trkpt lat="52.33685" lon="13.00130667"><ele>45.0</ele><time>2026-08-29T07:07:10.086Z</time></trkpt><trkpt lat="52.33682" lon="13.00131833"><ele>45.0</ele><time>2026-08-29T07:07:11.086Z</time></trkpt><trkpt lat="52.33678833" lon="13.001335"><ele>45.0</ele><time>2026-08-29T07:07:12.086Z</time></trkpt><trkpt lat="52.33676333" lon="13.00134333"><ele>44.0</ele><time>2026-08-29T07:07:13.086Z</time></trkpt><trkpt lat="52.33674667" lon="13.00134667"><ele>44.0</ele><time>2026-08-29T07:07:14.086Z</time></trkpt><trkpt lat="52.33672333" lon="13.00135"><ele>44.0</ele><time>2026-08-29T07:07:15.086Z</time></trkpt><trkpt lat="52.33669833" lon="13.00136333"><ele>44.0</ele><time>2026-08-29T07:07:16.086Z</time></trkpt><trkpt lat="52.33666333" lon="13.00137667"><ele>44.0</ele><time>2026-08-29T07:07:17.086Z</time></trkpt><trkpt lat="52.33663333" lon="13.00138167"><ele>44.0</ele><time>2026-08-29T07:07:18.086Z</time></trkpt><trkpt lat="52.336605" lon="13.00138833"><ele>44.0</ele><time>2026-08-29T07:07:19.086Z</time></trkpt><trkpt lat="52.33657333" lon="13.001395"><ele>44.0</ele><time>2026-08-29T07:07:20.086Z</time></trkpt><trkpt lat="52.33653667" lon="13.00141"><ele>44.0</ele><time>2026-08-29T07:07:21.086Z</time></trkpt><trkpt lat="52.336505" lon="13.00142333"><ele>44.0</ele><time>2026-08-29T07:07:22.086Z</time></trkpt><trkpt lat="52.33648" lon="13.00142667"><ele>43.0</ele><time>2026-08-29T07:07:23.086Z</time></trkpt><trkpt lat="52.33645" lon="13.00143167"><ele>43.0</ele><time>2026-08-29T07:07:24.086Z</time></trkpt><trkpt lat="52.33641667" lon="13.00143667"><ele>43.0</ele><time>2026-08-29T07:07:25.086Z</time></trkpt><trkpt lat="52.336385" lon="13.00143667"><ele>43.0</ele><time>2026-08-29T07:07:26.086Z</time></trkpt><trkpt lat="52.33635667" lon="13.001435"><ele>42.0</ele><time>2026-08-29T07:07:27.086Z</time></trkpt><trkpt lat="52.33633" lon="13.00143"><ele>42.0</ele><time>2026-08-29T07:07:28.086Z</time></trkpt><trkpt lat="52.33630167" lon="13.00142667"><ele>42.0</ele><time>2026-08-29T07:07:29.086Z</time></trkpt><trkpt lat="52.33626833" lon="13.00141667"><ele>41.0</ele><time>2026-08-29T07:07:30.086Z</time></trkpt><trkpt lat="52.33624" lon="13.001415"><ele>41.0</ele><time>2026-08-29T07:07:31.086Z</time></trkpt><trkpt lat="52.33619" lon="13.00141333"><ele>41.0</ele><time>2026-08-29T07:07:32.086Z</time></trkpt><trkpt lat="52.33616667" lon="13.00140333"><ele>41.0</ele><time>2026-08-29T07:07:33.086Z</time></trkpt><trkpt lat="52.33613333" lon="13.00138833"><ele>40.0</ele><time>2026-08-29T07:07:34.086Z</time></trkpt><trkpt lat="52.33611167" lon="13.00138"><ele>40.0</ele><time>2026-08-29T07:07:35.086Z</time></trkpt><trkpt lat="52.33607667" lon="13.001365"><ele>40.0</ele><time>2026-08-29T07:07:36.087Z</time></trkpt><trkpt lat="52.33605167" lon="13.00135"><ele>39.0</ele><time>2026-08-29T07:07:37.086Z</time></trkpt><trkpt lat="52.33601333" lon="13.00132833"><ele>39.0</ele><time>2026-08-29T07:07:38.086Z</time></trkpt><trkpt lat="52.335975" lon="13.00130167"><ele>39.0</ele><time>2026-08-29T07:07:39.086Z</time></trkpt><trkpt lat="52.33594167" lon="13.00128"><ele>39.0</ele><time>2026-08-29T07:07:40.086Z</time></trkpt><trkpt lat="52.33590833" lon="13.00126167"><ele>39.0</ele><time>2026-08-29T07:07:41.086Z</time></trkpt><trkpt lat="52.335875" lon="13.00124833"><ele>39.0</ele><time>2026-08-29T07:07:42.086Z</time></trkpt><trkpt lat="52.33584667" lon="13.001235"><ele>39.0</ele><time>2026-08-29T07:07:43.086Z</time></trkpt><trkpt lat="52.33582" lon="13.00122167"><ele>39.0</ele><time>2026-08-29T07:07:44.086Z</time></trkpt><trkpt lat="52.33579167" lon="13.00121"><ele>39.0</ele><time>2026-08-29T07:07:45.086Z</time></trkpt><trkpt lat="52.33576833" lon="13.001195"><ele>40.0</ele><time>2026-08-29T07:07:46.086Z</time></trkpt><trkpt lat="52.33575" lon="13.00118167"><ele>40.0</ele><time>2026-08-29T07:07:47.086Z</time></trkpt><trkpt lat="52.33572833" lon="13.00116667"><ele>40.0</ele><time>2026-08-29T07:07:48.086Z</time></trkpt><trkpt lat="52.33570167" lon="13.00115"><ele>40.0</ele><time>2026-08-29T07:07:49.086Z</time></trkpt><trkpt lat="52.33567" lon="13.00112667"><ele>41.0</ele><time>2026-08-29T07:07:50.086Z</time></trkpt><trkpt lat="52.33563833" lon="13.001095"><ele>41.0</ele><time>2026-08-29T07:07:51.086Z</time></trkpt><trkpt lat="52.335605" lon="13.001065"><ele>41.0</ele><time>2026-08-29T07:07:52.086Z</time></trkpt><trkpt lat="52.33558333" lon="13.00104333"><ele>41.0</ele><time>2026-08-29T07:07:53.086Z</time></trkpt><trkpt lat="52.33555333" lon="13.00101333"><ele>41.0</ele><time>2026-08-29T07:07:54.086Z</time></trkpt><trkpt lat="52.33552333" lon="13.00098"><ele>42.0</ele><time>2026-08-29T07:07:55.086Z</time></trkpt><trkpt lat="52.33550333" lon="13.00095"><ele>42.0</ele><time>2026-08-29T07:07:56.086Z</time></trkpt><trkpt lat="52.335485" lon="13.00092667"><ele>42.0</ele><time>2026-08-29T07:07:57.086Z</time></trkpt><trkpt lat="52.33547" lon="13.00090333"><ele>42.0</ele><time>2026-08-29T07:07:58.086Z</time></trkpt><trkpt lat="52.33545833" lon="13.00089"><ele>41.0</ele><time>2026-08-29T07:07:59.086Z</time></trkpt><trkpt lat="52.33544167" lon="13.00087"><ele>41.0</ele><time>2026-08-29T07:08:00.086Z</time></trkpt><trkpt lat="52.335425" lon="13.00084833"><ele>41.0</ele><time>2026-08-29T07:08:01.086Z</time></trkpt><trkpt lat="52.33541333" lon="13.00083167"><ele>42.0</ele><time>2026-08-29T07:08:02.086Z</time></trkpt><trkpt lat="52.33540333" lon="13.00081333"><ele>42.0</ele><time>2026-08-29T07:08:03.086Z</time></trkpt><trkpt lat="52.335395" lon="13.000795"><ele>42.0</ele><time>2026-08-29T07:08:04.086Z</time></trkpt><trkpt lat="52.33538167" lon="13.00077"><ele>42.0</ele><time>2026-08-29T07:08:05.086Z</time></trkpt><trkpt lat="52.335355" lon="13.00073"><ele>42.0</ele><time>2026-08-29T07:08:06.086Z</time></trkpt><trkpt lat="52.33533" lon="13.00069"><ele>42.0</ele><time>2026-08-29T07:08:07.086Z</time></trkpt><trkpt lat="52.33531167" lon="13.00065833"><ele>42.0</ele><time>2026-08-29T07:08:08.086Z</time></trkpt><trkpt lat="52.33528833" lon="13.000615"><ele>42.0</ele><time>2026-08-29T07:08:09.086Z</time></trkpt><trkpt lat="52.33527167" lon="13.000585"><ele>41.0</ele><time>2026-08-29T07:08:10.086Z</time></trkpt><trkpt lat="52.33525833" lon="13.00055167"><ele>41.0</ele><time>2026-08-29T07:08:11.086Z</time></trkpt><trkpt lat="52.335245" lon="13.00052"><ele>41.0</ele><time>2026-08-29T07:08:12.086Z</time></trkpt><trkpt lat="52.33522833" lon="13.00048"><ele>40.0</ele><time>2026-08-29T07:08:13.086Z</time></trkpt><trkpt lat="52.33521167" lon="13.00044667"><ele>40.0</ele><time>2026-08-29T07:08:14.086Z</time></trkpt><trkpt lat="52.33519333" lon="13.00041167"><ele>40.0</ele><time>2026-08-29T07:08:15.086Z</time></trkpt><trkpt lat="52.33517667" lon="13.00037667"><ele>40.0</ele><time>2026-08-29T07:08:16.086Z</time></trkpt><trkpt lat="52.33515667" lon="13.00034"><ele>39.0</ele><time>2026-08-29T07:08:17.086Z</time></trkpt><trkpt lat="52.335135" lon="13.00029833"><ele>39.0</ele><time>2026-08-29T07:08:18.086Z</time></trkpt><trkpt lat="52.33511833" lon="13.000265"><ele>39.0</ele><time>2026-08-29T07:08:19.086Z</time></trkpt><trkpt lat="52.33509833" lon="13.000225"><ele>39.0</ele><time>2026-08-29T07:08:20.086Z</time></trkpt><trkpt lat="52.335075" lon="13.00019"><ele>39.0</ele><time>2026-08-29T07:08:21.086Z</time></trkpt><trkpt lat="52.33505167" lon="13.000155"><ele>38.0</ele><time>2026-08-29T07:08:22.086Z</time></trkpt><trkpt lat="52.33502667" lon="13.00012"><ele>38.0</ele><time>2026-08-29T07:08:23.086Z</time></trkpt><trkpt lat="52.33501333" lon="13.00009333"><ele>39.0</ele><time>2026-08-29T07:08:24.086Z</time></trkpt><trkpt lat="52.334995" lon="13.00005667"><ele>39.0</ele><time>2026-08-29T07:08:25.086Z</time></trkpt><trkpt lat="52.33497667" lon="13.00002167"><ele>39.0</ele><time>2026-08-29T07:08:26.086Z</time></trkpt><trkpt lat="52.33495667" lon="12.99998667"><ele>39.0</ele><time>2026-08-29T07:08:27.086Z</time></trkpt><trkpt lat="52.33494" lon="12.99995833"><ele>39.0</ele><time>2026-08-29T07:08:28.086Z</time></trkpt><trkpt lat="52.33491833" lon="12.999915"><ele>39.0</ele><time>2026-08-29T07:08:29.086Z</time></trkpt><trkpt lat="52.33489833" lon="12.99987167"><ele>39.0</ele><time>2026-08-29T07:08:30.086Z</time></trkpt><trkpt lat="52.33487667" lon="12.99982833"><ele>39.0</ele><time>2026-08-29T07:08:31.086Z</time></trkpt><trkpt lat="52.334855" lon="12.99978167"><ele>38.0</ele><time>2026-08-29T07:08:32.086Z</time></trkpt><trkpt lat="52.33483167" lon="12.99973"><ele>38.0</ele><time>2026-08-29T07:08:33.086Z</time></trkpt><trkpt lat="52.33480833" lon="12.999685"><ele>38.0</ele><time>2026-08-29T07:08:34.086Z</time></trkpt><trkpt lat="52.334785" lon="12.999645"><ele>38.0</ele><time>2026-08-29T07:08:35.086Z</time></trkpt><trkpt lat="52.33476833" lon="12.99961167"><ele>38.0</ele><time>2026-08-29T07:08:36.086Z</time></trkpt><trkpt lat="52.33474667" lon="12.99956167"><ele>38.0</ele><time>2026-08-29T07:08:37.086Z</time></trkpt><trkpt lat="52.33473167" lon="12.999525"><ele>38.0</ele><time>2026-08-29T07:08:38.086Z</time></trkpt><trkpt lat="52.33471667" lon="12.99949167"><ele>38.0</ele><time>2026-08-29T07:08:39.086Z</time></trkpt><trkpt lat="52.33470167" lon="12.99946333"><ele>38.0</ele><time>2026-08-29T07:08:40.086Z</time></trkpt><trkpt lat="52.33468667" lon="12.999435"><ele>38.0</ele><time>2026-08-29T07:08:41.086Z</time></trkpt><trkpt lat="52.33467" lon="12.99939833"><ele>38.0</ele><time>2026-08-29T07:08:42.086Z</time></trkpt><trkpt lat="52.33465833" lon="12.99936667"><ele>39.0</ele><time>2026-08-29T07:08:43.086Z</time></trkpt><trkpt lat="52.33464667" lon="12.99933167"><ele>39.0</ele><time>2026-08-29T07:08:44.086Z</time></trkpt><trkpt lat="52.33463333" lon="12.999295"><ele>40.0</ele><time>2026-08-29T07:08:45.086Z</time></trkpt><trkpt lat="52.33462167" lon="12.99926333"><ele>40.0</ele><time>2026-08-29T07:08:46.086Z</time></trkpt><trkpt lat="52.33460667" lon="12.99922167"><ele>40.0</ele><time>2026-08-29T07:08:47.086Z</time></trkpt><trkpt lat="52.33458" lon="12.99915333"><ele>40.0</ele><time>2026-08-29T07:08:48.086Z</time></trkpt><trkpt lat="52.33455833" lon="12.99909"><ele>41.0</ele><time>2026-08-29T07:08:49.086Z</time></trkpt><trkpt lat="52.33454333" lon="12.99903333"><ele>41.0</ele><time>2026-08-29T07:08:50.086Z</time></trkpt><trkpt lat="52.33453333" lon="12.99898"><ele>41.0</ele><time>2026-08-29T07:08:51.086Z</time></trkpt><trkpt lat="52.334525" lon="12.99893"><ele>41.0</ele><time>2026-08-29T07:08:52.086Z</time></trkpt><trkpt lat="52.33451667" lon="12.998885"><ele>41.0</ele><time>2026-08-29T07:08:53.086Z</time></trkpt><trkpt lat="52.33450833" lon="12.99885333"><ele>41.0</ele><time>2026-08-29T07:08:54.086Z</time></trkpt><trkpt lat="52.33449333" lon="12.99881333"><ele>41.0</ele><time>2026-08-29T07:08:55.086Z</time></trkpt><trkpt lat="52.33447167" lon="12.99878"><ele>41.0</ele><time>2026-08-29T07:08:56.086Z</time></trkpt><trkpt lat="52.33444667" lon="12.99875167"><ele>41.0</ele><time>2026-08-29T07:08:57.086Z</time></trkpt><trkpt lat="52.33442167" lon="12.998725"><ele>41.0</ele><time>2026-08-29T07:08:58.086Z</time></trkpt><trkpt lat="52.33439667" lon="12.99870333"><ele>41.0</ele><time>2026-08-29T07:08:59.086Z</time></trkpt><trkpt lat="52.33437667" lon="12.99868333"><ele>41.0</ele><time>2026-08-29T07:09:00.086Z</time></trkpt><trkpt lat="52.334355" lon="12.99866667"><ele>41.0</ele><time>2026-08-29T07:09:01.086Z</time></trkpt><trkpt lat="52.334335" lon="12.99865333"><ele>41.0</ele><time>2026-08-29T07:09:02.086Z</time></trkpt><trkpt lat="52.33430667" lon="12.99862833"><ele>41.0</ele><time>2026-08-29T07:09:03.086Z</time></trkpt><trkpt lat="52.33428167" lon="12.99860667"><ele>42.0</ele><time>2026-08-29T07:09:04.086Z</time></trkpt><trkpt lat="52.33426" lon="12.998585"><ele>42.0</ele><time>2026-08-29T07:09:05.086Z</time></trkpt><trkpt lat="52.33424" lon="12.99857333"><ele>42.0</ele><time>2026-08-29T07:09:06.086Z</time></trkpt><trkpt lat="52.33421667" lon="12.99856833"><ele>42.0</ele><time>2026-08-29T07:09:07.086Z</time></trkpt><trkpt lat="52.33418833" lon="12.99856667"><ele>43.0</ele><time>2026-08-29T07:09:08.086Z</time></trkpt><trkpt lat="52.33415833" lon="12.99856667"><ele>43.0</ele><time>2026-08-29T07:09:09.086Z</time></trkpt><trkpt lat="52.33412667" lon="12.99856167"><ele>43.0</ele><time>2026-08-29T07:09:10.086Z</time></trkpt><trkpt lat="52.33409667" lon="12.99855667"><ele>44.0</ele><time>2026-08-29T07:09:11.086Z</time></trkpt><trkpt lat="52.334065" lon="12.99854667"><ele>44.0</ele><time>2026-08-29T07:09:12.086Z</time></trkpt><trkpt lat="52.334035" lon="12.99853"><ele>44.0</ele><time>2026-08-29T07:09:13.086Z</time></trkpt><trkpt lat="52.334005" lon="12.99850667"><ele>45.0</ele><time>2026-08-29T07:09:14.086Z</time></trkpt><trkpt lat="52.33397333" lon="12.99847667"><ele>45.0</ele><time>2026-08-29T07:09:15.086Z</time></trkpt><trkpt lat="52.333945" lon="12.99844667"><ele>45.0</ele><time>2026-08-29T07:09:16.086Z</time></trkpt><trkpt lat="52.333915" lon="12.998415"><ele>46.0</ele><time>2026-08-29T07:09:17.086Z</time></trkpt><trkpt lat="52.33389167" lon="12.99839"><ele>46.0</ele><time>2026-08-29T07:09:18.086Z</time></trkpt><trkpt lat="52.33386833" lon="12.99836667"><ele>46.0</ele><time>2026-08-29T07:09:19.086Z</time></trkpt><trkpt lat="52.33383833" lon="12.99834167"><ele>46.0</ele><time>2026-08-29T07:09:20.086Z</time></trkpt><trkpt lat="52.333815" lon="12.998325"><ele>47.0</ele><time>2026-08-29T07:09:21.086Z</time></trkpt><trkpt lat="52.33379167" lon="12.998305"><ele>47.0</ele><time>2026-08-29T07:09:22.086Z</time></trkpt><trkpt lat="52.33377167" lon="12.99828167"><ele>47.0</ele><time>2026-08-29T07:09:23.086Z</time></trkpt><trkpt lat="52.33374667" lon="12.99825667"><ele>47.0</ele><time>2026-08-29T07:09:24.086Z</time></trkpt><trkpt lat="52.333725" lon="12.99823"><ele>47.0</ele><time>2026-08-29T07:09:25.086Z</time></trkpt><trkpt lat="52.333705" lon="12.99818833"><ele>48.0</ele><time>2026-08-29T07:09:26.086Z</time></trkpt><trkpt lat="52.33369167" lon="12.99814333"><ele>48.0</ele><time>2026-08-29T07:09:27.086Z</time></trkpt><trkpt lat="52.33367667" lon="12.99809667"><ele>48.0</ele><time>2026-08-29T07:09:28.086Z</time></trkpt><trkpt lat="52.33366167" lon="12.99805167"><ele>48.0</ele><time>2026-08-29T07:09:29.086Z</time></trkpt><trkpt lat="52.33365" lon="12.99801333"><ele>48.0</ele><time>2026-08-29T07:09:30.086Z</time></trkpt><trkpt lat="52.33363833" lon="12.997975"><ele>48.0</ele><time>2026-08-29T07:09:31.086Z</time></trkpt><trkpt lat="52.33362833" lon="12.99793667"><ele>48.0</ele><time>2026-08-29T07:09:32.086Z</time></trkpt><trkpt lat="52.33362" lon="12.9979"><ele>49.0</ele><time>2026-08-29T07:09:33.086Z</time></trkpt><trkpt lat="52.33361" lon="12.99786333"><ele>49.0</ele><time>2026-08-29T07:09:34.086Z</time></trkpt><trkpt lat="52.3336" lon="12.99782833"><ele>49.0</ele><time>2026-08-29T07:09:35.086Z</time></trkpt><trkpt lat="52.33358833" lon="12.99779833"><ele>49.0</ele><time>2026-08-29T07:09:36.086Z</time></trkpt><trkpt lat="52.33357667" lon="12.99777333"><ele>49.0</ele><time>2026-08-29T07:09:37.086Z</time></trkpt><trkpt lat="52.333565" lon="12.99775833"><ele>49.0</ele><time>2026-08-29T07:09:38.086Z</time></trkpt><trkpt lat="52.33355" lon="12.99774333"><ele>49.0</ele><time>2026-08-29T07:09:39.086Z</time></trkpt><trkpt lat="52.33353333" lon="12.99772833"><ele>49.0</ele><time>2026-08-29T07:09:40.086Z</time></trkpt><trkpt lat="52.33350833" lon="12.99769667"><ele>49.0</ele><time>2026-08-29T07:09:41.086Z</time></trkpt><trkpt lat="52.33348333" lon="12.99767"><ele>49.0</ele><time>2026-08-29T07:09:42.086Z</time></trkpt><trkpt lat="52.33345667" lon="12.99764833"><ele>49.0</ele><time>2026-08-29T07:09:43.086Z</time></trkpt><trkpt lat="52.33342333" lon="12.99762833"><ele>49.0</ele><time>2026-08-29T07:09:44.086Z</time></trkpt><trkpt lat="52.33339333" lon="12.997605"><ele>49.0</ele><time>2026-08-29T07:09:45.086Z</time></trkpt><trkpt lat="52.33336167" lon="12.99758333"><ele>50.0</ele><time>2026-08-29T07:09:46.086Z</time></trkpt><trkpt lat="52.33333333" lon="12.99756667"><ele>50.0</ele><time>2026-08-29T07:09:47.086Z</time></trkpt><trkpt lat="52.33331" lon="12.99755667"><ele>50.0</ele><time>2026-08-29T07:09:48.086Z</time></trkpt><trkpt lat="52.333275" lon="12.99754333"><ele>50.0</ele><time>2026-08-29T07:09:49.086Z</time></trkpt><trkpt lat="52.33324333" lon="12.99753667"><ele>50.0</ele><time>2026-08-29T07:09:50.086Z</time></trkpt><trkpt lat="52.33321167" lon="12.99752833"><ele>51.0</ele><time>2026-08-29T07:09:51.086Z</time></trkpt><trkpt lat="52.33318" lon="12.997515"><ele>51.0</ele><time>2026-08-29T07:09:52.086Z</time></trkpt><trkpt lat="52.33315" lon="12.99750667"><ele>51.0</ele><time>2026-08-29T07:09:53.086Z</time></trkpt><trkpt lat="52.33311333" lon="12.99749333"><ele>52.0</ele><time>2026-08-29T07:09:54.086Z</time></trkpt><trkpt lat="52.333085" lon="12.99747667"><ele>52.0</ele><time>2026-08-29T07:09:55.086Z</time></trkpt><trkpt lat="52.33306" lon="12.99745833"><ele>52.0</ele><time>2026-08-29T07:09:56.086Z</time></trkpt><trkpt lat="52.33303833" lon="12.99744167"><ele>53.0</ele><time>2026-08-29T07:09:57.086Z</time></trkpt><trkpt lat="52.33302333" lon="12.997425"><ele>53.0</ele><time>2026-08-29T07:09:58.086Z</time></trkpt><trkpt lat="52.33300833" lon="12.99740667"><ele>53.0</ele><time>2026-08-29T07:09:59.086Z</time></trkpt><trkpt lat="52.33298667" lon="12.997385"><ele>53.0</ele><time>2026-08-29T07:10:00.086Z</time></trkpt><trkpt lat="52.33296333" lon="12.99736667"><ele>53.0</ele><time>2026-08-29T07:10:01.086Z</time></trkpt><trkpt lat="52.33294167" lon="12.99734667"><ele>53.0</ele><time>2026-08-29T07:10:02.086Z</time></trkpt><trkpt lat="52.33292167" lon="12.997325"><ele>53.0</ele><time>2026-08-29T07:10:03.086Z</time></trkpt><trkpt lat="52.33290167" lon="12.997295"><ele>53.0</ele><time>2026-08-29T07:10:04.086Z</time></trkpt><trkpt lat="52.33287833" lon="12.997265"><ele>53.0</ele><time>2026-08-29T07:10:05.086Z</time></trkpt><trkpt lat="52.33285667" lon="12.997235"><ele>53.0</ele><time>2026-08-29T07:10:06.086Z</time></trkpt><trkpt lat="52.332845" lon="12.99720667"><ele>53.0</ele><time>2026-08-29T07:10:07.086Z</time></trkpt><trkpt lat="52.33283333" lon="12.99718167"><ele>53.0</ele><time>2026-08-29T07:10:08.086Z</time></trkpt><trkpt lat="52.33282" lon="12.997155"><ele>53.0</ele><time>2026-08-29T07:10:09.086Z</time></trkpt><trkpt lat="52.332805" lon="12.99713333"><ele>53.0</ele><time>2026-08-29T07:10:10.086Z</time></trkpt><trkpt lat="52.332785" lon="12.997115"><ele>53.0</ele><time>2026-08-29T07:10:11.086Z</time></trkpt><trkpt lat="52.33276167" lon="12.99709"><ele>53.0</ele><time>2026-08-29T07:10:12.086Z</time></trkpt><trkpt lat="52.33274167" lon="12.99706333"><ele>53.0</ele><time>2026-08-29T07:10:13.086Z</time></trkpt><trkpt lat="52.33272167" lon="12.99704167"><ele>53.0</ele><time>2026-08-29T07:10:14.086Z</time></trkpt><trkpt lat="52.3327" lon="12.99701667"><ele>53.0</ele><time>2026-08-29T07:10:15.086Z</time></trkpt><trkpt lat="52.33267833" lon="12.99698"><ele>53.0</ele><time>2026-08-29T07:10:16.086Z</time></trkpt><trkpt lat="52.33265667" lon="12.99694167"><ele>53.0</ele><time>2026-08-29T07:10:17.086Z</time></trkpt><trkpt lat="52.332635" lon="12.99690833"><ele>53.0</ele><time>2026-08-29T07:10:18.086Z</time></trkpt><trkpt lat="52.33261" lon="12.996875"><ele>53.0</ele><time>2026-08-29T07:10:19.086Z</time></trkpt><trkpt lat="52.33258667" lon="12.99684"><ele>53.0</ele><time>2026-08-29T07:10:20.086Z</time></trkpt><trkpt lat="52.33256" lon="12.99680333"><ele>53.0</ele><time>2026-08-29T07:10:21.086Z</time></trkpt><trkpt lat="52.33253333" lon="12.99676667"><ele>53.0</ele><time>2026-08-29T07:10:22.086Z</time></trkpt><trkpt lat="52.33251" lon="12.99674"><ele>53.0</ele><time>2026-08-29T07:10:23.086Z</time></trkpt><trkpt lat="52.33248667" lon="12.99670667"><ele>53.0</ele><time>2026-08-29T07:10:24.086Z</time></trkpt><trkpt lat="52.33246167" lon="12.99667"><ele>53.0</ele><time>2026-08-29T07:10:25.086Z</time></trkpt><trkpt lat="52.33243667" lon="12.99663167"><ele>53.0</ele><time>2026-08-29T07:10:26.086Z</time></trkpt><trkpt lat="52.33241167" lon="12.99658333"><ele>54.0</ele><time>2026-08-29T07:10:27.086Z</time></trkpt><trkpt lat="52.33239" lon="12.99654833"><ele>54.0</ele><time>2026-08-29T07:10:28.086Z</time></trkpt><trkpt lat="52.33237167" lon="12.99651833"><ele>54.0</ele><time>2026-08-29T07:10:29.086Z</time></trkpt><trkpt lat="52.33235333" lon="12.99649333"><ele>54.0</ele><time>2026-08-29T07:10:30.086Z</time></trkpt><trkpt lat="52.33233833" lon="12.99646667"><ele>54.0</ele><time>2026-08-29T07:10:31.086Z</time></trkpt><trkpt lat="52.33232333" lon="12.99643667"><ele>53.0</ele><time>2026-08-29T07:10:32.086Z</time></trkpt><trkpt lat="52.33230667" lon="12.99641"><ele>53.0</ele><time>2026-08-29T07:10:33.086Z</time></trkpt><trkpt lat="52.33229" lon="12.99639"><ele>53.0</ele><time>2026-08-29T07:10:34.086Z</time></trkpt><trkpt lat="52.33227667" lon="12.996375"><ele>52.0</ele><time>2026-08-29T07:10:35.086Z</time></trkpt><trkpt lat="52.33225333" lon="12.996355"><ele>52.0</ele><time>2026-08-29T07:10:36.086Z</time></trkpt><trkpt lat="52.33223333" lon="12.99633667"><ele>52.0</ele><time>2026-08-29T07:10:37.086Z</time></trkpt><trkpt lat="52.33221333" lon="12.99631667"><ele>52.0</ele><time>2026-08-29T07:10:38.086Z</time></trkpt><trkpt lat="52.332195" lon="12.99629667"><ele>52.0</ele><time>2026-08-29T07:10:39.086Z</time></trkpt><trkpt lat="52.33218167" lon="12.99627833"><ele>52.0</ele><time>2026-08-29T07:10:40.086Z</time></trkpt><trkpt lat="52.33216167" lon="12.99625"><ele>52.0</ele><time>2026-08-29T07:10:41.086Z</time></trkpt><trkpt lat="52.33214167" lon="12.996225"><ele>52.0</ele><time>2026-08-29T07:10:42.086Z</time></trkpt><trkpt lat="52.33212333" lon="12.99619667"><ele>52.0</ele><time>2026-08-29T07:10:43.086Z</time></trkpt><trkpt lat="52.332105" lon="12.99616667"><ele>52.0</ele><time>2026-08-29T07:10:44.086Z</time></trkpt><trkpt lat="52.33208167" lon="12.99613667"><ele>53.0</ele><time>2026-08-29T07:10:45.086Z</time></trkpt><trkpt lat="52.33205833" lon="12.99610333"><ele>53.0</ele><time>2026-08-29T07:10:46.086Z</time></trkpt><trkpt lat="52.33203667" lon="12.99607667"><ele>53.0</ele><time>2026-08-29T07:10:47.086Z</time></trkpt><trkpt lat="52.332015" lon="12.99604667"><ele>53.0</ele><time>2026-08-29T07:10:48.086Z</time></trkpt><trkpt lat="52.33199167" lon="12.99601667"><ele>53.0</ele><time>2026-08-29T07:10:49.086Z</time></trkpt><trkpt lat="52.33196833" lon="12.99598333"><ele>53.0</ele><time>2026-08-29T07:10:50.086Z</time></trkpt><trkpt lat="52.33195333" lon="12.995945"><ele>53.0</ele><time>2026-08-29T07:10:51.086Z</time></trkpt><trkpt lat="52.33194167" lon="12.995895"><ele>53.0</ele><time>2026-08-29T07:10:52.086Z</time></trkpt><trkpt lat="52.33193833" lon="12.99584833"><ele>53.0</ele><time>2026-08-29T07:10:53.086Z</time></trkpt><trkpt lat="52.33193667" lon="12.99577833"><ele>53.0</ele><time>2026-08-29T07:10:54.086Z</time></trkpt><trkpt lat="52.33192833" lon="12.99570667"><ele>53.0</ele><time>2026-08-29T07:10:55.086Z</time></trkpt><trkpt lat="52.33192833" lon="12.99563167"><ele>53.0</ele><time>2026-08-29T07:10:56.086Z</time></trkpt><trkpt lat="52.33193167" lon="12.99557167"><ele>53.0</ele><time>2026-08-29T07:10:57.086Z</time></trkpt><trkpt lat="52.33193333" lon="12.99551667"><ele>53.0</ele><time>2026-08-29T07:10:58.086Z</time></trkpt><trkpt lat="52.33193333" lon="12.99545833"><ele>53.0</ele><time>2026-08-29T07:10:59.086Z</time></trkpt><trkpt lat="52.33193333" lon="12.99540667"><ele>53.0</ele><time>2026-08-29T07:11:00.086Z</time></trkpt><trkpt lat="52.331935" lon="12.99536"><ele>53.0</ele><time>2026-08-29T07:11:01.086Z</time></trkpt><trkpt lat="52.33193833" lon="12.99532167"><ele>53.0</ele><time>2026-08-29T07:11:02.086Z</time></trkpt><trkpt lat="52.33194" lon="12.995285"><ele>53.0</ele><time>2026-08-29T07:11:03.086Z</time></trkpt><trkpt lat="52.331945" lon="12.995245"><ele>54.0</ele><time>2026-08-29T07:11:04.086Z</time></trkpt><trkpt lat="52.33195167" lon="12.99519833"><ele>54.0</ele><time>2026-08-29T07:11:05.086Z</time></trkpt><trkpt lat="52.33196" lon="12.99514167"><ele>54.0</ele><time>2026-08-29T07:11:06.086Z</time></trkpt><trkpt lat="52.331965" lon="12.99507167"><ele>54.0</ele><time>2026-08-29T07:11:07.086Z</time></trkpt><trkpt lat="52.33196667" lon="12.995"><ele>54.0</ele><time>2026-08-29T07:11:08.086Z</time></trkpt><trkpt lat="52.33196333" lon="12.99493833"><ele>54.0</ele><time>2026-08-29T07:11:09.086Z</time></trkpt><trkpt lat="52.33196333" lon="12.99487833"><ele>54.0</ele><time>2026-08-29T07:11:10.086Z</time></trkpt><trkpt lat="52.33196833" lon="12.99481333"><ele>54.0</ele><time>2026-08-29T07:11:11.086Z</time></trkpt><trkpt lat="52.33197167" lon="12.994755"><ele>54.0</ele><time>2026-08-29T07:11:12.086Z</time></trkpt><trkpt lat="52.33197167" lon="12.99471333"><ele>54.0</ele><time>2026-08-29T07:11:13.086Z</time></trkpt><trkpt lat="52.33197" lon="12.99467667"><ele>55.0</ele><time>2026-08-29T07:11:14.086Z</time></trkpt><trkpt lat="52.331965" lon="12.99463667"><ele>55.0</ele><time>2026-08-29T07:11:15.086Z</time></trkpt><trkpt lat="52.33195667" lon="12.99459333"><ele>55.0</ele><time>2026-08-29T07:11:16.086Z</time></trkpt><trkpt lat="52.33195167" lon="12.99456333"><ele>55.0</ele><time>2026-08-29T07:11:17.086Z</time></trkpt><trkpt lat="52.33194167" lon="12.99453333"><ele>55.0</ele><time>2026-08-29T07:11:18.086Z</time></trkpt><trkpt lat="52.33192333" lon="12.994495"><ele>55.0</ele><time>2026-08-29T07:11:19.086Z</time></trkpt><trkpt lat="52.33189833" lon="12.99443333"><ele>55.0</ele><time>2026-08-29T07:11:20.086Z</time></trkpt><trkpt lat="52.33187667" lon="12.99437167"><ele>55.0</ele><time>2026-08-29T07:11:21.086Z</time></trkpt><trkpt lat="52.33185" lon="12.99431667"><ele>55.0</ele><time>2026-08-29T07:11:22.086Z</time></trkpt><trkpt lat="52.33181333" lon="12.99427167"><ele>55.0</ele><time>2026-08-29T07:11:23.086Z</time></trkpt><trkpt lat="52.33177667" lon="12.99423833"><ele>55.0</ele><time>2026-08-29T07:11:24.086Z</time></trkpt><trkpt lat="52.33175333" lon="12.99421167"><ele>55.0</ele><time>2026-08-29T07:11:25.086Z</time></trkpt><trkpt lat="52.33173333" lon="12.99418833"><ele>55.0</ele><time>2026-08-29T07:11:26.086Z</time></trkpt><trkpt lat="52.33172" lon="12.99414"><ele>54.0</ele><time>2026-08-29T07:11:27.086Z</time></trkpt><trkpt lat="52.33171" lon="12.99408667"><ele>54.0</ele><time>2026-08-29T07:11:28.086Z</time></trkpt><trkpt lat="52.33168333" lon="12.99403"><ele>54.0</ele><time>2026-08-29T07:11:29.086Z</time></trkpt><trkpt lat="52.331655" lon="12.993985"><ele>54.0</ele><time>2026-08-29T07:11:30.086Z</time></trkpt><trkpt lat="52.33163333" lon="12.993945"><ele>53.0</ele><time>2026-08-29T07:11:31.086Z</time></trkpt><trkpt lat="52.331605" lon="12.99389167"><ele>53.0</ele><time>2026-08-29T07:11:32.086Z</time></trkpt><trkpt lat="52.33157" lon="12.99383833"><ele>53.0</ele><time>2026-08-29T07:11:33.086Z</time></trkpt><trkpt lat="52.33154" lon="12.99376833"><ele>52.0</ele><time>2026-08-29T07:11:34.086Z</time></trkpt><trkpt lat="52.33152333" lon="12.99373"><ele>52.0</ele><time>2026-08-29T07:11:35.086Z</time></trkpt><trkpt lat="52.331505" lon="12.993695"><ele>52.0</ele><time>2026-08-29T07:11:36.086Z</time></trkpt><trkpt lat="52.33148167" lon="12.99364167"><ele>52.0</ele><time>2026-08-29T07:11:37.086Z</time></trkpt><trkpt lat="52.33146" lon="12.993595"><ele>52.0</ele><time>2026-08-29T07:11:38.086Z</time></trkpt><trkpt lat="52.33145" lon="12.99355667"><ele>52.0</ele><time>2026-08-29T07:11:39.086Z</time></trkpt><trkpt lat="52.33143167" lon="12.99349167"><ele>52.0</ele><time>2026-08-29T07:11:40.086Z</time></trkpt><trkpt lat="52.33142" lon="12.99342333"><ele>52.0</ele><time>2026-08-29T07:11:41.086Z</time></trkpt><trkpt lat="52.33141167" lon="12.99335833"><ele>52.0</ele><time>2026-08-29T07:11:42.086Z</time></trkpt><trkpt lat="52.33141" lon="12.993305"><ele>52.0</ele><time>2026-08-29T07:11:43.086Z</time></trkpt><trkpt lat="52.33140833" lon="12.99326667"><ele>52.0</ele><time>2026-08-29T07:11:44.086Z</time></trkpt><trkpt lat="52.33140667" lon="12.993225"><ele>52.0</ele><time>2026-08-29T07:11:45.086Z</time></trkpt><trkpt lat="52.33141667" lon="12.993205"><ele>52.0</ele><time>2026-08-29T07:11:46.086Z</time></trkpt><trkpt lat="52.33140833" lon="12.99316"><ele>52.0</ele><time>2026-08-29T07:11:47.086Z</time></trkpt><trkpt lat="52.33138833" lon="12.993095"><ele>52.0</ele><time>2026-08-29T07:11:48.086Z</time></trkpt><trkpt lat="52.33137667" lon="12.99303167"><ele>52.0</ele><time>2026-08-29T07:11:49.086Z</time></trkpt><trkpt lat="52.33137167" lon="12.992975"><ele>52.0</ele><time>2026-08-29T07:11:50.086Z</time></trkpt><trkpt lat="52.331365" lon="12.99291333"><ele>52.0</ele><time>2026-08-29T07:11:51.086Z</time></trkpt><trkpt lat="52.33137167" lon="12.99285833"><ele>52.0</ele><time>2026-08-29T07:11:52.086Z</time></trkpt><trkpt lat="52.33138333" lon="12.99280333"><ele>52.0</ele><time>2026-08-29T07:11:53.086Z</time></trkpt><trkpt lat="52.331385" lon="12.99274833"><ele>52.0</ele><time>2026-08-29T07:11:54.086Z</time></trkpt><trkpt lat="52.33138833" lon="12.992695"><ele>52.0</ele><time>2026-08-29T07:11:55.086Z</time></trkpt><trkpt lat="52.3314" lon="12.99265667"><ele>52.0</ele><time>2026-08-29T07:11:56.086Z</time></trkpt><trkpt lat="52.33141333" lon="12.99258833"><ele>53.0</ele><time>2026-08-29T07:11:57.086Z</time></trkpt><trkpt lat="52.33142333" lon="12.992505"><ele>53.0</ele><time>2026-08-29T07:11:58.086Z</time></trkpt><trkpt lat="52.33143333" lon="12.99245"><ele>53.0</ele><time>2026-08-29T07:11:59.086Z</time></trkpt><trkpt lat="52.33144833" lon="12.99239667"><ele>53.0</ele><time>2026-08-29T07:12:00.086Z</time></trkpt><trkpt lat="52.33146167" lon="12.99234833"><ele>53.0</ele><time>2026-08-29T07:12:01.086Z</time></trkpt><trkpt lat="52.33147667" lon="12.99230333"><ele>53.0</ele><time>2026-08-29T07:12:02.086Z</time></trkpt><trkpt lat="52.33149833" lon="12.99227333"><ele>53.0</ele><time>2026-08-29T07:12:03.086Z</time></trkpt><trkpt lat="52.33151667" lon="12.99224333"><ele>53.0</ele><time>2026-08-29T07:12:04.086Z</time></trkpt><trkpt lat="52.33153" lon="12.992205"><ele>53.0</ele><time>2026-08-29T07:12:05.086Z</time></trkpt><trkpt lat="52.331545" lon="12.992175"><ele>53.0</ele><time>2026-08-29T07:12:06.086Z</time></trkpt><trkpt lat="52.331555" lon="12.99215333"><ele>53.0</ele><time>2026-08-29T07:12:07.086Z</time></trkpt><trkpt lat="52.33155833" lon="12.99211833"><ele>53.0</ele><time>2026-08-29T07:12:08.086Z</time></trkpt><trkpt lat="52.331575" lon="12.99212333"><ele>53.0</ele><time>2026-08-29T07:12:09.086Z</time></trkpt><trkpt lat="52.33159" lon="12.99212"><ele>53.0</ele><time>2026-08-29T07:12:10.086Z</time></trkpt><trkpt lat="52.33159667" lon="12.992085"><ele>53.0</ele><time>2026-08-29T07:12:11.086Z</time></trkpt><trkpt lat="52.33160667" lon="12.99205667"><ele>53.0</ele><time>2026-08-29T07:12:12.086Z</time></trkpt><trkpt lat="52.33162" lon="12.99203333"><ele>53.0</ele><time>2026-08-29T07:12:13.086Z</time></trkpt><trkpt lat="52.33162333" lon="12.99200333"><ele>53.0</ele><time>2026-08-29T07:12:14.086Z</time></trkpt><trkpt lat="52.33163833" lon="12.99196667"><ele>52.0</ele><time>2026-08-29T07:12:15.086Z</time></trkpt><trkpt lat="52.33165" lon="12.991935"><ele>52.0</ele><time>2026-08-29T07:12:16.086Z</time></trkpt><trkpt lat="52.33165167" lon="12.991905"><ele>52.0</ele><time>2026-08-29T07:12:17.086Z</time></trkpt><trkpt lat="52.33166167" lon="12.99187"><ele>52.0</ele><time>2026-08-29T07:12:18.086Z</time></trkpt><trkpt lat="52.33166333" lon="12.99182"><ele>52.0</ele><time>2026-08-29T07:12:19.086Z</time></trkpt><trkpt lat="52.33165833" lon="12.99178167"><ele>52.0</ele><time>2026-08-29T07:12:20.086Z</time></trkpt><trkpt lat="52.33166167" lon="12.99176"><ele>53.0</ele><time>2026-08-29T07:12:21.086Z</time></trkpt><trkpt lat="52.33165667" lon="12.991735"><ele>53.0</ele><time>2026-08-29T07:12:22.086Z</time></trkpt><trkpt lat="52.331655" lon="12.99170333"><ele>53.0</ele><time>2026-08-29T07:12:23.086Z</time></trkpt><trkpt lat="52.33164833" lon="12.991675"><ele>53.0</ele><time>2026-08-29T07:12:24.086Z</time></trkpt><trkpt lat="52.331645" lon="12.991645"><ele>53.0</ele><time>2026-08-29T07:12:25.086Z</time></trkpt><trkpt lat="52.33163667" lon="12.99160667"><ele>53.0</ele><time>2026-08-29T07:12:26.086Z</time></trkpt><trkpt lat="52.33162833" lon="12.991565"><ele>53.0</ele><time>2026-08-29T07:12:27.086Z</time></trkpt><trkpt lat="52.33161667" lon="12.99152667"><ele>53.0</ele><time>2026-08-29T07:12:28.086Z</time></trkpt><trkpt lat="52.331605" lon="12.99148667"><ele>53.0</ele><time>2026-08-29T07:12:29.086Z</time></trkpt><trkpt lat="52.33159167" lon="12.99144667"><ele>53.0</ele><time>2026-08-29T07:12:30.086Z</time></trkpt><trkpt lat="52.33158" lon="12.99141"><ele>53.0</ele><time>2026-08-29T07:12:31.086Z</time></trkpt><trkpt lat="52.33155167" lon="12.99136333"><ele>53.0</ele><time>2026-08-29T07:12:32.086Z</time></trkpt><trkpt lat="52.33153833" lon="12.99133"><ele>53.0</ele><time>2026-08-29T07:12:33.086Z</time></trkpt><trkpt lat="52.33152333" lon="12.99128833"><ele>53.0</ele><time>2026-08-29T07:12:34.086Z</time></trkpt><trkpt lat="52.33151833" lon="12.99124167"><ele>53.0</ele><time>2026-08-29T07:12:35.086Z</time></trkpt><trkpt lat="52.33151667" lon="12.99119167"><ele>53.0</ele><time>2026-08-29T07:12:36.086Z</time></trkpt><trkpt lat="52.33151833" lon="12.99114333"><ele>53.0</ele><time>2026-08-29T07:12:37.086Z</time></trkpt><trkpt lat="52.33152833" lon="12.99109667"><ele>53.0</ele><time>2026-08-29T07:12:38.086Z</time></trkpt><trkpt lat="52.33152833" lon="12.99101333"><ele>53.0</ele><time>2026-08-29T07:12:39.086Z</time></trkpt><trkpt lat="52.33154167" lon="12.990955"><ele>53.0</ele><time>2026-08-29T07:12:40.086Z</time></trkpt><trkpt lat="52.331555" lon="12.99090667"><ele>53.0</ele><time>2026-08-29T07:12:41.086Z</time></trkpt><trkpt lat="52.33157" lon="12.99086167"><ele>53.0</ele><time>2026-08-29T07:12:42.086Z</time></trkpt><trkpt lat="52.33158333" lon="12.99081833"><ele>54.0</ele><time>2026-08-29T07:12:43.086Z</time></trkpt><trkpt lat="52.33159833" lon="12.99078333"><ele>54.0</ele><time>2026-08-29T07:12:44.086Z</time></trkpt><trkpt lat="52.33161333" lon="12.99074833"><ele>54.0</ele><time>2026-08-29T07:12:45.086Z</time></trkpt><trkpt lat="52.33162833" lon="12.990715"><ele>54.0</ele><time>2026-08-29T07:12:46.086Z</time></trkpt><trkpt lat="52.33164333" lon="12.990675"><ele>54.0</ele><time>2026-08-29T07:12:47.086Z</time></trkpt><trkpt lat="52.33165833" lon="12.99063333"><ele>54.0</ele><time>2026-08-29T07:12:48.086Z</time></trkpt><trkpt lat="52.33166833" lon="12.99059"><ele>54.0</ele><time>2026-08-29T07:12:49.086Z</time></trkpt><trkpt lat="52.33168333" lon="12.99055"><ele>55.0</ele><time>2026-08-29T07:12:50.086Z</time></trkpt><trkpt lat="52.33169833" lon="12.99052"><ele>55.0</ele><time>2026-08-29T07:12:51.086Z</time></trkpt><trkpt lat="52.331715" lon="12.99048667"><ele>55.0</ele><time>2026-08-29T07:12:52.086Z</time></trkpt><trkpt lat="52.33173" lon="12.99045333"><ele>55.0</ele><time>2026-08-29T07:12:53.086Z</time></trkpt><trkpt lat="52.33174667" lon="12.99042333"><ele>55.0</ele><time>2026-08-29T07:12:54.086Z</time></trkpt><trkpt lat="52.331765" lon="12.99039667"><ele>54.0</ele><time>2026-08-29T07:12:55.086Z</time></trkpt><trkpt lat="52.33178" lon="12.99036"><ele>54.0</ele><time>2026-08-29T07:12:56.086Z</time></trkpt><trkpt lat="52.33179667" lon="12.99032333"><ele>54.0</ele><time>2026-08-29T07:12:57.086Z</time></trkpt><trkpt lat="52.33180833" lon="12.99029"><ele>54.0</ele><time>2026-08-29T07:12:58.086Z</time></trkpt><trkpt lat="52.33182" lon="12.99025667"><ele>54.0</ele><time>2026-08-29T07:12:59.086Z</time></trkpt><trkpt lat="52.33184333" lon="12.990205"><ele>54.0</ele><time>2026-08-29T07:13:00.086Z</time></trkpt><trkpt lat="52.33186167" lon="12.99016"><ele>54.0</ele><time>2026-08-29T07:13:01.086Z</time></trkpt><trkpt lat="52.33187667" lon="12.99012333"><ele>54.0</ele><time>2026-08-29T07:13:02.086Z</time></trkpt><trkpt lat="52.33189333" lon="12.99008167"><ele>54.0</ele><time>2026-08-29T07:13:03.086Z</time></trkpt><trkpt lat="52.33190667" lon="12.99005333"><ele>54.0</ele><time>2026-08-29T07:13:04.086Z</time></trkpt><trkpt lat="52.331925" lon="12.99002167"><ele>55.0</ele><time>2026-08-29T07:13:05.086Z</time></trkpt><trkpt lat="52.33195167" lon="12.98998167"><ele>55.0</ele><time>2026-08-29T07:13:06.086Z</time></trkpt><trkpt lat="52.33197" lon="12.98995333"><ele>55.0</ele><time>2026-08-29T07:13:07.086Z</time></trkpt><trkpt lat="52.33199" lon="12.989925"><ele>55.0</ele><time>2026-08-29T07:13:08.086Z</time></trkpt><trkpt lat="52.33200333" lon="12.989895"><ele>55.0</ele><time>2026-08-29T07:13:09.086Z</time></trkpt><trkpt lat="52.33203167" lon="12.98985667"><ele>55.0</ele><time>2026-08-29T07:13:10.086Z</time></trkpt><trkpt lat="52.332055" lon="12.98982333"><ele>55.0</ele><time>2026-08-29T07:13:11.086Z</time></trkpt><trkpt lat="52.33207" lon="12.989795"><ele>55.0</ele><time>2026-08-29T07:13:12.086Z</time></trkpt><trkpt lat="52.33208667" lon="12.98976667"><ele>55.0</ele><time>2026-08-29T07:13:13.086Z</time></trkpt><trkpt lat="52.332095" lon="12.989745"><ele>55.0</ele><time>2026-08-29T07:13:14.086Z</time></trkpt><trkpt lat="52.33211" lon="12.98971333"><ele>55.0</ele><time>2026-08-29T07:13:15.086Z</time></trkpt><trkpt lat="52.33212333" lon="12.989685"><ele>55.0</ele><time>2026-08-29T07:13:16.086Z</time></trkpt><trkpt lat="52.33213833" lon="12.98964667"><ele>55.0</ele><time>2026-08-29T07:13:17.086Z</time></trkpt><trkpt lat="52.33215" lon="12.989615"><ele>55.0</ele><time>2026-08-29T07:13:18.086Z</time></trkpt><trkpt lat="52.33216333" lon="12.98958167"><ele>55.0</ele><time>2026-08-29T07:13:19.086Z</time></trkpt><trkpt lat="52.33215667" lon="12.98955"><ele>55.0</ele><time>2026-08-29T07:13:20.086Z</time></trkpt><trkpt lat="52.332145" lon="12.98953333"><ele>55.0</ele><time>2026-08-29T07:13:21.086Z</time></trkpt><trkpt lat="52.33213667" lon="12.98952333"><ele>55.0</ele><time>2026-08-29T07:13:22.086Z</time></trkpt><trkpt lat="52.33211667" lon="12.98951333"><ele>55.0</ele><time>2026-08-29T07:13:23.086Z</time></trkpt><trkpt lat="52.33209667" lon="12.989505"><ele>55.0</ele><time>2026-08-29T07:13:24.086Z</time></trkpt><trkpt lat="52.33207667" lon="12.989495"><ele>55.0</ele><time>2026-08-29T07:13:25.086Z</time></trkpt><trkpt lat="52.33205167" lon="12.98948333"><ele>55.0</ele><time>2026-08-29T07:13:26.086Z</time></trkpt><trkpt lat="52.33202667" lon="12.98946833"><ele>55.0</ele><time>2026-08-29T07:13:27.086Z</time></trkpt><trkpt lat="52.33200333" lon="12.98945833"><ele>55.0</ele><time>2026-08-29T07:13:28.086Z</time></trkpt><trkpt lat="52.331975" lon="12.98943667"><ele>55.0</ele><time>2026-08-29T07:13:29.086Z</time></trkpt><trkpt lat="52.33194833" lon="12.98941333"><ele>55.0</ele><time>2026-08-29T07:13:30.086Z</time></trkpt><trkpt lat="52.33191833" lon="12.989385"><ele>55.0</ele><time>2026-08-29T07:13:31.086Z</time></trkpt><trkpt lat="52.33188833" lon="12.98935833"><ele>55.0</ele><time>2026-08-29T07:13:32.086Z</time></trkpt><trkpt lat="52.33186333" lon="12.98933667"><ele>54.0</ele><time>2026-08-29T07:13:33.086Z</time></trkpt><trkpt lat="52.33184" lon="12.98932"><ele>54.0</ele><time>2026-08-29T07:13:34.086Z</time></trkpt><trkpt lat="52.33181667" lon="12.98930167"><ele>54.0</ele><time>2026-08-29T07:13:35.086Z</time></trkpt><trkpt lat="52.33179333" lon="12.98928"><ele>54.0</ele><time>2026-08-29T07:13:36.086Z</time></trkpt><trkpt lat="52.33177167" lon="12.98926"><ele>54.0</ele><time>2026-08-29T07:13:37.086Z</time></trkpt><trkpt lat="52.331745" lon="12.98923667"><ele>54.0</ele><time>2026-08-29T07:13:38.086Z</time></trkpt><trkpt lat="52.33172" lon="12.98920833"><ele>54.0</ele><time>2026-08-29T07:13:39.086Z</time></trkpt><trkpt lat="52.331695" lon="12.98918167"><ele>55.0</ele><time>2026-08-29T07:13:40.086Z</time></trkpt><trkpt lat="52.331675" lon="12.98916167"><ele>55.0</ele><time>2026-08-29T07:13:41.086Z</time></trkpt><trkpt lat="52.33164667" lon="12.98913667"><ele>55.0</ele><time>2026-08-29T07:13:42.086Z</time></trkpt><trkpt lat="52.331625" lon="12.98911833"><ele>55.0</ele><time>2026-08-29T07:13:43.086Z</time></trkpt><trkpt lat="52.331605" lon="12.9891"><ele>55.0</ele><time>2026-08-29T07:13:44.086Z</time></trkpt><trkpt lat="52.33158167" lon="12.98908167"><ele>55.0</ele><time>2026-08-29T07:13:45.086Z</time></trkpt><trkpt lat="52.33156167" lon="12.98906167"><ele>55.0</ele><time>2026-08-29T07:13:46.086Z</time></trkpt><trkpt lat="52.33154" lon="12.98904"><ele>55.0</ele><time>2026-08-29T07:13:47.086Z</time></trkpt><trkpt lat="52.33151667" lon="12.989015"><ele>55.0</ele><time>2026-08-29T07:13:48.086Z</time></trkpt><trkpt lat="52.331495" lon="12.98899"><ele>55.0</ele><time>2026-08-29T07:13:49.086Z</time></trkpt><trkpt lat="52.33147333" lon="12.98896333"><ele>55.0</ele><time>2026-08-29T07:13:50.086Z</time></trkpt><trkpt lat="52.33145" lon="12.98893667"><ele>55.0</ele><time>2026-08-29T07:13:51.086Z</time></trkpt><trkpt lat="52.33142667" lon="12.98891167"><ele>55.0</ele><time>2026-08-29T07:13:52.086Z</time></trkpt><trkpt lat="52.33140333" lon="12.988885"><ele>55.0</ele><time>2026-08-29T07:13:53.086Z</time></trkpt><trkpt lat="52.33138333" lon="12.98885667"><ele>56.0</ele><time>2026-08-29T07:13:54.086Z</time></trkpt><trkpt lat="52.331365" lon="12.988825"><ele>56.0</ele><time>2026-08-29T07:13:55.086Z</time></trkpt><trkpt lat="52.331345" lon="12.988795"><ele>56.0</ele><time>2026-08-29T07:13:56.086Z</time></trkpt><trkpt lat="52.33131833" lon="12.98876167"><ele>56.0</ele><time>2026-08-29T07:13:57.086Z</time></trkpt><trkpt lat="52.33129333" lon="12.98873167"><ele>56.0</ele><time>2026-08-29T07:13:58.086Z</time></trkpt><trkpt lat="52.33126833" lon="12.98870167"><ele>56.0</ele><time>2026-08-29T07:13:59.086Z</time></trkpt><trkpt lat="52.33124333" lon="12.98867167"><ele>56.0</ele><time>2026-08-29T07:14:00.086Z</time></trkpt><trkpt lat="52.33122" lon="12.98864333"><ele>56.0</ele><time>2026-08-29T07:14:01.086Z</time></trkpt><trkpt lat="52.33118333" lon="12.988615"><ele>56.0</ele><time>2026-08-29T07:14:02.086Z</time></trkpt><trkpt lat="52.331145" lon="12.98858167"><ele>56.0</ele><time>2026-08-29T07:14:03.086Z</time></trkpt><trkpt lat="52.33111333" lon="12.988555"><ele>56.0</ele><time>2026-08-29T07:14:04.086Z</time></trkpt><trkpt lat="52.33108167" lon="12.98852833"><ele>56.0</ele><time>2026-08-29T07:14:05.086Z</time></trkpt><trkpt lat="52.33105833" lon="12.98850167"><ele>56.0</ele><time>2026-08-29T07:14:06.086Z</time></trkpt><trkpt lat="52.33104" lon="12.98846"><ele>56.0</ele><time>2026-08-29T07:14:07.086Z</time></trkpt><trkpt lat="52.33101833" lon="12.98842"><ele>56.0</ele><time>2026-08-29T07:14:08.086Z</time></trkpt><trkpt lat="52.330995" lon="12.98839333"><ele>56.0</ele><time>2026-08-29T07:14:09.086Z</time></trkpt><trkpt lat="52.33097333" lon="12.98837167"><ele>56.0</ele><time>2026-08-29T07:14:10.086Z</time></trkpt><trkpt lat="52.33095" lon="12.98834833"><ele>55.0</ele><time>2026-08-29T07:14:11.086Z</time></trkpt><trkpt lat="52.33092833" lon="12.98832833"><ele>55.0</ele><time>2026-08-29T07:14:12.086Z</time></trkpt><trkpt lat="52.33090833" lon="12.98831"><ele>55.0</ele><time>2026-08-29T07:14:13.086Z</time></trkpt><trkpt lat="52.33088167" lon="12.988285"><ele>55.0</ele><time>2026-08-29T07:14:14.086Z</time></trkpt><trkpt lat="52.33085667" lon="12.98826333"><ele>55.0</ele><time>2026-08-29T07:14:15.086Z</time></trkpt><trkpt lat="52.33083167" lon="12.98823833"><ele>55.0</ele><time>2026-08-29T07:14:16.086Z</time></trkpt><trkpt lat="52.33081" lon="12.98821833"><ele>55.0</ele><time>2026-08-29T07:14:17.086Z</time></trkpt><trkpt lat="52.33078833" lon="12.98819667"><ele>55.0</ele><time>2026-08-29T07:14:18.086Z</time></trkpt><trkpt lat="52.33076333" lon="12.98817333"><ele>55.0</ele><time>2026-08-29T07:14:19.086Z</time></trkpt><trkpt lat="52.33074" lon="12.98815167"><ele>55.0</ele><time>2026-08-29T07:14:20.086Z</time></trkpt><trkpt lat="52.33071667" lon="12.98813167"><ele>55.0</ele><time>2026-08-29T07:14:21.086Z</time></trkpt><trkpt lat="52.33069333" lon="12.98810833"><ele>55.0</ele><time>2026-08-29T07:14:22.086Z</time></trkpt><trkpt lat="52.33067167" lon="12.98808667"><ele>55.0</ele><time>2026-08-29T07:14:23.086Z</time></trkpt><trkpt lat="52.33065333" lon="12.98806833"><ele>55.0</ele><time>2026-08-29T07:14:24.086Z</time></trkpt><trkpt lat="52.33062333" lon="12.98805333"><ele>54.0</ele><time>2026-08-29T07:14:25.086Z</time></trkpt><trkpt lat="52.33059167" lon="12.98802667"><ele>54.0</ele><time>2026-08-29T07:14:26.086Z</time></trkpt><trkpt lat="52.33056" lon="12.987995"><ele>54.0</ele><time>2026-08-29T07:14:27.086Z</time></trkpt><trkpt lat="52.33053667" lon="12.98797"><ele>54.0</ele><time>2026-08-29T07:14:28.086Z</time></trkpt><trkpt lat="52.33050833" lon="12.98793667"><ele>54.0</ele><time>2026-08-29T07:14:29.086Z</time></trkpt><trkpt lat="52.330485" lon="12.98791167"><ele>54.0</ele><time>2026-08-29T07:14:30.086Z</time></trkpt><trkpt lat="52.33046167" lon="12.98788"><ele>54.0</ele><time>2026-08-29T07:14:31.086Z</time></trkpt><trkpt lat="52.33044167" lon="12.987855"><ele>54.0</ele><time>2026-08-29T07:14:32.086Z</time></trkpt><trkpt lat="52.33042333" lon="12.98783167"><ele>54.0</ele><time>2026-08-29T07:14:33.086Z</time></trkpt><trkpt lat="52.330405" lon="12.987815"><ele>54.0</ele><time>2026-08-29T07:14:34.086Z</time></trkpt><trkpt lat="52.33038333" lon="12.98778667"><ele>53.0</ele><time>2026-08-29T07:14:35.086Z</time></trkpt><trkpt lat="52.33036333" lon="12.98776167"><ele>53.0</ele><time>2026-08-29T07:14:36.087Z</time></trkpt><trkpt lat="52.33034333" lon="12.98773667"><ele>53.0</ele><time>2026-08-29T07:14:37.086Z</time></trkpt><trkpt lat="52.33032333" lon="12.98771167"><ele>53.0</ele><time>2026-08-29T07:14:38.086Z</time></trkpt><trkpt lat="52.33030167" lon="12.98768333"><ele>52.0</ele><time>2026-08-29T07:14:39.086Z</time></trkpt><trkpt lat="52.33028" lon="12.98766"><ele>52.0</ele><time>2026-08-29T07:14:40.086Z</time></trkpt><trkpt lat="52.33026" lon="12.98763667"><ele>52.0</ele><time>2026-08-29T07:14:41.086Z</time></trkpt><trkpt lat="52.33023833" lon="12.987615"><ele>52.0</ele><time>2026-08-29T07:14:42.086Z</time></trkpt><trkpt lat="52.330215" lon="12.98759167"><ele>52.0</ele><time>2026-08-29T07:14:43.086Z</time></trkpt><trkpt lat="52.33018667" lon="12.98756833"><ele>52.0</ele><time>2026-08-29T07:14:44.086Z</time></trkpt><trkpt lat="52.330155" lon="12.98755167"><ele>52.0</ele><time>2026-08-29T07:14:45.086Z</time></trkpt><trkpt lat="52.33012333" lon="12.98753667"><ele>52.0</ele><time>2026-08-29T07:14:46.086Z</time></trkpt><trkpt lat="52.33009333" lon="12.98752"><ele>52.0</ele><time>2026-08-29T07:14:47.086Z</time></trkpt><trkpt lat="52.33006333" lon="12.98749333"><ele>52.0</ele><time>2026-08-29T07:14:48.086Z</time></trkpt><trkpt lat="52.33003167" lon="12.98746667"><ele>52.0</ele><time>2026-08-29T07:14:49.086Z</time></trkpt><trkpt lat="52.33001333" lon="12.98745"><ele>53.0</ele><time>2026-08-29T07:14:50.086Z</time></trkpt><trkpt lat="52.32998833" lon="12.98742833"><ele>53.0</ele><time>2026-08-29T07:14:51.086Z</time></trkpt><trkpt lat="52.32996833" lon="12.98740333"><ele>53.0</ele><time>2026-08-29T07:14:52.086Z</time></trkpt><trkpt lat="52.32994167" lon="12.98737333"><ele>53.0</ele><time>2026-08-29T07:14:53.086Z</time></trkpt><trkpt lat="52.32991" lon="12.98734333"><ele>53.0</ele><time>2026-08-29T07:14:54.086Z</time></trkpt><trkpt lat="52.32988333" lon="12.987305"><ele>53.0</ele><time>2026-08-29T07:14:55.086Z</time></trkpt><trkpt lat="52.32985833" lon="12.98727"><ele>53.0</ele><time>2026-08-29T07:14:56.086Z</time></trkpt><trkpt lat="52.32983167" lon="12.98723667"><ele>53.0</ele><time>2026-08-29T07:14:57.086Z</time></trkpt><trkpt lat="52.32980667" lon="12.98721167"><ele>53.0</ele><time>2026-08-29T07:14:58.086Z</time></trkpt><trkpt lat="52.32978833" lon="12.98719333"><ele>53.0</ele><time>2026-08-29T07:14:59.086Z</time></trkpt><trkpt lat="52.32976" lon="12.98716333"><ele>52.0</ele><time>2026-08-29T07:15:00.086Z</time></trkpt><trkpt lat="52.32973833" lon="12.98713833"><ele>52.0</ele><time>2026-08-29T07:15:01.086Z</time></trkpt><trkpt lat="52.32971333" lon="12.98711333"><ele>52.0</ele><time>2026-08-29T07:15:02.086Z</time></trkpt><trkpt lat="52.32969333" lon="12.98709167"><ele>52.0</ele><time>2026-08-29T07:15:03.086Z</time></trkpt><trkpt lat="52.329665" lon="12.98706667"><ele>52.0</ele><time>2026-08-29T07:15:04.086Z</time></trkpt><trkpt lat="52.32964" lon="12.987045"><ele>52.0</ele><time>2026-08-29T07:15:05.086Z</time></trkpt><trkpt lat="52.32961833" lon="12.98702667"><ele>52.0</ele><time>2026-08-29T07:15:06.086Z</time></trkpt><trkpt lat="52.32959333" lon="12.987005"><ele>52.0</ele><time>2026-08-29T07:15:07.086Z</time></trkpt><trkpt lat="52.32956167" lon="12.98698167"><ele>52.0</ele><time>2026-08-29T07:15:08.086Z</time></trkpt><trkpt lat="52.32954167" lon="12.986965"><ele>52.0</ele><time>2026-08-29T07:15:09.086Z</time></trkpt><trkpt lat="52.32951167" lon="12.98693833"><ele>52.0</ele><time>2026-08-29T07:15:10.086Z</time></trkpt><trkpt lat="52.32949" lon="12.98691667"><ele>52.0</ele><time>2026-08-29T07:15:11.086Z</time></trkpt><trkpt lat="52.32947167" lon="12.98689833"><ele>53.0</ele><time>2026-08-29T07:15:12.086Z</time></trkpt><trkpt lat="52.329445" lon="12.98686833"><ele>53.0</ele><time>2026-08-29T07:15:13.086Z</time></trkpt><trkpt lat="52.32942333" lon="12.98684333"><ele>53.0</ele><time>2026-08-29T07:15:14.086Z</time></trkpt><trkpt lat="52.32940167" lon="12.98681833"><ele>53.0</ele><time>2026-08-29T07:15:15.086Z</time></trkpt><trkpt lat="52.32937667" lon="12.986795"><ele>53.0</ele><time>2026-08-29T07:15:16.086Z</time></trkpt><trkpt lat="52.32935167" lon="12.98677167"><ele>54.0</ele><time>2026-08-29T07:15:17.086Z</time></trkpt><trkpt lat="52.32933167" lon="12.98675167"><ele>54.0</ele><time>2026-08-29T07:15:18.086Z</time></trkpt><trkpt lat="52.32930333" lon="12.98671833"><ele>53.0</ele><time>2026-08-29T07:15:19.086Z</time></trkpt><trkpt lat="52.32927667" lon="12.98669333"><ele>53.0</ele><time>2026-08-29T07:15:20.086Z</time></trkpt><trkpt lat="52.32925833" lon="12.986675"><ele>53.0</ele><time>2026-08-29T07:15:21.086Z</time></trkpt><trkpt lat="52.32923667" lon="12.98665"><ele>53.0</ele><time>2026-08-29T07:15:22.086Z</time></trkpt><trkpt lat="52.32921333" lon="12.98662"><ele>53.0</ele><time>2026-08-29T07:15:23.086Z</time></trkpt><trkpt lat="52.329195" lon="12.98659333"><ele>54.0</ele><time>2026-08-29T07:15:24.086Z</time></trkpt><trkpt lat="52.329175" lon="12.986565"><ele>54.0</ele><time>2026-08-29T07:15:25.086Z</time></trkpt><trkpt lat="52.32915167" lon="12.98653833"><ele>54.0</ele><time>2026-08-29T07:15:26.086Z</time></trkpt><trkpt lat="52.32912667" lon="12.986515"><ele>54.0</ele><time>2026-08-29T07:15:27.086Z</time></trkpt><trkpt lat="52.32910167" lon="12.98649"><ele>54.0</ele><time>2026-08-29T07:15:28.086Z</time></trkpt><trkpt lat="52.32907667" lon="12.98646833"><ele>54.0</ele><time>2026-08-29T07:15:29.086Z</time></trkpt><trkpt lat="52.32905" lon="12.986445"><ele>54.0</ele><time>2026-08-29T07:15:30.086Z</time></trkpt><trkpt lat="52.32902333" lon="12.98642167"><ele>54.0</ele><time>2026-08-29T07:15:31.086Z</time></trkpt><trkpt lat="52.32899833" lon="12.98639833"><ele>54.0</ele><time>2026-08-29T07:15:32.086Z</time></trkpt><trkpt lat="52.32898" lon="12.98638167"><ele>54.0</ele><time>2026-08-29T07:15:33.086Z</time></trkpt><trkpt lat="52.32895667" lon="12.986355"><ele>53.0</ele><time>2026-08-29T07:15:34.086Z</time></trkpt><trkpt lat="52.32893333" lon="12.98632"><ele>53.0</ele><time>2026-08-29T07:15:35.086Z</time></trkpt><trkpt lat="52.32891667" lon="12.98629"><ele>53.0</ele><time>2026-08-29T07:15:36.086Z</time></trkpt><trkpt lat="52.32889167" lon="12.98625833"><ele>53.0</ele><time>2026-08-29T07:15:37.086Z</time></trkpt><trkpt lat="52.32887" lon="12.98623333"><ele>53.0</ele><time>2026-08-29T07:15:38.086Z</time></trkpt><trkpt lat="52.32885167" lon="12.98621"><ele>53.0</ele><time>2026-08-29T07:15:39.086Z</time></trkpt><trkpt lat="52.328825" lon="12.98618"><ele>53.0</ele><time>2026-08-29T07:15:40.086Z</time></trkpt><trkpt lat="52.328805" lon="12.98616167"><ele>52.0</ele><time>2026-08-29T07:15:41.086Z</time></trkpt><trkpt lat="52.32878333" lon="12.98614"><ele>52.0</ele><time>2026-08-29T07:15:42.086Z</time></trkpt><trkpt lat="52.32876167" lon="12.98611833"><ele>51.0</ele><time>2026-08-29T07:15:43.086Z</time></trkpt><trkpt lat="52.32873667" lon="12.986095"><ele>51.0</ele><time>2026-08-29T07:15:44.086Z</time></trkpt><trkpt lat="52.32871333" lon="12.98607333"><ele>51.0</ele><time>2026-08-29T07:15:45.086Z</time></trkpt><trkpt lat="52.32869" lon="12.98605333"><ele>51.0</ele><time>2026-08-29T07:15:46.086Z</time></trkpt><trkpt lat="52.328665" lon="12.98603"><ele>51.0</ele><time>2026-08-29T07:15:47.086Z</time></trkpt><trkpt lat="52.32864" lon="12.98600667"><ele>51.0</ele><time>2026-08-29T07:15:48.086Z</time></trkpt><trkpt lat="52.32861333" lon="12.98598167"><ele>51.0</ele><time>2026-08-29T07:15:49.086Z</time></trkpt><trkpt lat="52.32858833" lon="12.98595833"><ele>52.0</ele><time>2026-08-29T07:15:50.086Z</time></trkpt><trkpt lat="52.32856333" lon="12.98593667"><ele>52.0</ele><time>2026-08-29T07:15:51.086Z</time></trkpt><trkpt lat="52.32853833" lon="12.98591333"><ele>52.0</ele><time>2026-08-29T07:15:52.086Z</time></trkpt><trkpt lat="52.32851333" lon="12.98589"><ele>52.0</ele><time>2026-08-29T07:15:53.086Z</time></trkpt><trkpt lat="52.32849167" lon="12.98586333"><ele>52.0</ele><time>2026-08-29T07:15:54.086Z</time></trkpt><trkpt lat="52.32847167" lon="12.98584167"><ele>52.0</ele><time>2026-08-29T07:15:55.086Z</time></trkpt><trkpt lat="52.32844167" lon="12.98581"><ele>51.0</ele><time>2026-08-29T07:15:56.086Z</time></trkpt><trkpt lat="52.32841667" lon="12.985785"><ele>51.0</ele><time>2026-08-29T07:15:57.086Z</time></trkpt><trkpt lat="52.32839833" lon="12.98576333"><ele>51.0</ele><time>2026-08-29T07:15:58.086Z</time></trkpt><trkpt lat="52.32837333" lon="12.985735"><ele>51.0</ele><time>2026-08-29T07:15:59.086Z</time></trkpt><trkpt lat="52.32835833" lon="12.98571167"><ele>51.0</ele><time>2026-08-29T07:16:00.086Z</time></trkpt><trkpt lat="52.32833167" lon="12.98567833"><ele>51.0</ele><time>2026-08-29T07:16:01.086Z</time></trkpt><trkpt lat="52.32831" lon="12.98565"><ele>51.0</ele><time>2026-08-29T07:16:02.086Z</time></trkpt><trkpt lat="52.328285" lon="12.98562167"><ele>51.0</ele><time>2026-08-29T07:16:03.086Z</time></trkpt><trkpt lat="52.32826" lon="12.98559333"><ele>51.0</ele><time>2026-08-29T07:16:04.086Z</time></trkpt><trkpt lat="52.32823333" lon="12.98556333"><ele>51.0</ele><time>2026-08-29T07:16:05.086Z</time></trkpt><trkpt lat="52.328205" lon="12.985535"><ele>51.0</ele><time>2026-08-29T07:16:06.086Z</time></trkpt><trkpt lat="52.32818" lon="12.98550333"><ele>51.0</ele><time>2026-08-29T07:16:07.086Z</time></trkpt><trkpt lat="52.32815833" lon="12.98547"><ele>51.0</ele><time>2026-08-29T07:16:08.086Z</time></trkpt><trkpt lat="52.32814" lon="12.98544667"><ele>51.0</ele><time>2026-08-29T07:16:09.086Z</time></trkpt><trkpt lat="52.32811333" lon="12.985425"><ele>51.0</ele><time>2026-08-29T07:16:10.086Z</time></trkpt><trkpt lat="52.32809" lon="12.98541833"><ele>51.0</ele><time>2026-08-29T07:16:11.086Z</time></trkpt><trkpt lat="52.32806333" lon="12.98542"><ele>51.0</ele><time>2026-08-29T07:16:12.086Z</time></trkpt><trkpt lat="52.328035" lon="12.98544833"><ele>51.0</ele><time>2026-08-29T07:16:13.086Z</time></trkpt><trkpt lat="52.32801833" lon="12.98546833"><ele>52.0</ele><time>2026-08-29T07:16:14.086Z</time></trkpt><trkpt lat="52.32799833" lon="12.98549833"><ele>52.0</ele><time>2026-08-29T07:16:15.086Z</time></trkpt><trkpt lat="52.32799" lon="12.98551833"><ele>53.0</ele><time>2026-08-29T07:16:16.086Z</time></trkpt><trkpt lat="52.32798167" lon="12.98554833"><ele>53.0</ele><time>2026-08-29T07:16:17.086Z</time></trkpt><trkpt lat="52.32797" lon="12.98558333"><ele>53.0</ele><time>2026-08-29T07:16:18.086Z</time></trkpt><trkpt lat="52.32795" lon="12.98562333"><ele>54.0</ele><time>2026-08-29T07:16:19.086Z</time></trkpt><trkpt lat="52.32793167" lon="12.98566"><ele>54.0</ele><time>2026-08-29T07:16:20.086Z</time></trkpt><trkpt lat="52.32791167" lon="12.98569833"><ele>54.0</ele><time>2026-08-29T07:16:21.086Z</time></trkpt><trkpt lat="52.32789667" lon="12.985735"><ele>54.0</ele><time>2026-08-29T07:16:22.086Z</time></trkpt><trkpt lat="52.327885" lon="12.98577333"><ele>54.0</ele><time>2026-08-29T07:16:23.086Z</time></trkpt><trkpt lat="52.32787167" lon="12.98581167"><ele>55.0</ele><time>2026-08-29T07:16:24.086Z</time></trkpt><trkpt lat="52.32786333" lon="12.98583833"><ele>55.0</ele><time>2026-08-29T07:16:25.086Z</time></trkpt><trkpt lat="52.32785" lon="12.98588667"><ele>55.0</ele><time>2026-08-29T07:16:26.086Z</time></trkpt><trkpt lat="52.32784" lon="12.98592667"><ele>55.0</ele><time>2026-08-29T07:16:27.086Z</time></trkpt><trkpt lat="52.32783" lon="12.98596333"><ele>55.0</ele><time>2026-08-29T07:16:28.086Z</time></trkpt><trkpt lat="52.32782" lon="12.98599667"><ele>55.0</ele><time>2026-08-29T07:16:29.086Z</time></trkpt><trkpt lat="52.3278" lon="12.98604833"><ele>55.0</ele><time>2026-08-29T07:16:30.086Z</time></trkpt><trkpt lat="52.32778333" lon="12.98609167"><ele>55.0</ele><time>2026-08-29T07:16:31.086Z</time></trkpt><trkpt lat="52.32776333" lon="12.98613"><ele>55.0</ele><time>2026-08-29T07:16:32.086Z</time></trkpt><trkpt lat="52.32775" lon="12.98615667"><ele>55.0</ele><time>2026-08-29T07:16:33.086Z</time></trkpt><trkpt lat="52.32773167" lon="12.98618833"><ele>55.0</ele><time>2026-08-29T07:16:34.086Z</time></trkpt><trkpt lat="52.32771" lon="12.98623"><ele>55.0</ele><time>2026-08-29T07:16:35.086Z</time></trkpt><trkpt lat="52.32769333" lon="12.98626333"><ele>55.0</ele><time>2026-08-29T07:16:36.086Z</time></trkpt><trkpt lat="52.32767833" lon="12.986295"><ele>54.0</ele><time>2026-08-29T07:16:37.086Z</time></trkpt><trkpt lat="52.32766833" lon="12.98632333"><ele>54.0</ele><time>2026-08-29T07:16:38.086Z</time></trkpt><trkpt lat="52.32765667" lon="12.986355"><ele>54.0</ele><time>2026-08-29T07:16:39.086Z</time></trkpt><trkpt lat="52.32764333" lon="12.98639167"><ele>54.0</ele><time>2026-08-29T07:16:40.086Z</time></trkpt><trkpt lat="52.32763" lon="12.98642333"><ele>54.0</ele><time>2026-08-29T07:16:41.086Z</time></trkpt><trkpt lat="52.32761833" lon="12.98645333"><ele>54.0</ele><time>2026-08-29T07:16:42.086Z</time></trkpt><trkpt lat="52.327605" lon="12.986485"><ele>54.0</ele><time>2026-08-29T07:16:43.086Z</time></trkpt><trkpt lat="52.32759167" lon="12.98651667"><ele>53.0</ele><time>2026-08-29T07:16:44.086Z</time></trkpt><trkpt lat="52.32758333" lon="12.986545"><ele>53.0</ele><time>2026-08-29T07:16:45.086Z</time></trkpt><trkpt lat="52.32758" lon="12.986575"><ele>54.0</ele><time>2026-08-29T07:16:46.086Z</time></trkpt><trkpt lat="52.32758333" lon="12.986605"><ele>54.0</ele><time>2026-08-29T07:16:47.086Z</time></trkpt><trkpt lat="52.32758667" lon="12.98663667"><ele>54.0</ele><time>2026-08-29T07:16:48.086Z</time></trkpt><trkpt lat="52.32759" lon="12.98667167"><ele>54.0</ele><time>2026-08-29T07:16:49.086Z</time></trkpt><trkpt lat="52.32759667" lon="12.98671167"><ele>54.0</ele><time>2026-08-29T07:16:50.086Z</time></trkpt><trkpt lat="52.32760167" lon="12.98676"><ele>54.0</ele><time>2026-08-29T07:16:51.086Z</time></trkpt><trkpt lat="52.32760667" lon="12.98680333"><ele>54.0</ele><time>2026-08-29T07:16:52.086Z</time></trkpt><trkpt lat="52.32761333" lon="12.986855"><ele>54.0</ele><time>2026-08-29T07:16:53.086Z</time></trkpt><trkpt lat="52.32761833" lon="12.98690167"><ele>54.0</ele><time>2026-08-29T07:16:54.086Z</time></trkpt><trkpt lat="52.32762667" lon="12.98696667"><ele>54.0</ele><time>2026-08-29T07:16:55.086Z</time></trkpt><trkpt lat="52.32763667" lon="12.98701167"><ele>54.0</ele><time>2026-08-29T07:16:56.086Z</time></trkpt><trkpt lat="52.327645" lon="12.98705667"><ele>54.0</ele><time>2026-08-29T07:16:57.086Z</time></trkpt><trkpt lat="52.32765167" lon="12.98710333"><ele>54.0</ele><time>2026-08-29T07:16:58.086Z</time></trkpt><trkpt lat="52.32765" lon="12.98715167"><ele>54.0</ele><time>2026-08-29T07:16:59.086Z</time></trkpt><trkpt lat="52.32765" lon="12.9872"><ele>54.0</ele><time>2026-08-29T07:17:00.086Z</time></trkpt><trkpt lat="52.32765167" lon="12.98723833"><ele>54.0</ele><time>2026-08-29T07:17:01.086Z</time></trkpt><trkpt lat="52.32766" lon="12.987275"><ele>54.0</ele><time>2026-08-29T07:17:02.086Z</time></trkpt><trkpt lat="52.32767167" lon="12.98730167"><ele>54.0</ele><time>2026-08-29T07:17:03.086Z</time></trkpt><trkpt lat="52.32769167" lon="12.98734"><ele>54.0</ele><time>2026-08-29T07:17:04.086Z</time></trkpt><trkpt lat="52.32770667" lon="12.98737667"><ele>55.0</ele><time>2026-08-29T07:17:05.086Z</time></trkpt><trkpt lat="52.32772" lon="12.98742333"><ele>55.0</ele><time>2026-08-29T07:17:06.086Z</time></trkpt><trkpt lat="52.32772" lon="12.98747167"><ele>55.0</ele><time>2026-08-29T07:17:07.086Z</time></trkpt><trkpt lat="52.327715" lon="12.98752167"><ele>55.0</ele><time>2026-08-29T07:17:08.086Z</time></trkpt><trkpt lat="52.327705" lon="12.98756667"><ele>55.0</ele><time>2026-08-29T07:17:09.086Z</time></trkpt><trkpt lat="52.32769167" lon="12.98760333"><ele>55.0</ele><time>2026-08-29T07:17:10.086Z</time></trkpt><trkpt lat="52.32767667" lon="12.98764"><ele>55.0</ele><time>2026-08-29T07:17:11.086Z</time></trkpt><trkpt lat="52.32765833" lon="12.98767667"><ele>55.0</ele><time>2026-08-29T07:17:12.086Z</time></trkpt><trkpt lat="52.32764167" lon="12.98771"><ele>56.0</ele><time>2026-08-29T07:17:13.086Z</time></trkpt><trkpt lat="52.327625" lon="12.987745"><ele>56.0</ele><time>2026-08-29T07:17:14.086Z</time></trkpt><trkpt lat="52.32760667" lon="12.98777"><ele>56.0</ele><time>2026-08-29T07:17:15.086Z</time></trkpt><trkpt lat="52.32758667" lon="12.9878"><ele>56.0</ele><time>2026-08-29T07:17:16.086Z</time></trkpt><trkpt lat="52.32756" lon="12.98784167"><ele>57.0</ele><time>2026-08-29T07:17:17.086Z</time></trkpt><trkpt lat="52.32753667" lon="12.98788167"><ele>57.0</ele><time>2026-08-29T07:17:18.086Z</time></trkpt><trkpt lat="52.327515" lon="12.98792167"><ele>58.0</ele><time>2026-08-29T07:17:19.086Z</time></trkpt><trkpt lat="52.32749167" lon="12.987955"><ele>58.0</ele><time>2026-08-29T07:17:20.086Z</time></trkpt><trkpt lat="52.32746667" lon="12.987985"><ele>58.0</ele><time>2026-08-29T07:17:21.086Z</time></trkpt><trkpt lat="52.32744" lon="12.98801333"><ele>58.0</ele><time>2026-08-29T07:17:22.086Z</time></trkpt><trkpt lat="52.32741" lon="12.988045"><ele>58.0</ele><time>2026-08-29T07:17:23.086Z</time></trkpt><trkpt lat="52.327385" lon="12.98806667"><ele>58.0</ele><time>2026-08-29T07:17:24.086Z</time></trkpt><trkpt lat="52.32735333" lon="12.98809333"><ele>58.0</ele><time>2026-08-29T07:17:25.086Z</time></trkpt><trkpt lat="52.32732833" lon="12.98811333"><ele>58.0</ele><time>2026-08-29T07:17:26.086Z</time></trkpt><trkpt lat="52.327305" lon="12.98813333"><ele>58.0</ele><time>2026-08-29T07:17:27.086Z</time></trkpt><trkpt lat="52.32728" lon="12.98815667"><ele>58.0</ele><time>2026-08-29T07:17:28.086Z</time></trkpt><trkpt lat="52.32725667" lon="12.98817667"><ele>58.0</ele><time>2026-08-29T07:17:29.086Z</time></trkpt><trkpt lat="52.32723833" lon="12.98820333"><ele>58.0</ele><time>2026-08-29T07:17:30.086Z</time></trkpt><trkpt lat="52.32723333" lon="12.98823333"><ele>58.0</ele><time>2026-08-29T07:17:31.086Z</time></trkpt><trkpt lat="52.32724" lon="12.98826667"><ele>58.0</ele><time>2026-08-29T07:17:32.086Z</time></trkpt><trkpt lat="52.327255" lon="12.98829667"><ele>58.0</ele><time>2026-08-29T07:17:33.086Z</time></trkpt><trkpt lat="52.32727167" lon="12.98831833"><ele>58.0</ele><time>2026-08-29T07:17:34.086Z</time></trkpt><trkpt lat="52.32729" lon="12.98834167"><ele>58.0</ele><time>2026-08-29T07:17:35.086Z</time></trkpt><trkpt lat="52.327305" lon="12.988365"><ele>58.0</ele><time>2026-08-29T07:17:36.086Z</time></trkpt><trkpt lat="52.32731833" lon="12.98838167"><ele>58.0</ele><time>2026-08-29T07:17:37.086Z</time></trkpt><trkpt lat="52.327335" lon="12.98841"><ele>58.0</ele><time>2026-08-29T07:17:38.086Z</time></trkpt><trkpt lat="52.32735" lon="12.988435"><ele>59.0</ele><time>2026-08-29T07:17:39.086Z</time></trkpt><trkpt lat="52.32736333" lon="12.98845833"><ele>59.0</ele><time>2026-08-29T07:17:40.086Z</time></trkpt><trkpt lat="52.32737833" lon="12.98848167"><ele>59.0</ele><time>2026-08-29T07:17:41.086Z</time></trkpt><trkpt lat="52.32739833" lon="12.988515"><ele>60.0</ele><time>2026-08-29T07:17:42.086Z</time></trkpt><trkpt lat="52.32741" lon="12.98853833"><ele>60.0</ele><time>2026-08-29T07:17:43.086Z</time></trkpt><trkpt lat="52.327425" lon="12.988565"><ele>60.0</ele><time>2026-08-29T07:17:44.086Z</time></trkpt><trkpt lat="52.32744" lon="12.98859667"><ele>61.0</ele><time>2026-08-29T07:17:45.086Z</time></trkpt><trkpt lat="52.32745333" lon="12.98861667"><ele>61.0</ele><time>2026-08-29T07:17:46.086Z</time></trkpt><trkpt lat="52.327475" lon="12.98865167"><ele>61.0</ele><time>2026-08-29T07:17:47.086Z</time></trkpt><trkpt lat="52.32749833" lon="12.98866833"><ele>62.0</ele><time>2026-08-29T07:17:48.086Z</time></trkpt><trkpt lat="52.32751833" lon="12.98870333"><ele>62.0</ele><time>2026-08-29T07:17:49.086Z</time></trkpt><trkpt lat="52.32753667" lon="12.98873333"><ele>62.0</ele><time>2026-08-29T07:17:50.086Z</time></trkpt><trkpt lat="52.32755333" lon="12.98876"><ele>63.0</ele><time>2026-08-29T07:17:51.086Z</time></trkpt><trkpt lat="52.32757167" lon="12.98878833"><ele>63.0</ele><time>2026-08-29T07:17:52.086Z</time></trkpt><trkpt lat="52.32759" lon="12.988815"><ele>63.0</ele><time>2026-08-29T07:17:53.086Z</time></trkpt><trkpt lat="52.32761" lon="12.988845"><ele>64.0</ele><time>2026-08-29T07:17:54.086Z</time></trkpt><trkpt lat="52.32762667" lon="12.98887667"><ele>64.0</ele><time>2026-08-29T07:17:55.086Z</time></trkpt><trkpt lat="52.32764167" lon="12.98890667"><ele>64.0</ele><time>2026-08-29T07:17:56.086Z</time></trkpt><trkpt lat="52.32765333" lon="12.98893833"><ele>65.0</ele><time>2026-08-29T07:17:57.086Z</time></trkpt><trkpt lat="52.327665" lon="12.988965"><ele>65.0</ele><time>2026-08-29T07:17:58.086Z</time></trkpt><trkpt lat="52.327685" lon="12.98899667"><ele>66.0</ele><time>2026-08-29T07:17:59.086Z</time></trkpt><trkpt lat="52.32770833" lon="12.98903833"><ele>66.0</ele><time>2026-08-29T07:18:00.086Z</time></trkpt><trkpt lat="52.32772833" lon="12.98907167"><ele>67.0</ele><time>2026-08-29T07:18:01.086Z</time></trkpt><trkpt lat="52.327745" lon="12.98909833"><ele>67.0</ele><time>2026-08-29T07:18:02.086Z</time></trkpt><trkpt lat="52.32778167" lon="12.98914167"><ele>68.0</ele><time>2026-08-29T07:18:03.086Z</time></trkpt><trkpt lat="52.32780833" lon="12.98917667"><ele>68.0</ele><time>2026-08-29T07:18:04.086Z</time></trkpt><trkpt lat="52.32783333" lon="12.98919833"><ele>69.0</ele><time>2026-08-29T07:18:05.086Z</time></trkpt><trkpt lat="52.32786" lon="12.98923333"><ele>69.0</ele><time>2026-08-29T07:18:06.086Z</time></trkpt><trkpt lat="52.327885" lon="12.98927"><ele>69.0</ele><time>2026-08-29T07:18:07.086Z</time></trkpt><trkpt lat="52.32790167" lon="12.9893"><ele>69.0</ele><time>2026-08-29T07:18:08.086Z</time></trkpt><trkpt lat="52.32792333" lon="12.98934167"><ele>69.0</ele><time>2026-08-29T07:18:09.086Z</time></trkpt><trkpt lat="52.32794" lon="12.989375"><ele>69.0</ele><time>2026-08-29T07:18:10.086Z</time></trkpt><trkpt lat="52.32795667" lon="12.98939833"><ele>68.0</ele><time>2026-08-29T07:18:11.086Z</time></trkpt><trkpt lat="52.32798167" lon="12.98943"><ele>68.0</ele><time>2026-08-29T07:18:12.086Z</time></trkpt><trkpt lat="52.32801667" lon="12.98946667"><ele>68.0</ele><time>2026-08-29T07:18:13.086Z</time></trkpt><trkpt lat="52.32804333" lon="12.98949667"><ele>68.0</ele><time>2026-08-29T07:18:14.086Z</time></trkpt><trkpt lat="52.32806833" lon="12.98952833"><ele>68.0</ele><time>2026-08-29T07:18:15.086Z</time></trkpt><trkpt lat="52.32808167" lon="12.98955667"><ele>68.0</ele><time>2026-08-29T07:18:16.086Z</time></trkpt><trkpt lat="52.32809333" lon="12.98958167"><ele>68.0</ele><time>2026-08-29T07:18:17.086Z</time></trkpt><trkpt lat="52.32811333" lon="12.98961167"><ele>68.0</ele><time>2026-08-29T07:18:18.086Z</time></trkpt><trkpt lat="52.32813667" lon="12.98964333"><ele>67.0</ele><time>2026-08-29T07:18:19.086Z</time></trkpt><trkpt lat="52.328155" lon="12.98967"><ele>67.0</ele><time>2026-08-29T07:18:20.086Z</time></trkpt><trkpt lat="52.32816833" lon="12.98969"><ele>67.0</ele><time>2026-08-29T07:18:21.086Z</time></trkpt><trkpt lat="52.32818667" lon="12.98970667"><ele>67.0</ele><time>2026-08-29T07:18:22.086Z</time></trkpt><trkpt lat="52.32819833" lon="12.98971333"><ele>67.0</ele><time>2026-08-29T07:18:23.086Z</time></trkpt><trkpt lat="52.32820833" lon="12.98971667"><ele>67.0</ele><time>2026-08-29T07:18:24.086Z</time></trkpt><trkpt lat="52.328215" lon="12.98971667"><ele>67.0</ele><time>2026-08-29T07:18:25.086Z</time></trkpt><trkpt lat="52.32823333" lon="12.98971667"><ele>67.0</ele><time>2026-08-29T07:18:26.086Z</time></trkpt><trkpt lat="52.32825" lon="12.98971333"><ele>67.0</ele><time>2026-08-29T07:18:27.086Z</time></trkpt><trkpt lat="52.32826833" lon="12.98970833"><ele>67.0</ele><time>2026-08-29T07:18:28.086Z</time></trkpt><trkpt lat="52.32829667" lon="12.98970167"><ele>67.0</ele><time>2026-08-29T07:18:29.086Z</time></trkpt><trkpt lat="52.328315" lon="12.98969"><ele>67.0</ele><time>2026-08-29T07:18:30.086Z</time></trkpt><trkpt lat="52.328345" lon="12.98968"><ele>67.0</ele><time>2026-08-29T07:18:31.086Z</time></trkpt><trkpt lat="52.32836167" lon="12.98967167"><ele>66.0</ele><time>2026-08-29T07:18:32.086Z</time></trkpt><trkpt lat="52.328385" lon="12.98965333"><ele>66.0</ele><time>2026-08-29T07:18:33.086Z</time></trkpt><trkpt lat="52.32841333" lon="12.98963167"><ele>66.0</ele><time>2026-08-29T07:18:34.086Z</time></trkpt><trkpt lat="52.328435" lon="12.98961333"><ele>65.0</ele><time>2026-08-29T07:18:35.086Z</time></trkpt><trkpt lat="52.328455" lon="12.9896"><ele>65.0</ele><time>2026-08-29T07:18:36.086Z</time></trkpt><trkpt lat="52.328475" lon="12.98958667"><ele>65.0</ele><time>2026-08-29T07:18:37.086Z</time></trkpt><trkpt lat="52.328495" lon="12.98957667"><ele>64.0</ele><time>2026-08-29T07:18:38.086Z</time></trkpt><trkpt lat="52.32851667" lon="12.98956667"><ele>64.0</ele><time>2026-08-29T07:18:39.086Z</time></trkpt><trkpt lat="52.328535" lon="12.98956"><ele>64.0</ele><time>2026-08-29T07:18:40.086Z</time></trkpt><trkpt lat="52.32855" lon="12.989555"><ele>63.0</ele><time>2026-08-29T07:18:41.086Z</time></trkpt><trkpt lat="52.32856833" lon="12.98955167"><ele>63.0</ele><time>2026-08-29T07:18:42.086Z</time></trkpt><trkpt lat="52.32859333" lon="12.989545"><ele>63.0</ele><time>2026-08-29T07:18:43.086Z</time></trkpt><trkpt lat="52.32862833" lon="12.989525"><ele>63.0</ele><time>2026-08-29T07:18:44.086Z</time></trkpt><trkpt lat="52.32866333" lon="12.989515"><ele>62.0</ele><time>2026-08-29T07:18:45.086Z</time></trkpt><trkpt lat="52.32869333" lon="12.98951667"><ele>62.0</ele><time>2026-08-29T07:18:46.086Z</time></trkpt><trkpt lat="52.32872167" lon="12.98952333"><ele>62.0</ele><time>2026-08-29T07:18:47.086Z</time></trkpt><trkpt lat="52.32874667" lon="12.989525"><ele>62.0</ele><time>2026-08-29T07:18:48.086Z</time></trkpt><trkpt lat="52.32877333" lon="12.98952333"><ele>61.0</ele><time>2026-08-29T07:18:49.086Z</time></trkpt><trkpt lat="52.3288" lon="12.98951833"><ele>61.0</ele><time>2026-08-29T07:18:50.086Z</time></trkpt><trkpt lat="52.328825" lon="12.98951333"><ele>61.0</ele><time>2026-08-29T07:18:51.086Z</time></trkpt><trkpt lat="52.32884667" lon="12.98950333"><ele>60.0</ele><time>2026-08-29T07:18:52.086Z</time></trkpt><trkpt lat="52.32886833" lon="12.9895"><ele>60.0</ele><time>2026-08-29T07:18:53.086Z</time></trkpt><trkpt lat="52.32889333" lon="12.9895"><ele>60.0</ele><time>2026-08-29T07:18:54.086Z</time></trkpt><trkpt lat="52.32891" lon="12.98950167"><ele>60.0</ele><time>2026-08-29T07:18:55.086Z</time></trkpt><trkpt lat="52.328935" lon="12.9895"><ele>59.0</ele><time>2026-08-29T07:18:56.086Z</time></trkpt><trkpt lat="52.32896333" lon="12.98949167"><ele>59.0</ele><time>2026-08-29T07:18:57.086Z</time></trkpt><trkpt lat="52.32898667" lon="12.98948833"><ele>59.0</ele><time>2026-08-29T07:18:58.086Z</time></trkpt><trkpt lat="52.32902" lon="12.98950167"><ele>59.0</ele><time>2026-08-29T07:18:59.086Z</time></trkpt><trkpt lat="52.32904667" lon="12.98950667"><ele>59.0</ele><time>2026-08-29T07:19:00.086Z</time></trkpt><trkpt lat="52.32907667" lon="12.98952167"><ele>59.0</ele><time>2026-08-29T07:19:01.086Z</time></trkpt><trkpt lat="52.32911" lon="12.98954"><ele>58.0</ele><time>2026-08-29T07:19:02.086Z</time></trkpt><trkpt lat="52.32913667" lon="12.98956333"><ele>58.0</ele><time>2026-08-29T07:19:03.086Z</time></trkpt><trkpt lat="52.32916" lon="12.98958167"><ele>58.0</ele><time>2026-08-29T07:19:04.086Z</time></trkpt><trkpt lat="52.329185" lon="12.98960167"><ele>58.0</ele><time>2026-08-29T07:19:05.086Z</time></trkpt><trkpt lat="52.329205" lon="12.98962667"><ele>58.0</ele><time>2026-08-29T07:19:06.086Z</time></trkpt><trkpt lat="52.32922667" lon="12.98965167"><ele>58.0</ele><time>2026-08-29T07:19:07.086Z</time></trkpt><trkpt lat="52.32925333" lon="12.98967833"><ele>58.0</ele><time>2026-08-29T07:19:08.086Z</time></trkpt><trkpt lat="52.32928333" lon="12.9897"><ele>59.0</ele><time>2026-08-29T07:19:09.086Z</time></trkpt><trkpt lat="52.32931333" lon="12.98972667"><ele>59.0</ele><time>2026-08-29T07:19:10.086Z</time></trkpt><trkpt lat="52.32934667" lon="12.98976"><ele>59.0</ele><time>2026-08-29T07:19:11.086Z</time></trkpt><trkpt lat="52.32938" lon="12.98979167"><ele>60.0</ele><time>2026-08-29T07:19:12.086Z</time></trkpt><trkpt lat="52.32940833" lon="12.98982167"><ele>60.0</ele><time>2026-08-29T07:19:13.086Z</time></trkpt><trkpt lat="52.32942833" lon="12.98984833"><ele>60.0</ele><time>2026-08-29T07:19:14.086Z</time></trkpt><trkpt lat="52.32945167" lon="12.98987833"><ele>61.0</ele><time>2026-08-29T07:19:15.086Z</time></trkpt><trkpt lat="52.329465" lon="12.98989667"><ele>61.0</ele><time>2026-08-29T07:19:16.086Z</time></trkpt><trkpt lat="52.32948667" lon="12.98992"><ele>61.0</ele><time>2026-08-29T07:19:17.086Z</time></trkpt><trkpt lat="52.329515" lon="12.98994667"><ele>62.0</ele><time>2026-08-29T07:19:18.086Z</time></trkpt><trkpt lat="52.32953833" lon="12.98996833"><ele>62.0</ele><time>2026-08-29T07:19:19.086Z</time></trkpt><trkpt lat="52.32956167" lon="12.98999333"><ele>62.0</ele><time>2026-08-29T07:19:20.086Z</time></trkpt><trkpt lat="52.329585" lon="12.99002167"><ele>62.0</ele><time>2026-08-29T07:19:21.086Z</time></trkpt><trkpt lat="52.32960667" lon="12.99005333"><ele>62.0</ele><time>2026-08-29T07:19:22.086Z</time></trkpt><trkpt lat="52.32963" lon="12.99008333"><ele>63.0</ele><time>2026-08-29T07:19:23.086Z</time></trkpt><trkpt lat="52.32966833" lon="12.99012667"><ele>63.0</ele><time>2026-08-29T07:19:24.086Z</time></trkpt><trkpt lat="52.32970667" lon="12.99016833"><ele>63.0</ele><time>2026-08-29T07:19:25.086Z</time></trkpt><trkpt lat="52.32974167" lon="12.99020667"><ele>63.0</ele><time>2026-08-29T07:19:26.086Z</time></trkpt><trkpt lat="52.32977333" lon="12.99024167"><ele>63.0</ele><time>2026-08-29T07:19:27.086Z</time></trkpt><trkpt lat="52.32979333" lon="12.99027667"><ele>63.0</ele><time>2026-08-29T07:19:28.086Z</time></trkpt><trkpt lat="52.329815" lon="12.99031167"><ele>63.0</ele><time>2026-08-29T07:19:29.086Z</time></trkpt><trkpt lat="52.32983667" lon="12.99034667"><ele>63.0</ele><time>2026-08-29T07:19:30.086Z</time></trkpt><trkpt lat="52.32986" lon="12.99037667"><ele>63.0</ele><time>2026-08-29T07:19:31.086Z</time></trkpt><trkpt lat="52.32988333" lon="12.99040667"><ele>64.0</ele><time>2026-08-29T07:19:32.086Z</time></trkpt><trkpt lat="52.32990667" lon="12.990435"><ele>64.0</ele><time>2026-08-29T07:19:33.086Z</time></trkpt><trkpt lat="52.32993" lon="12.99045833"><ele>64.0</ele><time>2026-08-29T07:19:34.086Z</time></trkpt><trkpt lat="52.32995167" lon="12.990485"><ele>64.0</ele><time>2026-08-29T07:19:35.086Z</time></trkpt><trkpt lat="52.32997667" lon="12.99052"><ele>64.0</ele><time>2026-08-29T07:19:36.086Z</time></trkpt><trkpt lat="52.32999667" lon="12.990545"><ele>64.0</ele><time>2026-08-29T07:19:37.086Z</time></trkpt><trkpt lat="52.33002" lon="12.99058333"><ele>63.0</ele><time>2026-08-29T07:19:38.086Z</time></trkpt><trkpt lat="52.33003667" lon="12.99060667"><ele>63.0</ele><time>2026-08-29T07:19:39.086Z</time></trkpt><trkpt lat="52.330055" lon="12.99063667"><ele>63.0</ele><time>2026-08-29T07:19:40.086Z</time></trkpt><trkpt lat="52.33007333" lon="12.99066667"><ele>63.0</ele><time>2026-08-29T07:19:41.086Z</time></trkpt><trkpt lat="52.33009333" lon="12.99069333"><ele>63.0</ele><time>2026-08-29T07:19:42.086Z</time></trkpt><trkpt lat="52.330115" lon="12.99072"><ele>63.0</ele><time>2026-08-29T07:19:43.086Z</time></trkpt><trkpt lat="52.33013833" lon="12.990755"><ele>63.0</ele><time>2026-08-29T07:19:44.086Z</time></trkpt><trkpt lat="52.33016167" lon="12.99079333"><ele>63.0</ele><time>2026-08-29T07:19:45.086Z</time></trkpt><trkpt lat="52.33019" lon="12.99082667"><ele>63.0</ele><time>2026-08-29T07:19:46.086Z</time></trkpt><trkpt lat="52.33022333" lon="12.99086"><ele>63.0</ele><time>2026-08-29T07:19:47.086Z</time></trkpt><trkpt lat="52.33025667" lon="12.99089667"><ele>63.0</ele><time>2026-08-29T07:19:48.086Z</time></trkpt><trkpt lat="52.33027833" lon="12.99093167"><ele>63.0</ele><time>2026-08-29T07:19:49.086Z</time></trkpt><trkpt lat="52.3303" lon="12.99097333"><ele>64.0</ele><time>2026-08-29T07:19:50.086Z</time></trkpt><trkpt lat="52.33031333" lon="12.991"><ele>64.0</ele><time>2026-08-29T07:19:51.086Z</time></trkpt><trkpt lat="52.33033167" lon="12.99103333"><ele>64.0</ele><time>2026-08-29T07:19:52.086Z</time></trkpt><trkpt lat="52.330355" lon="12.99107333"><ele>63.0</ele><time>2026-08-29T07:19:53.086Z</time></trkpt><trkpt lat="52.33037167" lon="12.99110167"><ele>63.0</ele><time>2026-08-29T07:19:54.086Z</time></trkpt><trkpt lat="52.330395" lon="12.991135"><ele>63.0</ele><time>2026-08-29T07:19:55.086Z</time></trkpt><trkpt lat="52.33042667" lon="12.99117"><ele>63.0</ele><time>2026-08-29T07:19:56.086Z</time></trkpt><trkpt lat="52.330455" lon="12.991205"><ele>63.0</ele><time>2026-08-29T07:19:57.086Z</time></trkpt><trkpt lat="52.33047667" lon="12.99122667"><ele>62.0</ele><time>2026-08-29T07:19:58.086Z</time></trkpt><trkpt lat="52.33049167" lon="12.991235"><ele>62.0</ele><time>2026-08-29T07:19:59.086Z</time></trkpt><trkpt lat="52.33050667" lon="12.99124667"><ele>62.0</ele><time>2026-08-29T07:20:00.086Z</time></trkpt><trkpt lat="52.33052333" lon="12.99125667"><ele>62.0</ele><time>2026-08-29T07:20:01.086Z</time></trkpt><trkpt lat="52.33055167" lon="12.99127333"><ele>62.0</ele><time>2026-08-29T07:20:02.086Z</time></trkpt><trkpt lat="52.33057333" lon="12.991285"><ele>61.0</ele><time>2026-08-29T07:20:03.086Z</time></trkpt><trkpt lat="52.33059667" lon="12.99129833"><ele>61.0</ele><time>2026-08-29T07:20:04.086Z</time></trkpt><trkpt lat="52.33062167" lon="12.99130667"><ele>61.0</ele><time>2026-08-29T07:20:05.086Z</time></trkpt><trkpt lat="52.33064667" lon="12.99131833"><ele>61.0</ele><time>2026-08-29T07:20:06.086Z</time></trkpt><trkpt lat="52.33067333" lon="12.99133333"><ele>61.0</ele><time>2026-08-29T07:20:07.086Z</time></trkpt><trkpt lat="52.33069833" lon="12.99135167"><ele>61.0</ele><time>2026-08-29T07:20:08.086Z</time></trkpt><trkpt lat="52.33073" lon="12.99137167"><ele>61.0</ele><time>2026-08-29T07:20:09.086Z</time></trkpt><trkpt lat="52.33076167" lon="12.99139333"><ele>61.0</ele><time>2026-08-29T07:20:10.086Z</time></trkpt><trkpt lat="52.33079167" lon="12.99141667"><ele>61.0</ele><time>2026-08-29T07:20:11.086Z</time></trkpt><trkpt lat="52.33082167" lon="12.991445"><ele>61.0</ele><time>2026-08-29T07:20:12.086Z</time></trkpt><trkpt lat="52.330845" lon="12.99146833"><ele>61.0</ele><time>2026-08-29T07:20:13.086Z</time></trkpt><trkpt lat="52.33086833" lon="12.99150167"><ele>61.0</ele><time>2026-08-29T07:20:14.086Z</time></trkpt><trkpt lat="52.330895" lon="12.99153833"><ele>61.0</ele><time>2026-08-29T07:20:15.086Z</time></trkpt><trkpt lat="52.33092" lon="12.991575"><ele>61.0</ele><time>2026-08-29T07:20:16.086Z</time></trkpt><trkpt lat="52.33094" lon="12.99161667"><ele>61.0</ele><time>2026-08-29T07:20:17.086Z</time></trkpt><trkpt lat="52.330975" lon="12.99166667"><ele>61.0</ele><time>2026-08-29T07:20:18.086Z</time></trkpt><trkpt lat="52.331" lon="12.99169833"><ele>61.0</ele><time>2026-08-29T07:20:19.086Z</time></trkpt><trkpt lat="52.33103167" lon="12.991735"><ele>61.0</ele><time>2026-08-29T07:20:20.086Z</time></trkpt><trkpt lat="52.33105667" lon="12.99175167"><ele>61.0</ele><time>2026-08-29T07:20:21.086Z</time></trkpt><trkpt lat="52.33107167" lon="12.99176167"><ele>61.0</ele><time>2026-08-29T07:20:22.086Z</time></trkpt><trkpt lat="52.33109333" lon="12.991755"><ele>61.0</ele><time>2026-08-29T07:20:23.086Z</time></trkpt><trkpt lat="52.33111667" lon="12.99175833"><ele>61.0</ele><time>2026-08-29T07:20:24.086Z</time></trkpt><trkpt lat="52.33113833" lon="12.99175667"><ele>61.0</ele><time>2026-08-29T07:20:25.086Z</time></trkpt><trkpt lat="52.33116167" lon="12.99176167"><ele>61.0</ele><time>2026-08-29T07:20:26.086Z</time></trkpt><trkpt lat="52.33118333" lon="12.99176833"><ele>61.0</ele><time>2026-08-29T07:20:27.086Z</time></trkpt><trkpt lat="52.33120833" lon="12.99177667"><ele>61.0</ele><time>2026-08-29T07:20:28.086Z</time></trkpt><trkpt lat="52.33123167" lon="12.99177833"><ele>61.0</ele><time>2026-08-29T07:20:29.086Z</time></trkpt><trkpt lat="52.33125667" lon="12.99177833"><ele>60.0</ele><time>2026-08-29T07:20:30.086Z</time></trkpt><trkpt lat="52.33128167" lon="12.991775"><ele>60.0</ele><time>2026-08-29T07:20:31.086Z</time></trkpt><trkpt lat="52.33131167" lon="12.99176667"><ele>60.0</ele><time>2026-08-29T07:20:32.086Z</time></trkpt><trkpt lat="52.33133" lon="12.99175667"><ele>60.0</ele><time>2026-08-29T07:20:33.086Z</time></trkpt><trkpt lat="52.33135333" lon="12.99173333"><ele>60.0</ele><time>2026-08-29T07:20:34.086Z</time></trkpt><trkpt lat="52.33136667" lon="12.99171167"><ele>60.0</ele><time>2026-08-29T07:20:35.086Z</time></trkpt><trkpt lat="52.33137833" lon="12.99168167"><ele>60.0</ele><time>2026-08-29T07:20:36.086Z</time></trkpt><trkpt lat="52.33139167" lon="12.99164667"><ele>60.0</ele><time>2026-08-29T07:20:37.086Z</time></trkpt><trkpt lat="52.331395" lon="12.99162167"><ele>60.0</ele><time>2026-08-29T07:20:38.086Z</time></trkpt><trkpt lat="52.33140667" lon="12.991585"><ele>59.0</ele><time>2026-08-29T07:20:39.086Z</time></trkpt><trkpt lat="52.33142667" lon="12.99154833"><ele>59.0</ele><time>2026-08-29T07:20:40.086Z</time></trkpt><trkpt lat="52.33143667" lon="12.99152167"><ele>59.0</ele><time>2026-08-29T07:20:41.086Z</time></trkpt><trkpt lat="52.33145" lon="12.99148833"><ele>59.0</ele><time>2026-08-29T07:20:42.086Z</time></trkpt><trkpt lat="52.33146667" lon="12.99145333"><ele>59.0</ele><time>2026-08-29T07:20:43.086Z</time></trkpt><trkpt lat="52.331485" lon="12.99141333"><ele>59.0</ele><time>2026-08-29T07:20:44.086Z</time></trkpt><trkpt lat="52.331495" lon="12.99137833"><ele>60.0</ele><time>2026-08-29T07:20:45.086Z</time></trkpt><trkpt lat="52.33150833" lon="12.99134167"><ele>60.0</ele><time>2026-08-29T07:20:46.086Z</time></trkpt><trkpt lat="52.331525" lon="12.99130833"><ele>59.0</ele><time>2026-08-29T07:20:47.086Z</time></trkpt><trkpt lat="52.33154167" lon="12.99128667"><ele>59.0</ele><time>2026-08-29T07:20:48.086Z</time></trkpt><trkpt lat="52.33155833" lon="12.99127333"><ele>59.0</ele><time>2026-08-29T07:20:49.086Z</time></trkpt><trkpt lat="52.33157667" lon="12.991275"><ele>59.0</ele><time>2026-08-29T07:20:50.086Z</time></trkpt><trkpt lat="52.33159667" lon="12.99129667"><ele>58.0</ele><time>2026-08-29T07:20:51.086Z</time></trkpt><trkpt lat="52.33162" lon="12.99132667"><ele>58.0</ele><time>2026-08-29T07:20:52.086Z</time></trkpt><trkpt lat="52.33164167" lon="12.99136167"><ele>58.0</ele><time>2026-08-29T07:20:53.086Z</time></trkpt><trkpt lat="52.33166167" lon="12.99139333"><ele>58.0</ele><time>2026-08-29T07:20:54.086Z</time></trkpt><trkpt lat="52.33167833" lon="12.99142667"><ele>57.0</ele><time>2026-08-29T07:20:55.086Z</time></trkpt><trkpt lat="52.33169167" lon="12.99146"><ele>57.0</ele><time>2026-08-29T07:20:56.086Z</time></trkpt><trkpt lat="52.33170833" lon="12.99150167"><ele>57.0</ele><time>2026-08-29T07:20:57.086Z</time></trkpt><trkpt lat="52.33172667" lon="12.991545"><ele>56.0</ele><time>2026-08-29T07:20:58.086Z</time></trkpt><trkpt lat="52.33173833" lon="12.99158167"><ele>56.0</ele><time>2026-08-29T07:20:59.086Z</time></trkpt><trkpt lat="52.33174833" lon="12.99162667"><ele>56.0</ele><time>2026-08-29T07:21:00.086Z</time></trkpt><trkpt lat="52.33175833" lon="12.99168167"><ele>55.0</ele><time>2026-08-29T07:21:01.086Z</time></trkpt><trkpt lat="52.33177" lon="12.991725"><ele>55.0</ele><time>2026-08-29T07:21:02.086Z</time></trkpt><trkpt lat="52.33177667" lon="12.99176667"><ele>54.0</ele><time>2026-08-29T07:21:03.086Z</time></trkpt><trkpt lat="52.33178167" lon="12.991815"><ele>54.0</ele><time>2026-08-29T07:21:04.086Z</time></trkpt><trkpt lat="52.331785" lon="12.99186"><ele>54.0</ele><time>2026-08-29T07:21:05.086Z</time></trkpt><trkpt lat="52.331785" lon="12.99192"><ele>53.0</ele><time>2026-08-29T07:21:06.086Z</time></trkpt><trkpt lat="52.33178167" lon="12.99197833"><ele>53.0</ele><time>2026-08-29T07:21:07.086Z</time></trkpt><trkpt lat="52.33177833" lon="12.99202833"><ele>52.0</ele><time>2026-08-29T07:21:08.086Z</time></trkpt><trkpt lat="52.33177167" lon="12.992075"><ele>52.0</ele><time>2026-08-29T07:21:09.086Z</time></trkpt><trkpt lat="52.33176667" lon="12.99212333"><ele>52.0</ele><time>2026-08-29T07:21:10.086Z</time></trkpt><trkpt lat="52.331755" lon="12.99216833"><ele>51.0</ele><time>2026-08-29T07:21:11.086Z</time></trkpt><trkpt lat="52.33174833" lon="12.992205"><ele>51.0</ele><time>2026-08-29T07:21:12.086Z</time></trkpt><trkpt lat="52.33173667" lon="12.99223667"><ele>50.0</ele><time>2026-08-29T07:21:13.086Z</time></trkpt><trkpt lat="52.33172333" lon="12.99226333"><ele>50.0</ele><time>2026-08-29T07:21:14.086Z</time></trkpt><trkpt lat="52.33171" lon="12.99228667"><ele>50.0</ele><time>2026-08-29T07:21:15.086Z</time></trkpt><trkpt lat="52.33169667" lon="12.99230667"><ele>49.0</ele><time>2026-08-29T07:21:16.086Z</time></trkpt><trkpt lat="52.33168333" lon="12.99233167"><ele>49.0</ele><time>2026-08-29T07:21:17.086Z</time></trkpt><trkpt lat="52.33166667" lon="12.99236667"><ele>49.0</ele><time>2026-08-29T07:21:18.086Z</time></trkpt><trkpt lat="52.33165167" lon="12.99240667"><ele>48.0</ele><time>2026-08-29T07:21:19.086Z</time></trkpt><trkpt lat="52.331645" lon="12.99244833"><ele>48.0</ele><time>2026-08-29T07:21:20.086Z</time></trkpt><trkpt lat="52.33163833" lon="12.99249"><ele>48.0</ele><time>2026-08-29T07:21:21.086Z</time></trkpt><trkpt lat="52.33163" lon="12.99253"><ele>48.0</ele><time>2026-08-29T07:21:22.086Z</time></trkpt><trkpt lat="52.33162167" lon="12.99256833"><ele>48.0</ele><time>2026-08-29T07:21:23.086Z</time></trkpt><trkpt lat="52.33161167" lon="12.99261"><ele>47.0</ele><time>2026-08-29T07:21:24.086Z</time></trkpt><trkpt lat="52.33159667" lon="12.99264833"><ele>47.0</ele><time>2026-08-29T07:21:25.086Z</time></trkpt><trkpt lat="52.33158333" lon="12.99269333"><ele>47.0</ele><time>2026-08-29T07:21:26.086Z</time></trkpt><trkpt lat="52.33157833" lon="12.99274167"><ele>46.0</ele><time>2026-08-29T07:21:27.086Z</time></trkpt><trkpt lat="52.33157" lon="12.99278833"><ele>46.0</ele><time>2026-08-29T07:21:28.086Z</time></trkpt><trkpt lat="52.331565" lon="12.992835"><ele>45.0</ele><time>2026-08-29T07:21:29.086Z</time></trkpt><trkpt lat="52.33156667" lon="12.99288"><ele>44.0</ele><time>2026-08-29T07:21:30.086Z</time></trkpt><trkpt lat="52.33157" lon="12.99291667"><ele>43.0</ele><time>2026-08-29T07:21:31.086Z</time></trkpt><trkpt lat="52.33157333" lon="12.99296"><ele>43.0</ele><time>2026-08-29T07:21:32.086Z</time></trkpt><trkpt lat="52.33158" lon="12.99301"><ele>42.0</ele><time>2026-08-29T07:21:33.086Z</time></trkpt><trkpt lat="52.33159167" lon="12.993055"><ele>41.0</ele><time>2026-08-29T07:21:34.086Z</time></trkpt><trkpt lat="52.33159833" lon="12.99310667"><ele>41.0</ele><time>2026-08-29T07:21:35.086Z</time></trkpt><trkpt lat="52.33160667" lon="12.99314833"><ele>41.0</ele><time>2026-08-29T07:21:36.086Z</time></trkpt><trkpt lat="52.33162333" lon="12.99319"><ele>41.0</ele><time>2026-08-29T07:21:37.086Z</time></trkpt><trkpt lat="52.33163833" lon="12.99323333"><ele>41.0</ele><time>2026-08-29T07:21:38.086Z</time></trkpt><trkpt lat="52.33164833" lon="12.99327667"><ele>41.0</ele><time>2026-08-29T07:21:39.086Z</time></trkpt><trkpt lat="52.33165333" lon="12.99331667"><ele>41.0</ele><time>2026-08-29T07:21:40.086Z</time></trkpt><trkpt lat="52.33165667" lon="12.99335333"><ele>41.0</ele><time>2026-08-29T07:21:41.086Z</time></trkpt><trkpt lat="52.33166167" lon="12.99340167"><ele>41.0</ele><time>2026-08-29T07:21:42.086Z</time></trkpt><trkpt lat="52.33167167" lon="12.99344833"><ele>41.0</ele><time>2026-08-29T07:21:43.086Z</time></trkpt><trkpt lat="52.33168667" lon="12.99350167"><ele>41.0</ele><time>2026-08-29T07:21:44.086Z</time></trkpt><trkpt lat="52.33170333" lon="12.99354167"><ele>41.0</ele><time>2026-08-29T07:21:45.086Z</time></trkpt><trkpt lat="52.33172" lon="12.99358667"><ele>42.0</ele><time>2026-08-29T07:21:46.086Z</time></trkpt><trkpt lat="52.33173667" lon="12.99363667"><ele>42.0</ele><time>2026-08-29T07:21:47.086Z</time></trkpt><trkpt lat="52.33175" lon="12.99368"><ele>42.0</ele><time>2026-08-29T07:21:48.086Z</time></trkpt><trkpt lat="52.33176" lon="12.99371333"><ele>42.0</ele><time>2026-08-29T07:21:49.086Z</time></trkpt><trkpt lat="52.33177833" lon="12.993765"><ele>43.0</ele><time>2026-08-29T07:21:50.086Z</time></trkpt><trkpt lat="52.331795" lon="12.993805"><ele>43.0</ele><time>2026-08-29T07:21:51.086Z</time></trkpt><trkpt lat="52.33181167" lon="12.993845"><ele>44.0</ele><time>2026-08-29T07:21:52.086Z</time></trkpt><trkpt lat="52.33182833" lon="12.99388333"><ele>44.0</ele><time>2026-08-29T07:21:53.086Z</time></trkpt><trkpt lat="52.33184667" lon="12.99392167"><ele>45.0</ele><time>2026-08-29T07:21:54.086Z</time></trkpt><trkpt lat="52.33186833" lon="12.99395833"><ele>45.0</ele><time>2026-08-29T07:21:55.086Z</time></trkpt><trkpt lat="52.33189333" lon="12.993995"><ele>45.0</ele><time>2026-08-29T07:21:56.086Z</time></trkpt><trkpt lat="52.33191667" lon="12.99403167"><ele>46.0</ele><time>2026-08-29T07:21:57.086Z</time></trkpt><trkpt lat="52.33193667" lon="12.99406667"><ele>47.0</ele><time>2026-08-29T07:21:58.086Z</time></trkpt><trkpt lat="52.33195833" lon="12.99410167"><ele>47.0</ele><time>2026-08-29T07:21:59.086Z</time></trkpt><trkpt lat="52.331975" lon="12.99413667"><ele>48.0</ele><time>2026-08-29T07:22:00.086Z</time></trkpt><trkpt lat="52.331985" lon="12.99416833"><ele>48.0</ele><time>2026-08-29T07:22:01.086Z</time></trkpt><trkpt lat="52.33200167" lon="12.99421833"><ele>49.0</ele><time>2026-08-29T07:22:02.086Z</time></trkpt><trkpt lat="52.33201167" lon="12.99426167"><ele>49.0</ele><time>2026-08-29T07:22:03.086Z</time></trkpt><trkpt lat="52.33202167" lon="12.99430333"><ele>49.0</ele><time>2026-08-29T07:22:04.086Z</time></trkpt><trkpt lat="52.33202667" lon="12.99433833"><ele>50.0</ele><time>2026-08-29T07:22:05.086Z</time></trkpt><trkpt lat="52.33203333" lon="12.9944"><ele>50.0</ele><time>2026-08-29T07:22:06.086Z</time></trkpt><trkpt lat="52.33204" lon="12.99445333"><ele>50.0</ele><time>2026-08-29T07:22:07.086Z</time></trkpt><trkpt lat="52.332045" lon="12.994505"><ele>50.0</ele><time>2026-08-29T07:22:08.086Z</time></trkpt><trkpt lat="52.33205" lon="12.99455"><ele>50.0</ele><time>2026-08-29T07:22:09.086Z</time></trkpt><trkpt lat="52.33205" lon="12.9946"><ele>50.0</ele><time>2026-08-29T07:22:10.086Z</time></trkpt><trkpt lat="52.33204667" lon="12.99464333"><ele>50.0</ele><time>2026-08-29T07:22:11.086Z</time></trkpt><trkpt lat="52.33204" lon="12.994685"><ele>50.0</ele><time>2026-08-29T07:22:12.086Z</time></trkpt><trkpt lat="52.332025" lon="12.99473667"><ele>49.0</ele><time>2026-08-29T07:22:13.086Z</time></trkpt><trkpt lat="52.33201333" lon="12.99478333"><ele>49.0</ele><time>2026-08-29T07:22:14.086Z</time></trkpt><trkpt lat="52.33200333" lon="12.99481667"><ele>48.0</ele><time>2026-08-29T07:22:15.086Z</time></trkpt><trkpt lat="52.33199" lon="12.994855"><ele>48.0</ele><time>2026-08-29T07:22:16.086Z</time></trkpt><trkpt lat="52.331975" lon="12.99489667"><ele>47.0</ele><time>2026-08-29T07:22:17.086Z</time></trkpt><trkpt lat="52.33197" lon="12.99493833"><ele>47.0</ele><time>2026-08-29T07:22:18.086Z</time></trkpt><trkpt lat="52.33196333" lon="12.99497333"><ele>47.0</ele><time>2026-08-29T07:22:19.086Z</time></trkpt><trkpt lat="52.33195" lon="12.99501"><ele>47.0</ele><time>2026-08-29T07:22:20.086Z</time></trkpt><trkpt lat="52.33194167" lon="12.99504667"><ele>47.0</ele><time>2026-08-29T07:22:21.086Z</time></trkpt><trkpt lat="52.33194" lon="12.99508333"><ele>47.0</ele><time>2026-08-29T07:22:22.086Z</time></trkpt><trkpt lat="52.33193167" lon="12.99513167"><ele>47.0</ele><time>2026-08-29T07:22:23.086Z</time></trkpt><trkpt lat="52.33192167" lon="12.995175"><ele>47.0</ele><time>2026-08-29T07:22:24.086Z</time></trkpt><trkpt lat="52.33191333" lon="12.99522167"><ele>47.0</ele><time>2026-08-29T07:22:25.086Z</time></trkpt><trkpt lat="52.33191" lon="12.995255"><ele>47.0</ele><time>2026-08-29T07:22:26.086Z</time></trkpt><trkpt lat="52.33190333" lon="12.99530167"><ele>47.0</ele><time>2026-08-29T07:22:27.086Z</time></trkpt><trkpt lat="52.33189667" lon="12.99535"><ele>47.0</ele><time>2026-08-29T07:22:28.086Z</time></trkpt><trkpt lat="52.33189333" lon="12.995395"><ele>47.0</ele><time>2026-08-29T07:22:29.086Z</time></trkpt><trkpt lat="52.33189333" lon="12.99542833"><ele>46.0</ele><time>2026-08-29T07:22:30.086Z</time></trkpt><trkpt lat="52.33189333" lon="12.99545333"><ele>46.0</ele><time>2026-08-29T07:22:31.086Z</time></trkpt><trkpt lat="52.33189667" lon="12.99549"><ele>46.0</ele><time>2026-08-29T07:22:32.086Z</time></trkpt><trkpt lat="52.33190167" lon="12.99552167"><ele>46.0</ele><time>2026-08-29T07:22:33.086Z</time></trkpt><trkpt lat="52.33191333" lon="12.99555167"><ele>46.0</ele><time>2026-08-29T07:22:34.086Z</time></trkpt><trkpt lat="52.33192833" lon="12.99557833"><ele>46.0</ele><time>2026-08-29T07:22:35.086Z</time></trkpt><trkpt lat="52.33194" lon="12.9956"><ele>46.0</ele><time>2026-08-29T07:22:36.086Z</time></trkpt><trkpt lat="52.33195333" lon="12.99561833"><ele>46.0</ele><time>2026-08-29T07:22:37.086Z</time></trkpt><trkpt lat="52.331965" lon="12.99563667"><ele>46.0</ele><time>2026-08-29T07:22:38.086Z</time></trkpt><trkpt lat="52.33197833" lon="12.99565333"><ele>47.0</ele><time>2026-08-29T07:22:39.086Z</time></trkpt><trkpt lat="52.33198833" lon="12.995675"><ele>47.0</ele><time>2026-08-29T07:22:40.086Z</time></trkpt><trkpt lat="52.332005" lon="12.99570333"><ele>47.0</ele><time>2026-08-29T07:22:41.086Z</time></trkpt><trkpt lat="52.33202333" lon="12.99573333"><ele>47.0</ele><time>2026-08-29T07:22:42.086Z</time></trkpt><trkpt lat="52.33204167" lon="12.99576333"><ele>47.0</ele><time>2026-08-29T07:22:43.086Z</time></trkpt><trkpt lat="52.33206167" lon="12.99579"><ele>48.0</ele><time>2026-08-29T07:22:44.086Z</time></trkpt><trkpt lat="52.33208667" lon="12.99581833"><ele>48.0</ele><time>2026-08-29T07:22:45.086Z</time></trkpt><trkpt lat="52.332105" lon="12.99584333"><ele>49.0</ele><time>2026-08-29T07:22:46.086Z</time></trkpt><trkpt lat="52.33212333" lon="12.99587167"><ele>49.0</ele><time>2026-08-29T07:22:47.086Z</time></trkpt><trkpt lat="52.33214333" lon="12.99589833"><ele>50.0</ele><time>2026-08-29T07:22:48.086Z</time></trkpt><trkpt lat="52.33216" lon="12.99592"><ele>50.0</ele><time>2026-08-29T07:22:49.086Z</time></trkpt><trkpt lat="52.33218167" lon="12.995945"><ele>50.0</ele><time>2026-08-29T07:22:50.086Z</time></trkpt><trkpt lat="52.33220833" lon="12.99597667"><ele>51.0</ele><time>2026-08-29T07:22:51.086Z</time></trkpt><trkpt lat="52.33223167" lon="12.99600667"><ele>51.0</ele><time>2026-08-29T07:22:52.086Z</time></trkpt><trkpt lat="52.33225667" lon="12.99604"><ele>52.0</ele><time>2026-08-29T07:22:53.086Z</time></trkpt><trkpt lat="52.33227667" lon="12.99606667"><ele>52.0</ele><time>2026-08-29T07:22:54.086Z</time></trkpt><trkpt lat="52.332295" lon="12.99609167"><ele>52.0</ele><time>2026-08-29T07:22:55.086Z</time></trkpt><trkpt lat="52.33231" lon="12.99611833"><ele>53.0</ele><time>2026-08-29T07:22:56.086Z</time></trkpt><trkpt lat="52.33232833" lon="12.996145"><ele>53.0</ele><time>2026-08-29T07:22:57.086Z</time></trkpt><trkpt lat="52.33234833" lon="12.99617"><ele>54.0</ele><time>2026-08-29T07:22:58.086Z</time></trkpt><trkpt lat="52.33236833" lon="12.996195"><ele>54.0</ele><time>2026-08-29T07:22:59.086Z</time></trkpt><trkpt lat="52.332385" lon="12.99622167"><ele>55.0</ele><time>2026-08-29T07:23:00.086Z</time></trkpt><trkpt lat="52.33239833" lon="12.996245"><ele>55.0</ele><time>2026-08-29T07:23:01.086Z</time></trkpt><trkpt lat="52.33241333" lon="12.996285"><ele>55.0</ele><time>2026-08-29T07:23:02.086Z</time></trkpt><trkpt lat="52.33244167" lon="12.99631833"><ele>56.0</ele><time>2026-08-29T07:23:03.086Z</time></trkpt><trkpt lat="52.33246" lon="12.99635167"><ele>56.0</ele><time>2026-08-29T07:23:04.086Z</time></trkpt><trkpt lat="52.33249167" lon="12.996385"><ele>56.0</ele><time>2026-08-29T07:23:05.086Z</time></trkpt><trkpt lat="52.33252333" lon="12.99641667"><ele>56.0</ele><time>2026-08-29T07:23:06.086Z</time></trkpt><trkpt lat="52.33254833" lon="12.99645"><ele>56.0</ele><time>2026-08-29T07:23:07.086Z</time></trkpt><trkpt lat="52.332575" lon="12.99648833"><ele>57.0</ele><time>2026-08-29T07:23:08.086Z</time></trkpt><trkpt lat="52.332595" lon="12.99652833"><ele>57.0</ele><time>2026-08-29T07:23:09.086Z</time></trkpt><trkpt lat="52.332605" lon="12.99656"><ele>57.0</ele><time>2026-08-29T07:23:10.086Z</time></trkpt><trkpt lat="52.33262167" lon="12.99660333"><ele>57.0</ele><time>2026-08-29T07:23:11.086Z</time></trkpt><trkpt lat="52.33264167" lon="12.99664"><ele>58.0</ele><time>2026-08-29T07:23:12.086Z</time></trkpt><trkpt lat="52.33266667" lon="12.99667833"><ele>58.0</ele><time>2026-08-29T07:23:13.086Z</time></trkpt><trkpt lat="52.33269167" lon="12.99671833"><ele>58.0</ele><time>2026-08-29T07:23:14.086Z</time></trkpt><trkpt lat="52.33270833" lon="12.99675"><ele>58.0</ele><time>2026-08-29T07:23:15.086Z</time></trkpt><trkpt lat="52.33272833" lon="12.99679"><ele>59.0</ele><time>2026-08-29T07:23:16.086Z</time></trkpt><trkpt lat="52.332745" lon="12.99682667"><ele>59.0</ele><time>2026-08-29T07:23:17.086Z</time></trkpt><trkpt lat="52.33276" lon="12.99685333"><ele>59.0</ele><time>2026-08-29T07:23:18.086Z</time></trkpt><trkpt lat="52.33277333" lon="12.99688167"><ele>60.0</ele><time>2026-08-29T07:23:19.086Z</time></trkpt><trkpt lat="52.33278667" lon="12.99691667"><ele>60.0</ele><time>2026-08-29T07:23:20.086Z</time></trkpt><trkpt lat="52.33280333" lon="12.99695"><ele>60.0</ele><time>2026-08-29T07:23:21.086Z</time></trkpt><trkpt lat="52.33282333" lon="12.99698667"><ele>60.0</ele><time>2026-08-29T07:23:22.086Z</time></trkpt><trkpt lat="52.332855" lon="12.99702"><ele>60.0</ele><time>2026-08-29T07:23:23.086Z</time></trkpt><trkpt lat="52.332875" lon="12.99704833"><ele>60.0</ele><time>2026-08-29T07:23:24.086Z</time></trkpt><trkpt lat="52.33290167" lon="12.997075"><ele>60.0</ele><time>2026-08-29T07:23:25.086Z</time></trkpt><trkpt lat="52.33292333" lon="12.99709333"><ele>60.0</ele><time>2026-08-29T07:23:26.086Z</time></trkpt><trkpt lat="52.33294667" lon="12.99710333"><ele>60.0</ele><time>2026-08-29T07:23:27.086Z</time></trkpt><trkpt lat="52.33296833" lon="12.99711167"><ele>60.0</ele><time>2026-08-29T07:23:28.086Z</time></trkpt><trkpt lat="52.333005" lon="12.99711833"><ele>60.0</ele><time>2026-08-29T07:23:29.086Z</time></trkpt><trkpt lat="52.33305" lon="12.99712167"><ele>60.0</ele><time>2026-08-29T07:23:30.086Z</time></trkpt><trkpt lat="52.33309167" lon="12.99713167"><ele>61.0</ele><time>2026-08-29T07:23:31.086Z</time></trkpt><trkpt lat="52.33313" lon="12.99713667"><ele>61.0</ele><time>2026-08-29T07:23:32.086Z</time></trkpt><trkpt lat="52.333165" lon="12.997145"><ele>61.0</ele><time>2026-08-29T07:23:33.086Z</time></trkpt><trkpt lat="52.33320667" lon="12.99714333"><ele>61.0</ele><time>2026-08-29T07:23:34.086Z</time></trkpt><trkpt lat="52.33325333" lon="12.99714333"><ele>61.0</ele><time>2026-08-29T07:23:35.086Z</time></trkpt><trkpt lat="52.33328667" lon="12.997145"><ele>61.0</ele><time>2026-08-29T07:23:36.086Z</time></trkpt><trkpt lat="52.33331667" lon="12.99716667"><ele>61.0</ele><time>2026-08-29T07:23:37.086Z</time></trkpt><trkpt lat="52.33334667" lon="12.99717333"><ele>61.0</ele><time>2026-08-29T07:23:38.086Z</time></trkpt><trkpt lat="52.33337333" lon="12.99717667"><ele>61.0</ele><time>2026-08-29T07:23:39.086Z</time></trkpt><trkpt lat="52.3334" lon="12.99717833"><ele>61.0</ele><time>2026-08-29T07:23:40.086Z</time></trkpt><trkpt lat="52.33342333" lon="12.99718"><ele>60.0</ele><time>2026-08-29T07:23:41.086Z</time></trkpt><trkpt lat="52.33345167" lon="12.99717667"><ele>60.0</ele><time>2026-08-29T07:23:42.086Z</time></trkpt><trkpt lat="52.33349333" lon="12.99717333"><ele>60.0</ele><time>2026-08-29T07:23:43.086Z</time></trkpt><trkpt lat="52.333535" lon="12.99717333"><ele>60.0</ele><time>2026-08-29T07:23:44.086Z</time></trkpt><trkpt lat="52.33357333" lon="12.99718667"><ele>60.0</ele><time>2026-08-29T07:23:45.086Z</time></trkpt><trkpt lat="52.33361333" lon="12.99721"><ele>60.0</ele><time>2026-08-29T07:23:46.086Z</time></trkpt><trkpt lat="52.33366167" lon="12.99727833"><ele>60.0</ele><time>2026-08-29T07:23:47.086Z</time></trkpt><trkpt lat="52.333705" lon="12.99733167"><ele>60.0</ele><time>2026-08-29T07:23:48.086Z</time></trkpt><trkpt lat="52.33376" lon="12.99738333"><ele>60.0</ele><time>2026-08-29T07:23:49.086Z</time></trkpt><trkpt lat="52.33380333" lon="12.99743"><ele>60.0</ele><time>2026-08-29T07:23:50.086Z</time></trkpt><trkpt lat="52.33384167" lon="12.997475"><ele>60.0</ele><time>2026-08-29T07:23:51.086Z</time></trkpt><trkpt lat="52.33387833" lon="12.99754167"><ele>60.0</ele><time>2026-08-29T07:23:52.086Z</time></trkpt><trkpt lat="52.33391" lon="12.99760667"><ele>60.0</ele><time>2026-08-29T07:23:53.086Z</time></trkpt><trkpt lat="52.33392667" lon="12.99767667"><ele>60.0</ele><time>2026-08-29T07:23:54.086Z</time></trkpt><trkpt lat="52.33393333" lon="12.997735"><ele>60.0</ele><time>2026-08-29T07:23:55.086Z</time></trkpt><trkpt lat="52.33393333" lon="12.997795"><ele>60.0</ele><time>2026-08-29T07:23:56.086Z</time></trkpt><trkpt lat="52.33393333" lon="12.99782833"><ele>60.0</ele><time>2026-08-29T07:23:57.086Z</time></trkpt><trkpt lat="52.333935" lon="12.99786"><ele>60.0</ele><time>2026-08-29T07:23:58.086Z</time></trkpt><trkpt lat="52.33393667" lon="12.99789"><ele>60.0</ele><time>2026-08-29T07:23:59.086Z</time></trkpt><trkpt lat="52.33394333" lon="12.99791833"><ele>60.0</ele><time>2026-08-29T07:24:00.086Z</time></trkpt><trkpt lat="52.33395333" lon="12.99794833"><ele>60.0</ele><time>2026-08-29T07:24:01.086Z</time></trkpt><trkpt lat="52.33396167" lon="12.99797167"><ele>60.0</ele><time>2026-08-29T07:24:02.086Z</time></trkpt><trkpt lat="52.33397" lon="12.99799"><ele>60.0</ele><time>2026-08-29T07:24:03.086Z</time></trkpt><trkpt lat="52.33398333" lon="12.99800167"><ele>59.0</ele><time>2026-08-29T07:24:04.086Z</time></trkpt><trkpt lat="52.333995" lon="12.99801167"><ele>59.0</ele><time>2026-08-29T07:24:05.086Z</time></trkpt><trkpt lat="52.33400833" lon="12.998025"><ele>59.0</ele><time>2026-08-29T07:24:06.086Z</time></trkpt><trkpt lat="52.33402" lon="12.99804"><ele>59.0</ele><time>2026-08-29T07:24:07.086Z</time></trkpt><trkpt lat="52.33404833" lon="12.99806167"><ele>59.0</ele><time>2026-08-29T07:24:08.086Z</time></trkpt><trkpt lat="52.33406833" lon="12.99808167"><ele>59.0</ele><time>2026-08-29T07:24:09.086Z</time></trkpt><trkpt lat="52.334085" lon="12.998105"><ele>60.0</ele><time>2026-08-29T07:24:10.086Z</time></trkpt><trkpt lat="52.33410167" lon="12.99813167"><ele>60.0</ele><time>2026-08-29T07:24:11.086Z</time></trkpt><trkpt lat="52.33412167" lon="12.99815333"><ele>60.0</ele><time>2026-08-29T07:24:12.086Z</time></trkpt><trkpt lat="52.33413833" lon="12.99817"><ele>60.0</ele><time>2026-08-29T07:24:13.086Z</time></trkpt><trkpt lat="52.33415333" lon="12.99818333"><ele>60.0</ele><time>2026-08-29T07:24:14.086Z</time></trkpt><trkpt lat="52.33416833" lon="12.998195"><ele>60.0</ele><time>2026-08-29T07:24:15.086Z</time></trkpt><trkpt lat="52.33418167" lon="12.99820167"><ele>60.0</ele><time>2026-08-29T07:24:16.086Z</time></trkpt><trkpt lat="52.33419833" lon="12.99821167"><ele>60.0</ele><time>2026-08-29T07:24:17.086Z</time></trkpt><trkpt lat="52.334215" lon="12.99822"><ele>60.0</ele><time>2026-08-29T07:24:18.086Z</time></trkpt><trkpt lat="52.33423333" lon="12.998225"><ele>60.0</ele><time>2026-08-29T07:24:19.086Z</time></trkpt><trkpt lat="52.33425167" lon="12.99823333"><ele>59.0</ele><time>2026-08-29T07:24:20.086Z</time></trkpt><trkpt lat="52.334275" lon="12.99824667"><ele>59.0</ele><time>2026-08-29T07:24:21.086Z</time></trkpt><trkpt lat="52.33429333" lon="12.99826167"><ele>59.0</ele><time>2026-08-29T07:24:22.086Z</time></trkpt><trkpt lat="52.33431167" lon="12.99828"><ele>59.0</ele><time>2026-08-29T07:24:23.086Z</time></trkpt><trkpt lat="52.33433" lon="12.998305"><ele>59.0</ele><time>2026-08-29T07:24:24.086Z</time></trkpt><trkpt lat="52.33434833" lon="12.99833167"><ele>59.0</ele><time>2026-08-29T07:24:25.086Z</time></trkpt><trkpt lat="52.33437" lon="12.99835667"><ele>58.0</ele><time>2026-08-29T07:24:26.086Z</time></trkpt><trkpt lat="52.33439167" lon="12.99837833"><ele>58.0</ele><time>2026-08-29T07:24:27.086Z</time></trkpt><trkpt lat="52.334415" lon="12.998405"><ele>58.0</ele><time>2026-08-29T07:24:28.086Z</time></trkpt><trkpt lat="52.33443667" lon="12.99843833"><ele>58.0</ele><time>2026-08-29T07:24:29.086Z</time></trkpt><trkpt lat="52.33446333" lon="12.99848667"><ele>58.0</ele><time>2026-08-29T07:24:30.086Z</time></trkpt><trkpt lat="52.33448333" lon="12.99853667"><ele>57.0</ele><time>2026-08-29T07:24:31.086Z</time></trkpt><trkpt lat="52.33449667" lon="12.99857833"><ele>57.0</ele><time>2026-08-29T07:24:32.086Z</time></trkpt><trkpt lat="52.33450333" lon="12.99861667"><ele>57.0</ele><time>2026-08-29T07:24:33.086Z</time></trkpt><trkpt lat="52.33451" lon="12.99866"><ele>56.0</ele><time>2026-08-29T07:24:34.086Z</time></trkpt><trkpt lat="52.33452333" lon="12.99870667"><ele>56.0</ele><time>2026-08-29T07:24:35.086Z</time></trkpt><trkpt lat="52.33453667" lon="12.99875167"><ele>55.0</ele><time>2026-08-29T07:24:36.086Z</time></trkpt><trkpt lat="52.33455167" lon="12.99880833"><ele>54.0</ele><time>2026-08-29T07:24:37.086Z</time></trkpt><trkpt lat="52.33456333" lon="12.99886333"><ele>54.0</ele><time>2026-08-29T07:24:38.086Z</time></trkpt><trkpt lat="52.33457333" lon="12.998905"><ele>53.0</ele><time>2026-08-29T07:24:39.086Z</time></trkpt><trkpt lat="52.33458333" lon="12.99894333"><ele>52.0</ele><time>2026-08-29T07:24:40.086Z</time></trkpt><trkpt lat="52.33459333" lon="12.998975"><ele>51.0</ele><time>2026-08-29T07:24:41.086Z</time></trkpt><trkpt lat="52.33460333" lon="12.99901667"><ele>51.0</ele><time>2026-08-29T07:24:42.086Z</time></trkpt><trkpt lat="52.33461167" lon="12.99905167"><ele>50.0</ele><time>2026-08-29T07:24:43.086Z</time></trkpt><trkpt lat="52.33462" lon="12.99908667"><ele>49.0</ele><time>2026-08-29T07:24:44.086Z</time></trkpt><trkpt lat="52.334635" lon="12.99912"><ele>49.0</ele><time>2026-08-29T07:24:45.086Z</time></trkpt><trkpt lat="52.33464167" lon="12.99915167"><ele>48.0</ele><time>2026-08-29T07:24:46.086Z</time></trkpt><trkpt lat="52.33465167" lon="12.999185"><ele>47.0</ele><time>2026-08-29T07:24:47.086Z</time></trkpt><trkpt lat="52.33466167" lon="12.99921833"><ele>47.0</ele><time>2026-08-29T07:24:48.086Z</time></trkpt><trkpt lat="52.33467833" lon="12.99925667"><ele>46.0</ele><time>2026-08-29T07:24:49.086Z</time></trkpt><trkpt lat="52.33469667" lon="12.99929333"><ele>45.0</ele><time>2026-08-29T07:24:50.086Z</time></trkpt><trkpt lat="52.33471333" lon="12.99933333"><ele>44.0</ele><time>2026-08-29T07:24:51.086Z</time></trkpt><trkpt lat="52.33472667" lon="12.999375"><ele>43.0</ele><time>2026-08-29T07:24:52.086Z</time></trkpt><trkpt lat="52.33474167" lon="12.99942"><ele>43.0</ele><time>2026-08-29T07:24:53.086Z</time></trkpt><trkpt lat="52.334755" lon="12.99946167"><ele>42.0</ele><time>2026-08-29T07:24:54.086Z</time></trkpt><trkpt lat="52.33476833" lon="12.99950333"><ele>41.0</ele><time>2026-08-29T07:24:55.086Z</time></trkpt><trkpt lat="52.33478333" lon="12.999545"><ele>41.0</ele><time>2026-08-29T07:24:56.086Z</time></trkpt><trkpt lat="52.33479833" lon="12.99958833"><ele>40.0</ele><time>2026-08-29T07:24:57.086Z</time></trkpt><trkpt lat="52.334815" lon="12.999625"><ele>40.0</ele><time>2026-08-29T07:24:58.086Z</time></trkpt><trkpt lat="52.334835" lon="12.99966333"><ele>40.0</ele><time>2026-08-29T07:24:59.086Z</time></trkpt><trkpt lat="52.334855" lon="12.999705"><ele>39.0</ele><time>2026-08-29T07:25:00.086Z</time></trkpt><trkpt lat="52.33486667" lon="12.99973833"><ele>38.0</ele><time>2026-08-29T07:25:01.086Z</time></trkpt><trkpt lat="52.334885" lon="12.99978167"><ele>38.0</ele><time>2026-08-29T07:25:02.086Z</time></trkpt><trkpt lat="52.3349" lon="12.99981833"><ele>37.0</ele><time>2026-08-29T07:25:03.086Z</time></trkpt><trkpt lat="52.33491667" lon="12.999855"><ele>36.0</ele><time>2026-08-29T07:25:04.086Z</time></trkpt><trkpt lat="52.33493" lon="12.999885"><ele>35.0</ele><time>2026-08-29T07:25:05.086Z</time></trkpt><trkpt lat="52.33495167" lon="12.999935"><ele>34.0</ele><time>2026-08-29T07:25:06.086Z</time></trkpt><trkpt lat="52.33497167" lon="12.99997333"><ele>33.0</ele><time>2026-08-29T07:25:07.086Z</time></trkpt><trkpt lat="52.33498833" lon="13.00000667"><ele>32.0</ele><time>2026-08-29T07:25:08.086Z</time></trkpt><trkpt lat="52.33501167" lon="13.00006167"><ele>32.0</ele><time>2026-08-29T07:25:09.086Z</time></trkpt><trkpt lat="52.335025" lon="13.00010833"><ele>31.0</ele><time>2026-08-29T07:25:10.086Z</time></trkpt><trkpt lat="52.33503667" lon="13.00014"><ele>31.0</ele><time>2026-08-29T07:25:11.086Z</time></trkpt><trkpt lat="52.335055" lon="13.00018"><ele>31.0</ele><time>2026-08-29T07:25:12.086Z</time></trkpt><trkpt lat="52.33507833" lon="13.000215"><ele>31.0</ele><time>2026-08-29T07:25:13.086Z</time></trkpt><trkpt lat="52.335105" lon="13.00025667"><ele>30.0</ele><time>2026-08-29T07:25:14.086Z</time></trkpt><trkpt lat="52.33513" lon="13.00029333"><ele>30.0</ele><time>2026-08-29T07:25:15.086Z</time></trkpt><trkpt lat="52.33514833" lon="13.00032667"><ele>30.0</ele><time>2026-08-29T07:25:16.086Z</time></trkpt><trkpt lat="52.33515833" lon="13.00034833"><ele>30.0</ele><time>2026-08-29T07:25:17.086Z</time></trkpt><trkpt lat="52.33517167" lon="13.000375"><ele>30.0</ele><time>2026-08-29T07:25:18.086Z</time></trkpt><trkpt lat="52.335185" lon="13.00039667"><ele>30.0</ele><time>2026-08-29T07:25:19.086Z</time></trkpt><trkpt lat="52.33520167" lon="13.00043333"><ele>30.0</ele><time>2026-08-29T07:25:20.086Z</time></trkpt><trkpt lat="52.33522167" lon="13.00047833"><ele>30.0</ele><time>2026-08-29T07:25:21.086Z</time></trkpt><trkpt lat="52.33523833" lon="13.00051667"><ele>30.0</ele><time>2026-08-29T07:25:22.086Z</time></trkpt><trkpt lat="52.335255" lon="13.00055167"><ele>30.0</ele><time>2026-08-29T07:25:23.086Z</time></trkpt><trkpt lat="52.33527333" lon="13.000585"><ele>30.0</ele><time>2026-08-29T07:25:24.086Z</time></trkpt><trkpt lat="52.33529167" lon="13.000625"><ele>30.0</ele><time>2026-08-29T07:25:25.086Z</time></trkpt><trkpt lat="52.33530667" lon="13.00065833"><ele>30.0</ele><time>2026-08-29T07:25:26.086Z</time></trkpt><trkpt lat="52.33533" lon="13.000705"><ele>31.0</ele><time>2026-08-29T07:25:27.086Z</time></trkpt><trkpt lat="52.33535167" lon="13.000745"><ele>31.0</ele><time>2026-08-29T07:25:28.086Z</time></trkpt><trkpt lat="52.33537167" lon="13.00078167"><ele>31.0</ele><time>2026-08-29T07:25:29.086Z</time></trkpt><trkpt lat="52.33539" lon="13.00080833"><ele>31.0</ele><time>2026-08-29T07:25:30.086Z</time></trkpt><trkpt lat="52.33541167" lon="13.00084333"><ele>31.0</ele><time>2026-08-29T07:25:31.086Z</time></trkpt><trkpt lat="52.33543" lon="13.000865"><ele>31.0</ele><time>2026-08-29T07:25:32.086Z</time></trkpt><trkpt lat="52.33545833" lon="13.0009"><ele>31.0</ele><time>2026-08-29T07:25:33.086Z</time></trkpt><trkpt lat="52.33547833" lon="13.00092667"><ele>31.0</ele><time>2026-08-29T07:25:34.086Z</time></trkpt><trkpt lat="52.33550667" lon="13.00095833"><ele>31.0</ele><time>2026-08-29T07:25:35.086Z</time></trkpt><trkpt lat="52.335535" lon="13.00098667"><ele>31.0</ele><time>2026-08-29T07:25:36.086Z</time></trkpt><trkpt lat="52.33556667" lon="13.00101667"><ele>31.0</ele><time>2026-08-29T07:25:37.086Z</time></trkpt><trkpt lat="52.33559667" lon="13.001045"><ele>32.0</ele><time>2026-08-29T07:25:38.086Z</time></trkpt><trkpt lat="52.335625" lon="13.00107167"><ele>32.0</ele><time>2026-08-29T07:25:39.086Z</time></trkpt><trkpt lat="52.33565333" lon="13.00109667"><ele>32.0</ele><time>2026-08-29T07:25:40.086Z</time></trkpt><trkpt lat="52.33568333" lon="13.00111833"><ele>32.0</ele><time>2026-08-29T07:25:41.086Z</time></trkpt><trkpt lat="52.33571" lon="13.001135"><ele>32.0</ele><time>2026-08-29T07:25:42.086Z</time></trkpt><trkpt lat="52.33573667" lon="13.00115167"><ele>32.0</ele><time>2026-08-29T07:25:43.086Z</time></trkpt><trkpt lat="52.33576333" lon="13.00116833"><ele>32.0</ele><time>2026-08-29T07:25:44.086Z</time></trkpt><trkpt lat="52.33579667" lon="13.001195"><ele>33.0</ele><time>2026-08-29T07:25:45.086Z</time></trkpt><trkpt lat="52.33582667" lon="13.00121333"><ele>33.0</ele><time>2026-08-29T07:25:46.086Z</time></trkpt><trkpt lat="52.33585667" lon="13.00122833"><ele>33.0</ele><time>2026-08-29T07:25:47.086Z</time></trkpt><trkpt lat="52.33587833" lon="13.00123667"><ele>33.0</ele><time>2026-08-29T07:25:48.086Z</time></trkpt><trkpt lat="52.33591333" lon="13.001255"><ele>33.0</ele><time>2026-08-29T07:25:49.086Z</time></trkpt><trkpt lat="52.33594167" lon="13.00127167"><ele>33.0</ele><time>2026-08-29T07:25:50.086Z</time></trkpt><trkpt lat="52.33596333" lon="13.00128333"><ele>33.0</ele><time>2026-08-29T07:25:51.086Z</time></trkpt><trkpt lat="52.33599167" lon="13.00129333"><ele>33.0</ele><time>2026-08-29T07:25:52.086Z</time></trkpt><trkpt lat="52.336025" lon="13.00130833"><ele>33.0</ele><time>2026-08-29T07:25:53.086Z</time></trkpt><trkpt lat="52.336055" lon="13.00132"><ele>33.0</ele><time>2026-08-29T07:25:54.086Z</time></trkpt><trkpt lat="52.33607667" lon="13.00133167"><ele>33.0</ele><time>2026-08-29T07:25:55.086Z</time></trkpt><trkpt lat="52.33610167" lon="13.001345"><ele>33.0</ele><time>2026-08-29T07:25:56.086Z</time></trkpt><trkpt lat="52.336125" lon="13.00136"><ele>33.0</ele><time>2026-08-29T07:25:57.086Z</time></trkpt><trkpt lat="52.33614833" lon="13.00137833"><ele>33.0</ele><time>2026-08-29T07:25:58.086Z</time></trkpt><trkpt lat="52.33617" lon="13.00140167"><ele>33.0</ele><time>2026-08-29T07:25:59.086Z</time></trkpt><trkpt lat="52.33619167" lon="13.00142833"><ele>33.0</ele><time>2026-08-29T07:26:00.086Z</time></trkpt><trkpt lat="52.33620833" lon="13.00145667"><ele>33.0</ele><time>2026-08-29T07:26:01.086Z</time></trkpt><trkpt lat="52.33622833" lon="13.00148667"><ele>34.0</ele><time>2026-08-29T07:26:02.086Z</time></trkpt><trkpt lat="52.33624667" lon="13.00152"><ele>34.0</ele><time>2026-08-29T07:26:03.086Z</time></trkpt><trkpt lat="52.336265" lon="13.00155667"><ele>34.0</ele><time>2026-08-29T07:26:04.086Z</time></trkpt><trkpt lat="52.33628167" lon="13.00159"><ele>34.0</ele><time>2026-08-29T07:26:05.086Z</time></trkpt><trkpt lat="52.3363" lon="13.00162"><ele>34.0</ele><time>2026-08-29T07:26:06.086Z</time></trkpt><trkpt lat="52.33631833" lon="13.001645"><ele>35.0</ele><time>2026-08-29T07:26:07.086Z</time></trkpt><trkpt lat="52.33633667" lon="13.00167"><ele>35.0</ele><time>2026-08-29T07:26:08.087Z</time></trkpt><trkpt lat="52.336355" lon="13.00169333"><ele>35.0</ele><time>2026-08-29T07:26:09.086Z</time></trkpt><trkpt lat="52.33637333" lon="13.00172167"><ele>35.0</ele><time>2026-08-29T07:26:10.086Z</time></trkpt><trkpt lat="52.33638833" lon="13.00175"><ele>36.0</ele><time>2026-08-29T07:26:11.086Z</time></trkpt><trkpt lat="52.33640167" lon="13.00178"><ele>36.0</ele><time>2026-08-29T07:26:12.086Z</time></trkpt><trkpt lat="52.33641167" lon="13.00181333"><ele>36.0</ele><time>2026-08-29T07:26:13.086Z</time></trkpt><trkpt lat="52.33641833" lon="13.00184833"><ele>37.0</ele><time>2026-08-29T07:26:14.086Z</time></trkpt><trkpt lat="52.33642167" lon="13.00187833"><ele>37.0</ele><time>2026-08-29T07:26:15.086Z</time></trkpt><trkpt lat="52.33643" lon="13.00191667"><ele>37.0</ele><time>2026-08-29T07:26:16.086Z</time></trkpt><trkpt lat="52.33643667" lon="13.001945"><ele>37.0</ele><time>2026-08-29T07:26:17.086Z</time></trkpt><trkpt lat="52.33645" lon="13.001975"><ele>38.0</ele><time>2026-08-29T07:26:18.086Z</time></trkpt><trkpt lat="52.33647667" lon="13.00200667"><ele>38.0</ele><time>2026-08-29T07:26:19.086Z</time></trkpt><trkpt lat="52.33649833" lon="13.00204"><ele>38.0</ele><time>2026-08-29T07:26:20.086Z</time></trkpt><trkpt lat="52.33651833" lon="13.00207"><ele>39.0</ele><time>2026-08-29T07:26:21.086Z</time></trkpt><trkpt lat="52.33653833" lon="13.00209167"><ele>39.0</ele><time>2026-08-29T07:26:22.086Z</time></trkpt><trkpt lat="52.33655833" lon="13.00212"><ele>39.0</ele><time>2026-08-29T07:26:23.086Z</time></trkpt><trkpt lat="52.33657833" lon="13.00213833"><ele>40.0</ele><time>2026-08-29T07:26:24.086Z</time></trkpt><trkpt lat="52.33659833" lon="13.00215833"><ele>40.0</ele><time>2026-08-29T07:26:25.086Z</time></trkpt><trkpt lat="52.33662667" lon="13.00217333"><ele>40.0</ele><time>2026-08-29T07:26:26.086Z</time></trkpt><trkpt lat="52.33665" lon="13.00218333"><ele>41.0</ele><time>2026-08-29T07:26:27.086Z</time></trkpt><trkpt lat="52.33667167" lon="13.00218667"><ele>41.0</ele><time>2026-08-29T07:26:28.086Z</time></trkpt><trkpt lat="52.33668833" lon="13.00218"><ele>41.0</ele><time>2026-08-29T07:26:29.086Z</time></trkpt><trkpt lat="52.336705" lon="13.00216667"><ele>42.0</ele><time>2026-08-29T07:26:30.086Z</time></trkpt><trkpt lat="52.33672" lon="13.002145"><ele>42.0</ele><time>2026-08-29T07:26:31.086Z</time></trkpt><trkpt lat="52.33673167" lon="13.002125"><ele>43.0</ele><time>2026-08-29T07:26:32.086Z</time></trkpt><trkpt lat="52.33674833" lon="13.00210667"><ele>43.0</ele><time>2026-08-29T07:26:33.086Z</time></trkpt><trkpt lat="52.33676333" lon="13.00208833"><ele>44.0</ele><time>2026-08-29T07:26:34.086Z</time></trkpt><trkpt lat="52.33678167" lon="13.00208"><ele>44.0</ele><time>2026-08-29T07:26:35.086Z</time></trkpt><trkpt lat="52.3368" lon="13.00207167"><ele>44.0</ele><time>2026-08-29T07:26:36.086Z</time></trkpt><trkpt lat="52.33682833" lon="13.00205667"><ele>44.0</ele><time>2026-08-29T07:26:37.086Z</time></trkpt><trkpt lat="52.33685167" lon="13.00204"><ele>45.0</ele><time>2026-08-29T07:26:38.086Z</time></trkpt><trkpt lat="52.33687333" lon="13.00202667"><ele>45.0</ele><time>2026-08-29T07:26:39.086Z</time></trkpt><trkpt lat="52.33689167" lon="13.00200833"><ele>45.0</ele><time>2026-08-29T07:26:40.086Z</time></trkpt><trkpt lat="52.33691333" lon="13.001985"><ele>45.0</ele><time>2026-08-29T07:26:41.086Z</time></trkpt><trkpt lat="52.33693667" lon="13.00195667"><ele>45.0</ele><time>2026-08-29T07:26:42.086Z</time></trkpt><trkpt lat="52.33695833" lon="13.00192333"><ele>45.0</ele><time>2026-08-29T07:26:43.086Z</time></trkpt><trkpt lat="52.33698" lon="13.00190833"><ele>45.0</ele><time>2026-08-29T07:26:44.086Z</time></trkpt><trkpt lat="52.33700167" lon="13.0019"><ele>45.0</ele><time>2026-08-29T07:26:45.086Z</time></trkpt><trkpt lat="52.337025" lon="13.00188833"><ele>45.0</ele><time>2026-08-29T07:26:46.086Z</time></trkpt><trkpt lat="52.33704333" lon="13.001875"><ele>45.0</ele><time>2026-08-29T07:26:47.086Z</time></trkpt><trkpt lat="52.33706167" lon="13.00186167"><ele>45.0</ele><time>2026-08-29T07:26:48.086Z</time></trkpt><trkpt lat="52.33707667" lon="13.00184667"><ele>45.0</ele><time>2026-08-29T07:26:49.086Z</time></trkpt><trkpt lat="52.33709" lon="13.00183"><ele>45.0</ele><time>2026-08-29T07:26:50.086Z</time></trkpt><trkpt lat="52.33710833" lon="13.00181833"><ele>45.0</ele><time>2026-08-29T07:26:51.086Z</time></trkpt><trkpt lat="52.33713167" lon="13.00181167"><ele>45.0</ele><time>2026-08-29T07:26:52.086Z</time></trkpt><trkpt lat="52.33715667" lon="13.001805"><ele>45.0</ele><time>2026-08-29T07:26:53.086Z</time></trkpt><trkpt lat="52.33717833" lon="13.00180167"><ele>45.0</ele><time>2026-08-29T07:26:54.086Z</time></trkpt><trkpt lat="52.3372" lon="13.00180167"><ele>45.0</ele><time>2026-08-29T07:26:55.086Z</time></trkpt><trkpt lat="52.33721667" lon="13.00180333"><ele>45.0</ele><time>2026-08-29T07:26:56.086Z</time></trkpt><trkpt lat="52.33723333" lon="13.00180333"><ele>46.0</ele><time>2026-08-29T07:26:57.086Z</time></trkpt><trkpt lat="52.33726167" lon="13.0018"><ele>46.0</ele><time>2026-08-29T07:26:58.086Z</time></trkpt><trkpt lat="52.33729167" lon="13.00179667"><ele>46.0</ele><time>2026-08-29T07:26:59.086Z</time></trkpt><trkpt lat="52.33732167" lon="13.0018"><ele>46.0</ele><time>2026-08-29T07:27:00.086Z</time></trkpt><trkpt lat="52.33735167" lon="13.001805"><ele>46.0</ele><time>2026-08-29T07:27:01.086Z</time></trkpt><trkpt lat="52.33738833" lon="13.001805"><ele>47.0</ele><time>2026-08-29T07:27:02.086Z</time></trkpt><trkpt lat="52.33741667" lon="13.00180833"><ele>47.0</ele><time>2026-08-29T07:27:03.086Z</time></trkpt><trkpt lat="52.33744333" lon="13.00181"><ele>47.0</ele><time>2026-08-29T07:27:04.086Z</time></trkpt><trkpt lat="52.33746333" lon="13.00180667"><ele>47.0</ele><time>2026-08-29T07:27:05.086Z</time></trkpt><trkpt lat="52.33748167" lon="13.00180167"><ele>47.0</ele><time>2026-08-29T07:27:06.086Z</time></trkpt><trkpt lat="52.33749333" lon="13.00179833"><ele>47.0</ele><time>2026-08-29T07:27:07.086Z</time></trkpt><trkpt lat="52.33751333" lon="13.00179667"><ele>47.0</ele><time>2026-08-29T07:27:08.086Z</time></trkpt><trkpt lat="52.337535" lon="13.00180167"><ele>47.0</ele><time>2026-08-29T07:27:09.086Z</time></trkpt><trkpt lat="52.33755333" lon="13.00180333"><ele>47.0</ele><time>2026-08-29T07:27:10.086Z</time></trkpt><trkpt lat="52.337575" lon="13.0018"><ele>47.0</ele><time>2026-08-29T07:27:11.086Z</time></trkpt><trkpt lat="52.33759333" lon="13.00178667"><ele>47.0</ele><time>2026-08-29T07:27:12.086Z</time></trkpt><trkpt lat="52.33761667" lon="13.00177833"><ele>47.0</ele><time>2026-08-29T07:27:13.086Z</time></trkpt><trkpt lat="52.33764333" lon="13.00177"><ele>47.0</ele><time>2026-08-29T07:27:14.086Z</time></trkpt><trkpt lat="52.33767167" lon="13.00176833"><ele>47.0</ele><time>2026-08-29T07:27:15.086Z</time></trkpt><trkpt lat="52.33770333" lon="13.00176833"><ele>47.0</ele><time>2026-08-29T07:27:16.086Z</time></trkpt><trkpt lat="52.337735" lon="13.00177333"><ele>47.0</ele><time>2026-08-29T07:27:17.086Z</time></trkpt><trkpt lat="52.33777" lon="13.00177667"><ele>47.0</ele><time>2026-08-29T07:27:18.086Z</time></trkpt><trkpt lat="52.33779833" lon="13.001775"><ele>47.0</ele><time>2026-08-29T07:27:19.086Z</time></trkpt><trkpt lat="52.33782167" lon="13.00176667"><ele>47.0</ele><time>2026-08-29T07:27:20.086Z</time></trkpt><trkpt lat="52.33784833" lon="13.00176167"><ele>47.0</ele><time>2026-08-29T07:27:21.086Z</time></trkpt><trkpt lat="52.33787333" lon="13.00175333"><ele>47.0</ele><time>2026-08-29T07:27:22.086Z</time></trkpt><trkpt lat="52.33790167" lon="13.00174667"><ele>47.0</ele><time>2026-08-29T07:27:23.086Z</time></trkpt><trkpt lat="52.33792667" lon="13.00174333"><ele>47.0</ele><time>2026-08-29T07:27:24.086Z</time></trkpt><trkpt lat="52.337965" lon="13.00174167"><ele>47.0</ele><time>2026-08-29T07:27:25.086Z</time></trkpt><trkpt lat="52.33799833" lon="13.00173833"><ele>47.0</ele><time>2026-08-29T07:27:26.086Z</time></trkpt><trkpt lat="52.33802667" lon="13.00172833"><ele>47.0</ele><time>2026-08-29T07:27:27.086Z</time></trkpt><trkpt lat="52.33805333" lon="13.00171333"><ele>47.0</ele><time>2026-08-29T07:27:28.086Z</time></trkpt><trkpt lat="52.338085" lon="13.001705"><ele>47.0</ele><time>2026-08-29T07:27:29.086Z</time></trkpt><trkpt lat="52.33811167" lon="13.0017"><ele>47.0</ele><time>2026-08-29T07:27:30.086Z</time></trkpt><trkpt lat="52.33813833" lon="13.00169333"><ele>47.0</ele><time>2026-08-29T07:27:31.086Z</time></trkpt><trkpt lat="52.33816667" lon="13.00168167"><ele>48.0</ele><time>2026-08-29T07:27:32.086Z</time></trkpt><trkpt lat="52.33819667" lon="13.00167"><ele>48.0</ele><time>2026-08-29T07:27:33.086Z</time></trkpt><trkpt lat="52.33822833" lon="13.00166333"><ele>48.0</ele><time>2026-08-29T07:27:34.086Z</time></trkpt><trkpt lat="52.33826" lon="13.00165667"><ele>48.0</ele><time>2026-08-29T07:27:35.086Z</time></trkpt><trkpt lat="52.33828833" lon="13.00165"><ele>48.0</ele><time>2026-08-29T07:27:36.086Z</time></trkpt><trkpt lat="52.338315" lon="13.00164"><ele>48.0</ele><time>2026-08-29T07:27:37.086Z</time></trkpt><trkpt lat="52.33833833" lon="13.00162667"><ele>48.0</ele><time>2026-08-29T07:27:38.086Z</time></trkpt><trkpt lat="52.33836333" lon="13.0016"><ele>49.0</ele><time>2026-08-29T07:27:39.086Z</time></trkpt><trkpt lat="52.33838667" lon="13.001575"><ele>49.0</ele><time>2026-08-29T07:27:40.086Z</time></trkpt><trkpt lat="52.33841" lon="13.00156333"><ele>49.0</ele><time>2026-08-29T07:27:41.086Z</time></trkpt><trkpt lat="52.33844167" lon="13.00155167"><ele>49.0</ele><time>2026-08-29T07:27:42.086Z</time></trkpt><trkpt lat="52.33846667" lon="13.001535"><ele>49.0</ele><time>2026-08-29T07:27:43.086Z</time></trkpt><trkpt lat="52.33849" lon="13.001525"><ele>49.0</ele><time>2026-08-29T07:27:44.086Z</time></trkpt><trkpt lat="52.33851333" lon="13.00150833"><ele>49.0</ele><time>2026-08-29T07:27:45.086Z</time></trkpt><trkpt lat="52.33853667" lon="13.00149667"><ele>48.0</ele><time>2026-08-29T07:27:46.086Z</time></trkpt><trkpt lat="52.338565" lon="13.001485"><ele>48.0</ele><time>2026-08-29T07:27:47.086Z</time></trkpt><trkpt lat="52.33859" lon="13.00147333"><ele>49.0</ele><time>2026-08-29T07:27:48.086Z</time></trkpt><trkpt lat="52.33861333" lon="13.00146333"><ele>49.0</ele><time>2026-08-29T07:27:49.086Z</time></trkpt><trkpt lat="52.33862833" lon="13.00144333"><ele>49.0</ele><time>2026-08-29T07:27:50.086Z</time></trkpt><trkpt lat="52.33864167" lon="13.00141833"><ele>50.0</ele><time>2026-08-29T07:27:51.086Z</time></trkpt><trkpt lat="52.33866" lon="13.00139667"><ele>50.0</ele><time>2026-08-29T07:27:52.086Z</time></trkpt><trkpt lat="52.33868333" lon="13.00137667"><ele>50.0</ele><time>2026-08-29T07:27:53.086Z</time></trkpt><trkpt lat="52.33871" lon="13.00136"><ele>51.0</ele><time>2026-08-29T07:27:54.086Z</time></trkpt><trkpt lat="52.33873" lon="13.00134167"><ele>51.0</ele><time>2026-08-29T07:27:55.086Z</time></trkpt><trkpt lat="52.338745" lon="13.00132167"><ele>51.0</ele><time>2026-08-29T07:27:56.086Z</time></trkpt><trkpt lat="52.33875833" lon="13.0013"><ele>51.0</ele><time>2026-08-29T07:27:57.086Z</time></trkpt><trkpt lat="52.338775" lon="13.00127833"><ele>51.0</ele><time>2026-08-29T07:27:58.086Z</time></trkpt><trkpt lat="52.33879333" lon="13.00125667"><ele>51.0</ele><time>2026-08-29T07:27:59.086Z</time></trkpt><trkpt lat="52.33881167" lon="13.00123667"><ele>51.0</ele><time>2026-08-29T07:28:00.086Z</time></trkpt><trkpt lat="52.33882667" lon="13.00121"><ele>51.0</ele><time>2026-08-29T07:28:01.086Z</time></trkpt><trkpt lat="52.33884167" lon="13.00118667"><ele>51.0</ele><time>2026-08-29T07:28:02.086Z</time></trkpt><trkpt lat="52.33886167" lon="13.00116"><ele>51.0</ele><time>2026-08-29T07:28:03.086Z</time></trkpt><trkpt lat="52.33888833" lon="13.00113667"><ele>51.0</ele><time>2026-08-29T07:28:04.086Z</time></trkpt><trkpt lat="52.33891667" lon="13.00112"><ele>51.0</ele><time>2026-08-29T07:28:05.086Z</time></trkpt><trkpt lat="52.33894667" lon="13.00110667"><ele>52.0</ele><time>2026-08-29T07:28:06.086Z</time></trkpt><trkpt lat="52.33897167" lon="13.00109333"><ele>51.0</ele><time>2026-08-29T07:28:07.086Z</time></trkpt><trkpt lat="52.33899667" lon="13.00107833"><ele>51.0</ele><time>2026-08-29T07:28:08.086Z</time></trkpt><trkpt lat="52.33902" lon="13.00106833"><ele>51.0</ele><time>2026-08-29T07:28:09.086Z</time></trkpt><trkpt lat="52.33904333" lon="13.00105167"><ele>51.0</ele><time>2026-08-29T07:28:10.086Z</time></trkpt><trkpt lat="52.33906167" lon="13.00104167"><ele>51.0</ele><time>2026-08-29T07:28:11.086Z</time></trkpt><trkpt lat="52.33907833" lon="13.00103667"><ele>51.0</ele><time>2026-08-29T07:28:12.086Z</time></trkpt><trkpt lat="52.33910333" lon="13.00102167"><ele>51.0</ele><time>2026-08-29T07:28:13.086Z</time></trkpt><trkpt lat="52.33912667" lon="13.00100833"><ele>51.0</ele><time>2026-08-29T07:28:14.086Z</time></trkpt><trkpt lat="52.33915333" lon="13.00099167"><ele>51.0</ele><time>2026-08-29T07:28:15.086Z</time></trkpt><trkpt lat="52.33918" lon="13.00097167"><ele>51.0</ele><time>2026-08-29T07:28:16.086Z</time></trkpt><trkpt lat="52.33921" lon="13.00095667"><ele>51.0</ele><time>2026-08-29T07:28:17.086Z</time></trkpt><trkpt lat="52.339245" lon="13.00094833"><ele>51.0</ele><time>2026-08-29T07:28:18.086Z</time></trkpt><trkpt lat="52.33927833" lon="13.00093667"><ele>51.0</ele><time>2026-08-29T07:28:19.086Z</time></trkpt><trkpt lat="52.33930833" lon="13.000925"><ele>51.0</ele><time>2026-08-29T07:28:20.086Z</time></trkpt><trkpt lat="52.339335" lon="13.00091333"><ele>51.0</ele><time>2026-08-29T07:28:21.086Z</time></trkpt><trkpt lat="52.33936667" lon="13.00089167"><ele>51.0</ele><time>2026-08-29T07:28:22.086Z</time></trkpt><trkpt lat="52.33938833" lon="13.00086667"><ele>51.0</ele><time>2026-08-29T07:28:23.086Z</time></trkpt><trkpt lat="52.33940833" lon="13.00083833"><ele>51.0</ele><time>2026-08-29T07:28:24.086Z</time></trkpt><trkpt lat="52.33943" lon="13.00081833"><ele>51.0</ele><time>2026-08-29T07:28:25.086Z</time></trkpt><trkpt lat="52.33945" lon="13.00080833"><ele>51.0</ele><time>2026-08-29T07:28:26.086Z</time></trkpt><trkpt lat="52.33947167" lon="13.0008"><ele>52.0</ele><time>2026-08-29T07:28:27.086Z</time></trkpt><trkpt lat="52.33949667" lon="13.00079333"><ele>52.0</ele><time>2026-08-29T07:28:28.086Z</time></trkpt><trkpt lat="52.339525" lon="13.000785"><ele>52.0</ele><time>2026-08-29T07:28:29.086Z</time></trkpt><trkpt lat="52.33955333" lon="13.00077667"><ele>52.0</ele><time>2026-08-29T07:28:30.086Z</time></trkpt><trkpt lat="52.33958" lon="13.00077167"><ele>52.0</ele><time>2026-08-29T07:28:31.086Z</time></trkpt><trkpt lat="52.33960167" lon="13.00075833"><ele>52.0</ele><time>2026-08-29T07:28:32.086Z</time></trkpt><trkpt lat="52.33963" lon="13.00074167"><ele>52.0</ele><time>2026-08-29T07:28:33.086Z</time></trkpt><trkpt lat="52.33965833" lon="13.00072833"><ele>52.0</ele><time>2026-08-29T07:28:34.086Z</time></trkpt><trkpt lat="52.33968833" lon="13.00072333"><ele>52.0</ele><time>2026-08-29T07:28:35.086Z</time></trkpt><trkpt lat="52.339715" lon="13.00071333"><ele>52.0</ele><time>2026-08-29T07:28:36.086Z</time></trkpt><trkpt lat="52.33974333" lon="13.00070333"><ele>52.0</ele><time>2026-08-29T07:28:37.086Z</time></trkpt><trkpt lat="52.33977" lon="13.00069667"><ele>52.0</ele><time>2026-08-29T07:28:38.086Z</time></trkpt><trkpt lat="52.33979333" lon="13.00068333"><ele>51.0</ele><time>2026-08-29T07:28:39.086Z</time></trkpt><trkpt lat="52.33981833" lon="13.00067"><ele>51.0</ele><time>2026-08-29T07:28:40.086Z</time></trkpt><trkpt lat="52.33984667" lon="13.000655"><ele>51.0</ele><time>2026-08-29T07:28:41.086Z</time></trkpt><trkpt lat="52.33987667" lon="13.00064167"><ele>51.0</ele><time>2026-08-29T07:28:42.086Z</time></trkpt><trkpt lat="52.33990167" lon="13.00063"><ele>51.0</ele><time>2026-08-29T07:28:43.086Z</time></trkpt><trkpt lat="52.33992667" lon="13.00061"><ele>51.0</ele><time>2026-08-29T07:28:44.086Z</time></trkpt><trkpt lat="52.33994667" lon="13.00058667"><ele>51.0</ele><time>2026-08-29T07:28:45.086Z</time></trkpt><trkpt lat="52.33997167" lon="13.00056833"><ele>51.0</ele><time>2026-08-29T07:28:46.086Z</time></trkpt><trkpt lat="52.34" lon="13.00056"><ele>51.0</ele><time>2026-08-29T07:28:47.086Z</time></trkpt><trkpt lat="52.34002667" lon="13.00055"><ele>51.0</ele><time>2026-08-29T07:28:48.086Z</time></trkpt><trkpt lat="52.34005" lon="13.000535"><ele>51.0</ele><time>2026-08-29T07:28:49.086Z</time></trkpt><trkpt lat="52.34006667" lon="13.00052167"><ele>51.0</ele><time>2026-08-29T07:28:50.086Z</time></trkpt><trkpt lat="52.340085" lon="13.00051333"><ele>51.0</ele><time>2026-08-29T07:28:51.086Z</time></trkpt><trkpt lat="52.340105" lon="13.000505"><ele>50.0</ele><time>2026-08-29T07:28:52.086Z</time></trkpt><trkpt lat="52.34013667" lon="13.00049333"><ele>50.0</ele><time>2026-08-29T07:28:53.086Z</time></trkpt><trkpt lat="52.34016167" lon="13.00048167"><ele>50.0</ele><time>2026-08-29T07:28:54.086Z</time></trkpt><trkpt lat="52.34018167" lon="13.00047"><ele>50.0</ele><time>2026-08-29T07:28:55.086Z</time></trkpt><trkpt lat="52.34019833" lon="13.00045833"><ele>50.0</ele><time>2026-08-29T07:28:56.086Z</time></trkpt><trkpt lat="52.34021667" lon="13.00044667"><ele>49.0</ele><time>2026-08-29T07:28:57.086Z</time></trkpt><trkpt lat="52.340235" lon="13.000435"><ele>49.0</ele><time>2026-08-29T07:28:58.086Z</time></trkpt><trkpt lat="52.340255" lon="13.00042667"><ele>48.0</ele><time>2026-08-29T07:28:59.086Z</time></trkpt><trkpt lat="52.340275" lon="13.00041833"><ele>48.0</ele><time>2026-08-29T07:29:00.086Z</time></trkpt><trkpt lat="52.34029667" lon="13.00040833"><ele>48.0</ele><time>2026-08-29T07:29:01.086Z</time></trkpt><trkpt lat="52.34031833" lon="13.00039333"><ele>47.0</ele><time>2026-08-29T07:29:02.086Z</time></trkpt><trkpt lat="52.34035333" lon="13.00037167"><ele>47.0</ele><time>2026-08-29T07:29:03.086Z</time></trkpt><trkpt lat="52.34039167" lon="13.00036"><ele>47.0</ele><time>2026-08-29T07:29:04.086Z</time></trkpt><trkpt lat="52.34042833" lon="13.00035167"><ele>47.0</ele><time>2026-08-29T07:29:05.086Z</time></trkpt><trkpt lat="52.34045167" lon="13.00034"><ele>47.0</ele><time>2026-08-29T07:29:06.086Z</time></trkpt><trkpt lat="52.34048667" lon="13.00033667"><ele>46.0</ele><time>2026-08-29T07:29:07.086Z</time></trkpt><trkpt lat="52.34052667" lon="13.00032167"><ele>46.0</ele><time>2026-08-29T07:29:08.086Z</time></trkpt><trkpt lat="52.34056667" lon="13.00031"><ele>46.0</ele><time>2026-08-29T07:29:09.086Z</time></trkpt><trkpt lat="52.34059667" lon="13.00029167"><ele>45.0</ele><time>2026-08-29T07:29:10.086Z</time></trkpt><trkpt lat="52.34063" lon="13.00028167"><ele>45.0</ele><time>2026-08-29T07:29:11.086Z</time></trkpt><trkpt lat="52.340655" lon="13.00027667"><ele>45.0</ele><time>2026-08-29T07:29:12.086Z</time></trkpt><trkpt lat="52.34068167" lon="13.00027167"><ele>45.0</ele><time>2026-08-29T07:29:13.086Z</time></trkpt><trkpt lat="52.34071" lon="13.00026667"><ele>45.0</ele><time>2026-08-29T07:29:14.086Z</time></trkpt><trkpt lat="52.34073667" lon="13.00026333"><ele>44.0</ele><time>2026-08-29T07:29:15.086Z</time></trkpt><trkpt lat="52.34076667" lon="13.000255"><ele>44.0</ele><time>2026-08-29T07:29:16.086Z</time></trkpt><trkpt lat="52.34081" lon="13.00024833"><ele>44.0</ele><time>2026-08-29T07:29:17.086Z</time></trkpt><trkpt lat="52.34084833" lon="13.00024833"><ele>44.0</ele><time>2026-08-29T07:29:18.086Z</time></trkpt><trkpt lat="52.34086667" lon="13.00024667"><ele>44.0</ele><time>2026-08-29T07:29:19.086Z</time></trkpt><trkpt lat="52.34090333" lon="13.000255"><ele>44.0</ele><time>2026-08-29T07:29:20.086Z</time></trkpt><trkpt lat="52.340935" lon="13.000265"><ele>43.0</ele><time>2026-08-29T07:29:21.086Z</time></trkpt><trkpt lat="52.34096333" lon="13.00027167"><ele>43.0</ele><time>2026-08-29T07:29:22.086Z</time></trkpt><trkpt lat="52.34098833" lon="13.00027333"><ele>43.0</ele><time>2026-08-29T07:29:23.086Z</time></trkpt><trkpt lat="52.34102833" lon="13.00028167"><ele>43.0</ele><time>2026-08-29T07:29:24.086Z</time></trkpt><trkpt lat="52.34106167" lon="13.00028667"><ele>43.0</ele><time>2026-08-29T07:29:25.086Z</time></trkpt><trkpt lat="52.34109833" lon="13.00029167"><ele>42.0</ele><time>2026-08-29T07:29:26.086Z</time></trkpt><trkpt lat="52.34113333" lon="13.00028833"><ele>42.0</ele><time>2026-08-29T07:29:27.086Z</time></trkpt><trkpt lat="52.341155" lon="13.00028667"><ele>42.0</ele><time>2026-08-29T07:29:28.086Z</time></trkpt><trkpt lat="52.34118667" lon="13.00027667"><ele>42.0</ele><time>2026-08-29T07:29:29.086Z</time></trkpt><trkpt lat="52.34121667" lon="13.00026833"><ele>42.0</ele><time>2026-08-29T07:29:30.086Z</time></trkpt><trkpt lat="52.34124667" lon="13.00025333"><ele>41.0</ele><time>2026-08-29T07:29:31.086Z</time></trkpt><trkpt lat="52.34127333" lon="13.00024167"><ele>41.0</ele><time>2026-08-29T07:29:32.086Z</time></trkpt><trkpt lat="52.34131167" lon="13.00022333"><ele>41.0</ele><time>2026-08-29T07:29:33.086Z</time></trkpt><trkpt lat="52.34134167" lon="13.00021"><ele>41.0</ele><time>2026-08-29T07:29:34.086Z</time></trkpt><trkpt lat="52.34136667" lon="13.000205"><ele>41.0</ele><time>2026-08-29T07:29:35.086Z</time></trkpt><trkpt lat="52.3414" lon="13.0002"><ele>41.0</ele><time>2026-08-29T07:29:36.086Z</time></trkpt><trkpt lat="52.34144" lon="13.00018667"><ele>41.0</ele><time>2026-08-29T07:29:37.086Z</time></trkpt><trkpt lat="52.34146833" lon="13.00017"><ele>41.0</ele><time>2026-08-29T07:29:38.086Z</time></trkpt><trkpt lat="52.34150333" lon="13.00015"><ele>41.0</ele><time>2026-08-29T07:29:39.086Z</time></trkpt><trkpt lat="52.34154333" lon="13.000125"><ele>41.0</ele><time>2026-08-29T07:29:40.086Z</time></trkpt><trkpt lat="52.34158333" lon="13.00010833"><ele>41.0</ele><time>2026-08-29T07:29:41.086Z</time></trkpt><trkpt lat="52.34161833" lon="13.000095"><ele>41.0</ele><time>2026-08-29T07:29:42.086Z</time></trkpt><trkpt lat="52.34165167" lon="13.00008167"><ele>41.0</ele><time>2026-08-29T07:29:43.086Z</time></trkpt><trkpt lat="52.34168333" lon="13.00006667"><ele>41.0</ele><time>2026-08-29T07:29:44.086Z</time></trkpt><trkpt lat="52.34171" lon="13.00005"><ele>41.0</ele><time>2026-08-29T07:29:45.086Z</time></trkpt><trkpt lat="52.341735" lon="13.000035"><ele>41.0</ele><time>2026-08-29T07:29:46.086Z</time></trkpt><trkpt lat="52.341765" lon="13.00001833"><ele>41.0</ele><time>2026-08-29T07:29:47.086Z</time></trkpt><trkpt lat="52.34179833" lon="13.00001167"><ele>41.0</ele><time>2026-08-29T07:29:48.086Z</time></trkpt><trkpt lat="52.341825" lon="13.00001"><ele>41.0</ele><time>2026-08-29T07:29:49.086Z</time></trkpt><trkpt lat="52.341845" lon="13.000005"><ele>41.0</ele><time>2026-08-29T07:29:50.086Z</time></trkpt><trkpt lat="52.341865" lon="13.00000167"><ele>41.0</ele><time>2026-08-29T07:29:51.086Z</time></trkpt><trkpt lat="52.34188667" lon="13.00000167"><ele>41.0</ele><time>2026-08-29T07:29:52.086Z</time></trkpt><trkpt lat="52.341905" lon="13.0"><ele>41.0</ele><time>2026-08-29T07:29:53.086Z</time></trkpt><trkpt lat="52.34193833" lon="12.99999667"><ele>41.0</ele><time>2026-08-29T07:29:54.086Z</time></trkpt><trkpt lat="52.34196667" lon="12.99999"><ele>41.0</ele><time>2026-08-29T07:29:55.086Z</time></trkpt><trkpt lat="52.34199833" lon="12.99998667"><ele>41.0</ele><time>2026-08-29T07:29:56.086Z</time></trkpt><trkpt lat="52.34203167" lon="12.99998167"><ele>41.0</ele><time>2026-08-29T07:29:57.086Z</time></trkpt><trkpt lat="52.34206667" lon="12.99997667"><ele>40.0</ele><time>2026-08-29T07:29:58.086Z</time></trkpt><trkpt lat="52.34210333" lon="12.99997333"><ele>40.0</ele><time>2026-08-29T07:29:59.086Z</time></trkpt><trkpt lat="52.34215" lon="12.99997667"><ele>40.0</ele><time>2026-08-29T07:30:00.086Z</time></trkpt><trkpt lat="52.342195" lon="12.99998667"><ele>40.0</ele><time>2026-08-29T07:30:01.086Z</time></trkpt><trkpt lat="52.342225" lon="12.999995"><ele>40.0</ele><time>2026-08-29T07:30:02.086Z</time></trkpt></trkseg></trk></gpx>