<?xml version="1.0" encoding="UTF-8"?><TrainingCenterDatabase xmlns="http://www.garmin.com/xmlschemas/TrainingCenterDatabase/v2"><Activities><Activity Sport="Running"><Id>2026-08-29T07:03:38.055Z</Id><Lap StartTime="2026-08-29T07:03:39.055Z"><TotalTimeSeconds>310.0</TotalTimeSeconds><DistanceMeters>1000.0</DistanceMeters><MaximumSpeed>3.807668950822618</MaximumSpeed><Calories>262</Calories><AverageHeartRateBpm><Value>141</Value></AverageHeartRateBpm><MaximumHeartRateBpm><Value>179</Value></MaximumHeartRateBpm><Intensity>Active</Intensity><Cadence>80</Cadence><TriggerMethod>Distance</TriggerMethod><Track><Trackpoint><Time>2026-08-29T07:03:39.055Z</Time><Position><LatitudeDegrees>52.34235667</LatitudeDegrees><LongitudeDegrees>12.99992</LongitudeDegrees></Position><AltitudeMeters>23.775</AltitudeMeters><DistanceMeters>0.5</DistanceMeters><HeartRateBpm><Value>72</Value></HeartRateBpm><Cadence>0</Cadence><SensorState>Present</SensorState><Extensions><TPX xmlns="http://www.garmin.com/xmlschemas/ActivityExtension/v2"><Watts>34</Watts></TPX></Extensions></Trackpoint><Trackpoint xmlns="http://www.garmin.com/xmlschemas/TrainingCenterDatabase/v2"><Time>2026-08-29T07:03:40.055Z</Time><Position><LatitudeDegrees>52.342355</LatitudeDegrees><LongitudeDegrees>12.99991667</LongitudeDegrees></Position><AltitudeMeters>23.775</AltitudeMeters><DistanceMeters>1.0</DistanceMeters><HeartRateBpm><Value>73</Value></HeartRateBpm><Cadence>0</Cadence><SensorState>Present</SensorState><Extensions><TPX xmlns="http://www.garmin.com/xmlschemas/ActivityExtension/v2"><Watts>46</Watts></TPX></Extensions></Trackpoint><Trackpoint xmlns="http://www.garmin.com/xmlschemas/TrainingCenterDatabase/v2"><Time>2026-08-29T07:03:41.055Z</Time><Position><LatitudeDegrees>52.34234667</LatitudeDegrees><LongitudeDegrees>12.99991</LongitudeDegrees></Position><AltitudeMeters>23.775</AltitudeMeters><DistanceMeters>1.600000023841858</DistanceMeters><HeartRateBpm><Value>73</Value></HeartRateBpm><Cadence>0</Cadence><SensorState>Present</SensorState><Extensions><TPX xmlns="http://www.garmin.com/xmlschemas/ActivityExtension/v2"><Watts>68</Watts></TPX></Extensions></Trackpoint><Trackpoint xmlns="http://www.garmin.com/xmlschemas/TrainingCenterDatabase/v2"><Time>2026-08-29T07:03:42.055Z</Time><Position><LatitudeDegrees>52.34234</LatitudeDegrees><LongitudeDegrees>12.9999</LongitudeDegrees></Position><AltitudeMeters>23.775</AltitudeMeters><DistanceMeters>2.299999952316284</DistanceMeters><HeartRateBpm><Value>73</Value></HeartRateBpm><Cadence>0</Cadence><SensorState>Present</SensorState><Extensions><TPX xmlns="http://www.garmin.com/xmlschemas/ActivityExtension/v2"><Watts>90</Watts></TPX></Extensions></Trackpoint><Trackpoint xmlns="http://www.garmin.com/xmlschemas/TrainingCenterDatabase/v2"><Time>2026-08-29T07:03:43.055Z</Time><Position><LatitudeDegrees>52.342335</LatitudeDegrees><LongitudeDegrees>12.99989833</LongitudeDegrees></Position><AltitudeMeters>23.775</AltitudeMeters><DistanceMeters>3.200000047683716</DistanceMeters><HeartRateBpm><Value>73</Value></HeartRateBpm><Cadence>0</Cadence><SensorState>Present</SensorState><Extensions><TPX xmlns="http://www.garmin.com/xmlschemas/ActivityExtension/v2"><Watts>104</Watts></TPX></Extensions></Trackpoint><Trackpoint xmlns="http://www.garmin.com/xmlschemas/TrainingCenterDatabase/v2"><Time>2026-08-29T07:03:44.055Z</Time><Position><LatitudeDegrees>52.34232667</LatitudeDegrees><LongitudeDegrees>12.99989167</LongitudeDegrees></Position><AltitudeMeters>23.775</AltitudeMeters><DistanceMeters>4.5</DistanceMeters><HeartRateBpm><Value>73</Value></HeartRateBpm><Cadence>0</Cadence><SensorState>Present</SensorState><Extensions><TPX xmlns="http://www.garmin.com/xmlschemas/ActivityExtension/v2"><Watts>114</Watts></TPX></Extensions></Trackpoint><Trackpoint xmlns="http://www.garmin.com/xmlschemas/TrainingCenterDatabase/v2"><Time>2026-08-29T07:03:45.055Z</Time><Position><LatitudeDegrees>52.34231167</LatitudeDegrees><LongitudeDegrees>12.999885</LongitudeDegrees></Position><AltitudeMeters>23.775</AltitudeMeters><DistanceMeters>5.400000095367432</DistanceMeters><HeartRateBpm><Value>74</Value></HeartRateBpm><Cadence>0</Cadence><SensorState>Present</SensorState><Extensions><TPX xmlns="http://www.garmin.com/xmlschemas/ActivityExtension/v2"><Watts>134</Watts></TPX></Extensions></Trackpoint><Trackpoint xmlns="http://www.garmin.com/xmlschemas/TrainingCenterDatabase/v2"><Time>2026-08-29T07:03:46.055Z</Time><Position><LatitudeDegrees>52.34229333</LatitudeDegrees><LongitudeDegrees>12.99988167</LongitudeDegrees></Position><AltitudeMeters>23.775</AltitudeMeters><DistanceMeters>6.800000190734863</DistanceMeters><HeartRateBpm><Value>75</Value></HeartRateBpm><Cadence>0</Cadence><SensorState>Present</SensorState><Extensions><TPX xmlns="http://www.garmin.com/xmlschemas/ActivityExtension/v2"><Watts>186</Watts></TPX></Extensions></Trackpoint><Trackpoint xmlns="http://www.garmin.com/xmlschemas/TrainingCenterDatabase/v2"><Time>2026-08-29T07:03:47.055Z</Time><Position><LatitudeDegrees>52.342275</LatitudeDegrees><LongitudeDegrees>12.999885</LongitudeDegrees></Position><AltitudeMeters>23.775</AltitudeMeters><DistanceMeters>8.800000190734863</DistanceMeters><HeartRateBpm><Value>75</Value></HeartRateBpm><Cadence>0</Cadence><SensorState>Present</SensorState><Extensions><TPX xmlns="http://www.garmin.com/xmlschemas/ActivityExtension/v2"><Watts>234</Watts></TPX></Extensions></Trackpoint><Trackpoint xmlns="http://www.garmin.com/xmlschemas/TrainingCenterDatabase/v2"><Time>2026-08-29T07:03:48.055Z</Time><Position><LatitudeDegrees>52.342245</LatitudeDegrees><LongitudeDegrees>12.99988333</LongitudeDegrees></Position><AltitudeMeters>23.775</AltitudeMeters><DistanceMeters>11.100000381469727</DistanceMeters><HeartRateBpm><Value>76</Value></HeartRateBpm><Cadence>28</Cadence><SensorState>Present</SensorState><Extensions><TPX xmlns="http://www.garmin.com/xmlschemas/ActivityExtension/v2"><Watts>264</Watts></TPX></Extensions></Trackpoint><Trackpoint xmlns="http://www.garmin.com/xmlschemas/TrainingCenterDatabase/v2"><Time>2026-08-29T07:03:49.055Z</Time><Position><LatitudeDegrees>52.342215</LatitudeDegrees><LongitudeDegrees>12.99987333</LongitudeDegrees></Position><AltitudeMeters>23.775</AltitudeMeters><DistanceMeters>13.399999618530273</DistanceMeters><HeartRateBpm><Value>77</Value></HeartRateBpm><Cadence>49</Cadence><SensorState>Present</SensorState><Extensions><TPX xmlns="http://www.garmin.com/xmlschemas/ActivityExtension/v2"><Watts>328</Watts></TPX></Extensions></Trackpoint><Trackpoint xmlns="http://www.garmin.com/xmlschemas/TrainingCenterDatabase/v2"><Time>2026-08-29T07:03:50.055Z</Time><Position><LatitudeDegrees>52.34218167</LatitudeDegrees><LongitudeDegrees>12.99985333</LongitudeDegrees></Position><AltitudeMeters>23.775</AltitudeMeters><DistanceMeters>16.899999618530273</DistanceMeters><HeartRateBpm><Value>78</Value></HeartRateBpm><Cadence>71</Cadence><SensorState>Present</SensorState><Extensions><TPX xmlns="http://www.garmin.com/xmlschemas/ActivityExtension/v2"><Watts>394</Watts></TPX></Extensions></Trackpoint><Trackpoint xmlns="http://www.garmin.com/xmlschemas/TrainingCenterDatabase/v2"><Time>2026-08-29T07:03:51.055Z</Time><Position><LatitudeDegrees>52.34214833</LatitudeDegrees><LongitudeDegrees>12.99983667</LongitudeDegrees></Position><AltitudeMeters>23.775</AltitudeMeters><DistanceMeters>21.100000381469727</DistanceMeters><HeartRateBpm><Value>80</Value></HeartRateBpm><Cadence>75</Cadence><SensorState>Present</SensorState><Extensions><TPX xmlns="http://www.garmin.com/xmlschemas/ActivityExtension/v2"><Watts>420</Watts></TPX></Extensions></Trackpoint><Trackpoint xmlns="http://www.garmin.com/xmlschemas/TrainingCenterDatabase/v2"><Time>2026-08-29T07:03:52.055Z</Time><Position><LatitudeDegrees>52.342115</LatitudeDegrees><LongitudeDegrees>12.99982167</LongitudeDegrees></Position><AltitudeMeters>23.775</AltitudeMeters><DistanceMeters>25.100000381469727</DistanceMeters><HeartRateBpm><Value>83</Value></HeartRateBpm><Cadence>77</Cadence><SensorState>Present</SensorState><Extensions><TPX xmlns="http://www.garmin.com/xmlschemas/ActivityExtension/v2"><Watts>432</Watts></TPX></Extensions></Trackpoint><Trackpoint xmlns="http://www.garmin.com/xmlschemas/TrainingCenterDatabase/v2"><Time>2026-08-29T07:03:53.055Z</Time><Position><LatitudeDegrees>52.34208</LatitudeDegrees><LongitudeDegrees>12.999805</LongitudeDegrees></Position><AltitudeMeters>23.775</AltitudeMeters><DistanceMeters>29.5</DistanceMeters><HeartRateBpm><Value>86</Value></HeartRateBpm><Cadence>78</Cadence><SensorState>Present</SensorState><Extensions><TPX xmlns="http://www.garmin.com/xmlschemas/ActivityExtension/v2"><Watts>434</Watts></TPX></Extensions></Trackpoint><Trackpoint xmlns="http://www.garmin.com/xmlschemas/TrainingCenterDatabase/v2"><Time>2026-08-29T07:03:54.055Z</Time><Position><LatitudeDegrees>52.34205167</LatitudeDegrees><LongitudeDegrees>12.99979</LongitudeDegrees></Position><AltitudeMeters>23.775</AltitudeMeters><DistanceMeters>34.29999923706055</DistanceMeters><HeartRateBpm><Value>89</Value></HeartRateBpm><Cadence>79</Cadence><SensorState>Present</SensorState><Extensions><TPX xmlns="http://www.garmin.com/xmlschemas/ActivityExtension/v2"><Watts>436</Watts></TPX></Extensions></Trackpoint><Trackpoint xmlns="http://www.garmin.com/xmlschemas/TrainingCenterDatabase/v2"><Time>2026-08-29T07:03:55.055Z</Time><Position><LatitudeDegrees>52.34202667</LatitudeDegrees><LongitudeDegrees>12.999775</LongitudeDegrees></Position><AltitudeMeters>23.775</AltitudeMeters><DistanceMeters>39.29999923706055</DistanceMeters><HeartRateBpm><Value>92</Value></HeartRateBpm><Cadence>79</Cadence><SensorState>Present</SensorState><Extensions><TPX xmlns="http://www.garmin.com/xmlschemas/ActivityExtension/v2"><Watts>448</Watts></TPX></Extensions></Trackpoint><Trackpoint xmlns="http://www.garmin.com/xmlschemas/TrainingCenterDatabase/v2"><Time>2026-08-29T07:03:56.055Z</Time><Position><LatitudeDegrees>52.34199333</LatitudeDegrees><LongitudeDegrees>12.99975333</LongitudeDegrees></Position><AltitudeMeters>23.775</AltitudeMeters><DistanceMeters>43.5</DistanceMeters><HeartRateBpm><Value>95</Value></HeartRateBpm><Cadence>79</Cadence><SensorState>Present</SensorState><Extensions><TPX xmlns="http://www.garmin.com/xmlschemas/ActivityExtension/v2"><Watts>458</Watts></TPX></Extensions></Trackpoint><Trackpoint xmlns="http://www.garmin.com/xmlschemas/TrainingCenterDatabase/v2"><Time>2026-08-29T07:03:57.055Z</Time><Position><LatitudeDegrees>52.341965</LatitudeDegrees><LongitudeDegrees>12.999735</LongitudeDegrees></Position><AltitudeMeters>23.775</AltitudeMeters><DistanceMeters>47.70000076293945</DistanceMeters><HeartRateBpm><Value>99</Value></HeartRateBpm><Cadence>79</Cadence><SensorState>Present</SensorState><Extensions><TPX xmlns="http://www.garmin.com/xmlschemas/ActivityExtension/v2"><Watts>466</Watts></TPX></Extensions></Trackpoint><Trackpoint xmlns="http://www.garmin.com/xmlschemas/TrainingCenterDatabase/v2"><Time>2026-08-29T07:03:58.055Z</Time><Position><LatitudeDegrees>52.341935</LatitudeDegrees><LongitudeDegrees>12.999715</LongitudeDegrees></Position><AltitudeMeters>23.775</AltitudeMeters><DistanceMeters>52.400001525878906</DistanceMeters><HeartRateBpm><Value>102</Value></HeartRateBpm><Cadence>80</Cadence><SensorState>Present</SensorState><Extensions><TPX xmlns="http://www.garmin.com/xmlschemas/ActivityExtension/v2"><Watts>474</Watts></TPX></Extensions></Trackpoint><Trackpoint xmlns="http://www.garmin.com/xmlschemas/TrainingCenterDatabase/v2"><Time>2026-08-29T07:03:59.055Z</Time><Position><LatitudeDegrees>52.341905</LatitudeDegrees><LongitudeDegrees>12.99969167</LongitudeDegrees></Position><AltitudeMeters>23.775</AltitudeMeters><DistanceMeters>56.0</DistanceMeters><HeartRateBpm><Value>106</Value></HeartRateBpm><Cadence>83</Cadence><SensorState>Present</SensorState><Extensions><TPX xmlns="http://www.garmin.com/xmlschemas/ActivityExtension/v2"><Watts>482</Watts></TPX></Extensions></Trackpoint><Trackpoint xmlns="http://www.garmin.com/xmlschemas/TrainingCenterDatabase/v2"><Time>2026-08-29T07:04:00.055Z</Time><Position><LatitudeDegrees>52.34188333</LatitudeDegrees><LongitudeDegrees>12.99967167</LongitudeDegrees></Position><AltitudeMeters>23.775</AltitudeMeters><DistanceMeters>59.900001525878906</DistanceMeters><HeartRateBpm><Value>109</Value></HeartRateBpm><Cadence>83</Cadence><SensorState>Present</SensorState><Extensions><TPX xmlns="http://www.garmin.com/xmlschemas/ActivityExtension/v2"><Watts>480</Watts></TPX></Extensions></Trackpoint><Trackpoint xmlns="http://www.garmin.com/xmlschemas/TrainingCenterDatabase/v2"><Time>2026-08-29T07:04:01.055Z</Time><Position><LatitudeDegrees>52.34186</LatitudeDegrees><LongitudeDegrees>12.999655</LongitudeDegrees></Position><AltitudeMeters>23.775</AltitudeMeters><DistanceMeters>63.29999923706055</DistanceMeters><HeartRateBpm><Value>113</Value></HeartRateBpm><Cadence>81</Cadence><SensorState>Present</SensorState><Extensions><TPX xmlns="http://www.garmin.com/xmlschemas/ActivityExtension/v2"><Watts>474</Watts></TPX></Extensions></Trackpoint><Trackpoint xmlns="http://www.garmin.com/xmlschemas/TrainingCenterDatabase/v2"><Time>2026-08-29T07:04:02.055Z</Time><Position><LatitudeDegrees>52.34183167</LatitudeDegrees><LongitudeDegrees>12.99963333</LongitudeDegrees></Position><AltitudeMeters>23.775</AltitudeMeters><DistanceMeters>66.0999984741211</DistanceMeters><HeartRateBpm><Value>114</Value></HeartRateBpm><Cadence>80</Cadence><SensorState>Present</SensorState><Extensions><TPX xmlns="http://www.garmin.com/xmlschemas/ActivityExtension/v2"><Watts>470</Watts></TPX></Extensions></Trackpoint><Trackpoint xmlns="http://www.garmin.com/xmlschemas/TrainingCenterDatabase/v2"><Time>2026-08-29T07:04:03.055Z</Time><Position><LatitudeDegrees>52.34181333</LatitudeDegrees><LongitudeDegrees>12.999615</LongitudeDegrees></Position><AltitudeMeters>23.775</AltitudeMeters><DistanceMeters>69.0</DistanceMeters><HeartRateBpm><Value>114</Value></HeartRateBpm><Cadence>81</Cadence><SensorState>Present</SensorState><Extensions><TPX xmlns="http://www.garmin.com/xmlschemas/ActivityExtension/v2"><Watts>468</Watts></TPX></Extensions></Trackpoint><Trackpoint xmlns="http://www.garmin.com/xmlschemas/TrainingCenterDatabase/v2"><Time>2026-08-29T07:04:04.055Z</Time><Position><LatitudeDegrees>52.341785</LatitudeDegrees><LongitudeDegrees>12.99958667</LongitudeDegrees></Position><AltitudeMeters>24.842</AltitudeMeters><DistanceMeters>72.0</DistanceMeters><HeartRateBpm><Value>114</Value></HeartRateBpm><Cadence>81</Cadence><SensorState>Present</SensorState><Extensions><TPX xmlns="http://www.garmin.com/xmlschemas/ActivityExtension/v2"><Watts>466</Watts></TPX></Extensions></Trackpoint><Trackpoint xmlns="http://www.garmin.com/xmlschemas/TrainingCenterDatabase/v2"><Time>2026-08-29T07:04:05.055Z</Time><Position><LatitudeDegrees>52.341765</LatitudeDegrees><LongitudeDegrees>12.99956333</LongitudeDegrees></Position><AltitudeMeters>24.842</AltitudeMeters><DistanceMeters>74.80000305175781</DistanceMeters><HeartRateBpm><Value>113</Value></HeartRateBpm><Cadence>81</Cadence><SensorState>Present</SensorState><Extensions><TPX xmlns="http://www.garmin.com/xmlschemas/ActivityExtension/v2"><Watts>462</Watts></TPX></Extensions></Trackpoint><Trackpoint xmlns="http://www.garmin.com/xmlschemas/TrainingCenterDatabase/v2"><Time>2026-08-29T07:04:06.055Z</Time><Position><LatitudeDegrees>52.34174833</LatitudeDegrees><LongitudeDegrees>12.99954333</LongitudeDegrees></Position><AltitudeMeters>24.842</AltitudeMeters><DistanceMeters>78.19999694824219</DistanceMeters><HeartRateBpm><Value>113</Value></HeartRateBpm><Cadence>81</Cadence><SensorState>Present</SensorState><Extensions><TPX xmlns="http://www.garmin.com/xmlschemas/ActivityExtension/v2"><Watts>450</Watts></TPX></Extensions></Trackpoint><Trackpoint xmlns="http://www.garmin.com/xmlschemas/TrainingCenterDatabase/v2"><Time>2026-08-29T07:04:07.055Z</Time><Position><LatitudeDegrees>52.341735</LatitudeDegrees><LongitudeDegrees>12.999525</LongitudeDegrees></Position><AltitudeMeters>24.842</AltitudeMeters><DistanceMeters>80.69999694824219</DistanceMeters><HeartRateBpm><Value>113</Value></HeartRateBpm><Cadence>81</Cadence><SensorState>Present</SensorState><Extensions><TPX xmlns="http://www.garmin.com/xmlschemas/ActivityExtension/v2"><Watts>424</Watts></TPX></Extensions></Trackpoint><Trackpoint xmlns="http://www.garmin.com/xmlschemas/TrainingCenterDatabase/v2"><Time>2026-08-29T07:04:08.055Z</Time><Position><LatitudeDegrees>52.34172333</LatitudeDegrees><LongitudeDegrees>12.99951167</LongitudeDegrees></Position><AltitudeMeters>24.842</AltitudeMeters><DistanceMeters>82.9000015258789</DistanceMeters><HeartRateBpm><Value>113</Value></HeartRateBpm><Cadence>82</Cadence><SensorState>Present</SensorState><Extensions><TPX xmlns="http://www.garmin.com/xmlschemas/ActivityExtension/v2"><Watts>398</Watts></TPX></Extensions></Trackpoint><Trackpoint xmlns="http://www.garmin.com/xmlschemas/TrainingCenterDatabase/v2"><Time>2026-08-29T07:04:09.055Z</Time><Position><LatitudeDegrees>52.341705</LatitudeDegrees><LongitudeDegrees>12.999495</LongitudeDegrees></Position><AltitudeMeters>24.842</AltitudeMeters><DistanceMeters>84.5999984741211</DistanceMeters><HeartRateBpm><Value>113</Value></HeartRateBpm><Cadence>82</Cadence><SensorState>Present</SensorState><Extensions><TPX xmlns="http://www.garmin.com/xmlschemas/ActivityExtension/v2"><Watts>370</Watts></TPX></Extensions></Trackpoint><Trackpoint xmlns="http://www.garmin.com/xmlschemas/TrainingCenterDatabase/v2"><Time>2026-08-29T07:04:10.055Z</Time><Position><LatitudeDegrees>52.34169</LatitudeDegrees><LongitudeDegrees>12.99949</LongitudeDegrees></Position><AltitudeMeters>24.842</AltitudeMeters><DistanceMeters>86.0</DistanceMeters><HeartRateBpm><Value>113</Value></HeartRateBpm><Cadence>82</Cadence><SensorState>Present</SensorState><Extensions><TPX xmlns="http://www.garmin.com/xmlschemas/ActivityExtension/v2"><Watts>342</Watts></TPX></Extensions></Trackpoint><Trackpoint xmlns="http://www.garmin.com/xmlschemas/TrainingCenterDatabase/v2"><Time>2026-08-29T07:04:11.055Z</Time><Position><LatitudeDegrees>52.34167167</LatitudeDegrees><LongitudeDegrees>12.99948</LongitudeDegrees></Position><AltitudeMeters>24.842</AltitudeMeters><DistanceMeters>88.0</DistanceMeters><HeartRateBpm><Value>114</Value></HeartRateBpm><Cadence>82</Cadence><SensorState>Present</SensorState><Extensions><TPX xmlns="http://www.garmin.com/xmlschemas/ActivityExtension/v2"><Watts>312</Watts></TPX></Extensions></Trackpoint><Trackpoint xmlns="http://www.garmin.com/xmlschemas/TrainingCenterDatabase/v2"><Time>2026-08-29T07:04:12.055Z</Time><Position><LatitudeDegrees>52.34165333</LatitudeDegrees><LongitudeDegrees>12.99946833</LongitudeDegrees></Position><AltitudeMeters>24.842</AltitudeMeters><DistanceMeters>89.5</DistanceMeters><HeartRateBpm><Value>114</Value></HeartRateBpm><Cadence>81</Cadence><SensorState>Present</SensorState><Extensions><TPX xmlns="http://www.garmin.com/xmlschemas/ActivityExtension/v2"><Watts>290</Watts></TPX></Extensions></Trackpoint><Trackpoint xmlns="http://www.garmin.com/xmlschemas/TrainingCenterDatabase/v2"><Time>2026-08-29T07:04:13.055Z</Time><Position><LatitudeDegrees>52.34162833</LatitudeDegrees><LongitudeDegrees>12.99945833</LongitudeDegrees></Position><AltitudeMeters>24.842</AltitudeMeters><DistanceMeters>90.80000305175781</DistanceMeters><HeartRateBpm><Value>114</Value></HeartRateBpm><Cadence>80</Cadence><SensorState>Present</SensorState><Extensions><TPX xmlns="http://www.garmin.com/xmlschemas/ActivityExtension/v2"><Watts>276</Watts></TPX></Extensions></Trackpoint><Trackpoint xmlns="http://www.garmin.com/xmlschemas/TrainingCenterDatabase/v2"><Time>2026-08-29T07:04:14.055Z</Time><Position><LatitudeDegrees>52.34160167</LatitudeDegrees><LongitudeDegrees>12.99945167</LongitudeDegrees></Position><AltitudeMeters>24.842</AltitudeMeters><DistanceMeters>92.9000015258789</DistanceMeters><HeartRateBpm><Value>115</Value></HeartRateBpm><Cadence>80</Cadence><SensorState>Present</SensorState><Extensions><TPX xmlns="http://www.garmin.com/xmlschemas/ActivityExtension/v2"><Watts>266</Watts></TPX></Extensions></Trackpoint><Trackpoint xmlns="http://www.garmin.com/xmlschemas/TrainingCenterDatabase/v2"><Time>2026-08-29T07:04:15.055Z</Time><Position><LatitudeDegrees>52.34156833</LatitudeDegrees><LongitudeDegrees>12.99944333</LongitudeDegrees></Position><AltitudeMeters>24.842</AltitudeMeters><DistanceMeters>94.5999984741211</DistanceMeters><HeartRateBpm><Value>116</Value></HeartRateBpm><Cadence>80</Cadence><SensorState>Present</SensorState><Extensions><TPX xmlns="http://www.garmin.com/xmlschemas/ActivityExtension/v2"><Watts>264</Watts></TPX></Extensions></Trackpoint><Trackpoint xmlns="http://www.garmin.com/xmlschemas/TrainingCenterDatabase/v2"><Time>2026-08-29T07:04:16.055Z</Time><Position><LatitudeDegrees>52.34154167</LatitudeDegrees><LongitudeDegrees>12.99942</LongitudeDegrees></Position><AltitudeMeters>23.775</AltitudeMeters><DistanceMeters>97.0</DistanceMeters><HeartRateBpm><Value>118</Value></HeartRateBpm><Cadence>80</Cadence><SensorState>Present</SensorState><Extensions><TPX xmlns="http://www.garmin.com/xmlschemas/ActivityExtension/v2"><Watts>272</Watts></TPX></Extensions></Trackpoint><Trackpoint xmlns="http://www.garmin.com/xmlschemas/TrainingCenterDatabase/v2"><Time>2026-08-29T07:04:17.055Z</Time><Position><LatitudeDegrees>52.341505</LatitudeDegrees><LongitudeDegrees>12.999385</LongitudeDegrees></Position><AltitudeMeters>23.775</AltitudeMeters><DistanceMeters>100.30000305175781</DistanceMeters><HeartRateBpm><Value>120</Value></HeartRateBpm><Cadence>80</Cadence><SensorState>Present</SensorState><Extensions><TPX xmlns="http://www.garmin.com/xmlschemas/ActivityExtension/v2"><Watts>288</Watts></TPX></Extensions></Trackpoint><Trackpoint xmlns="http://www.garmin.com/xmlschemas/TrainingCenterDatabase/v2"><Time>2026-08-29T07:04:18.055Z</Time><Position><LatitudeDegrees>52.34146667</LatitudeDegrees><LongitudeDegrees>12.99934</LongitudeDegrees></Position><AltitudeMeters>23.775</AltitudeMeters><DistanceMeters>104.0</DistanceMeters><HeartRateBpm><Value>122</Value></HeartRateBpm><Cadence>80</Cadence><SensorState>Present</SensorState><Extensions><TPX xmlns="http://www.garmin.com/xmlschemas/ActivityExtension/v2"><Watts>304</Watts></TPX></Extensions></Trackpoint><Trackpoint xmlns="http://www.garmin.com/xmlschemas/TrainingCenterDatabase/v2"><Time>2026-08-29T07:04:19.055Z</Time><Position><LatitudeDegrees>52.34143833</LatitudeDegrees><LongitudeDegrees>12.99931667</LongitudeDegrees></Position><AltitudeMeters>23.775</AltitudeMeters><DistanceMeters>108.9000015258789</DistanceMeters><HeartRateBpm><Value>123</Value></HeartRateBpm><Cadence>80</Cadence><SensorState>Present</SensorState><Extensions><TPX xmlns="http://www.garmin.com/xmlschemas/ActivityExtension/v2"><Watts>308</Watts></TPX></Extensions></Trackpoint><Trackpoint xmlns="http://www.garmin.com/xmlschemas/TrainingCenterDatabase/v2"><Time>2026-08-29T07:04:20.055Z</Time><Position><LatitudeDegrees>52.34139833</LatitudeDegrees><LongitudeDegrees>12.99929833</LongitudeDegrees></Position><AltitudeMeters>23.775</AltitudeMeters><DistanceMeters>113.80000305175781</DistanceMeters><HeartRateBpm><Value>124</Value></HeartRateBpm><Cadence>80</Cadence><SensorState>Present</SensorState><Extensions><TPX xmlns="http://www.garmin.com/xmlschemas/ActivityExtension/v2"><Watts>300</Watts></TPX></Extensions></Trackpoint><Trackpoint xmlns="http://www.garmin.com/xmlschemas/TrainingCenterDatabase/v2"><Time>2026-08-29T07:04:21.055Z</Time><Position><LatitudeDegrees>52.341365</LatitudeDegrees><LongitudeDegrees>12.99927833</LongitudeDegrees></Position><AltitudeMeters>23.775</AltitudeMeters><DistanceMeters>118.5999984741211</DistanceMeters><HeartRateBpm><Value>125</Value></HeartRateBpm><Cadence>80</Cadence><SensorState>Present</SensorState><Extensions><TPX xmlns="http://www.garmin.com/xmlschemas/ActivityExtension/v2"><Watts>294</Watts></TPX></Extensions></Trackpoint><Trackpoint xmlns="http://www.garmin.com/xmlschemas/TrainingCenterDatabase/v2"><Time>2026-08-29T07:04:22.055Z</Time><Position><LatitudeDegrees>52.34133667</LatitudeDegrees><LongitudeDegrees>12.99925667</LongitudeDegrees></Position><AltitudeMeters>23.775</AltitudeMeters><DistanceMeters>123.5999984741211</DistanceMeters><HeartRateBpm><Value>126</Value></HeartRateBpm><Cadence>80</Cadence><SensorState>Present</SensorState><Extensions><TPX xmlns="http://www.garmin.com/xmlschemas/ActivityExtension/v2"><Watts>286</Watts></TPX></Extensions></Trackpoint><Trackpoint xmlns="http://www.garmin.com/xmlschemas/TrainingCenterDatabase/v2"><Time>2026-08-29T07:04:23.055Z</Time><Position><LatitudeDegrees>52.34131667</LatitudeDegrees><LongitudeDegrees>12.99924</LongitudeDegrees></Position><AltitudeMeters>23.775</AltitudeMeters><DistanceMeters>128.39999389648438</DistanceMeters><HeartRateBpm><Value>128</Value></HeartRateBpm><Cadence>80</Cadence><SensorState>Present</SensorState><Extensions><TPX xmlns="http://www.garmin.com/xmlschemas/ActivityExtension/v2"><Watts>276</Watts></TPX></Extensions></Trackpoint><Trackpoint xmlns="http://www.garmin.com/xmlschemas/TrainingCenterDatabase/v2"><Time>2026-08-29T07:04:24.055Z</Time><Position><LatitudeDegrees>52.341285</LatitudeDegrees><LongitudeDegrees>12.99921</LongitudeDegrees></Position><AltitudeMeters>23.775</AltitudeMeters><DistanceMeters>132.6999969482422</DistanceMeters><HeartRateBpm><Value>131</Value></HeartRateBpm><Cadence>80</Cadence><SensorState>Present</SensorState><Extensions><TPX xmlns="http://www.garmin.com/xmlschemas/ActivityExtension/v2"><Watts>266</Watts></TPX></Extensions></Trackpoint><Trackpoint xmlns="http://www.garmin.com/xmlschemas/TrainingCenterDatabase/v2"><Time>2026-08-29T07:04:25.055Z</Time><Position><LatitudeDegrees>52.34125667</LatitudeDegrees><LongitudeDegrees>12.999175</LongitudeDegrees></Position><AltitudeMeters>23.775</AltitudeMeters><DistanceMeters>136.3000030517578</DistanceMeters><HeartRateBpm><Value>133</Value></HeartRateBpm><Cadence>80</Cadence><SensorState>Present</SensorState><Extensions><TPX xmlns="http://www.garmin.com/xmlschemas/ActivityExtension/v2"><Watts>262</Watts></TPX></Extensions></Trackpoint><Trackpoint xmlns="http://www.garmin.com/xmlschemas/TrainingCenterDatabase/v2"><Time>2026-08-29T07:04:26.055Z</Time><Position><LatitudeDegrees>52.341235</LatitudeDegrees><LongitudeDegrees>12.99913667</LongitudeDegrees></Position><AltitudeMeters>23.775</AltitudeMeters><DistanceMeters>140.3000030517578</DistanceMeters><HeartRateBpm><Value>134</Value></HeartRateBpm><Cadence>80</Cadence><SensorState>Present</SensorState><Extensions><TPX xmlns="http://www.garmin.com/xmlschemas/ActivityExtension/v2"><Watts>272</Watts></TPX></Extensions></Trackpoint><Trackpoint xmlns="http://www.garmin.com/xmlschemas/TrainingCenterDatabase/v2"><Time>2026-08-29T07:04:27.055Z</Time><Position><LatitudeDegrees>52.34119167</LatitudeDegrees><LongitudeDegrees>12.99909</LongitudeDegrees></Position><AltitudeMeters>23.775</AltitudeMeters><DistanceMeters>144.5</DistanceMeters><HeartRateBpm><Value>136</Value></HeartRateBpm><Cadence>80</Cadence><SensorState>Present</SensorState><Extensions><TPX xmlns="http://www.garmin.com/xmlschemas/ActivityExtension/v2"><Watts>294</Watts></TPX></Extensions></Trackpoint><Trackpoint xmlns="http://www.garmin.com/xmlschemas/TrainingCenterDatabase/v2"><Time>2026-08-29T07:04:28.055Z</Time><Position><LatitudeDegrees>52.341155</LatitudeDegrees><LongitudeDegrees>12.99906167</LongitudeDegrees></Position><AltitudeMeters>23.775</AltitudeMeters><DistanceMeters>147.8000030517578</DistanceMeters><HeartRateBpm><Value>135</Value></HeartRateBpm><Cadence>80</Cadence><SensorState>Present</SensorState><Extensions><TPX xmlns="http://www.garmin.com/xmlschemas/ActivityExtension/v2"><Watts>320</Watts></TPX></Extensions></Trackpoint><Trackpoint xmlns="http://www.garmin.com/xmlschemas/TrainingCenterDatabase/v2"><Time>2026-08-29T07:04:29.055Z</Time><Position><LatitudeDegrees>52.341135</LatitudeDegrees><LongitudeDegrees>12.99904833</LongitudeDegrees></Position><AltitudeMeters>23.775</AltitudeMeters><DistanceMeters>152.10000610351562</DistanceMeters><HeartRateBpm><Value>135</Value></HeartRateBpm><Cadence>80</Cadence><SensorState>Present</SensorState><Extensions><TPX xmlns="http://www.garmin.com/xmlschemas/ActivityExtension/v2"><Watts>346</Watts></TPX></Extensions></Trackpoint><Trackpoint xmlns="http://www.garmin.com/xmlschemas/TrainingCenterDatabase/v2"><Time>2026-08-29T07:04:30.055Z</Time><Position><LatitudeDegrees>52.34111</LatitudeDegrees><LongitudeDegrees>12.99903833</LongitudeDegrees></Position><AltitudeMeters>23.775</AltitudeMeters><DistanceMeters>156.6999969482422</DistanceMeters><HeartRateBpm><Value>134</Value></HeartRateBpm><Cadence>80</Cadence><SensorState>Present</SensorState><Extensions><TPX xmlns="http://www.garmin.com/xmlschemas/ActivityExtension/v2"><Watts>368</Watts></TPX></Extensions></Trackpoint><Trackpoint xmlns="http://www.garmin.com/xmlschemas/TrainingCenterDatabase/v2"><Time>2026-08-29T07:04:31.055Z</Time><Position><LatitudeDegrees>52.34107833</LatitudeDegrees><LongitudeDegrees>12.999035</LongitudeDegrees></Position><AltitudeMeters>23.775</AltitudeMeters><DistanceMeters>159.5</DistanceMeters><HeartRateBpm><Value>133</Value></HeartRateBpm><Cadence>80</Cadence><SensorState>Present</SensorState><Extensions><TPX xmlns="http://www.garmin.com/xmlschemas/ActivityExtension/v2"><Watts>386</Watts></TPX></Extensions></Trackpoint><Trackpoint xmlns="http://www.garmin.com/xmlschemas/TrainingCenterDatabase/v2"><Time>2026-08-29T07:04:32.055Z</Time><Position><LatitudeDegrees>52.34104667</LatitudeDegrees><LongitudeDegrees>12.99902667</LongitudeDegrees></Position><AltitudeMeters>24.842</AltitudeMeters><DistanceMeters>162.6999969482422</DistanceMeters><HeartRateBpm><Value>132</Value></HeartRateBpm><Cadence>80</Cadence><SensorState>Present</SensorState><Extensions><TPX xmlns="http://www.garmin.com/xmlschemas/ActivityExtension/v2"><Watts>404</Watts></TPX></Extensions></Trackpoint><Trackpoint xmlns="http://www.garmin.com/xmlschemas/TrainingCenterDatabase/v2"><Time>2026-08-29T07:04:33.055Z</Time><Position><LatitudeDegrees>52.34102167</LatitudeDegrees><LongitudeDegrees>12.99901333</LongitudeDegrees></Position><AltitudeMeters>24.842</AltitudeMeters><DistanceMeters>166.5</DistanceMeters><HeartRateBpm><Value>131</Value></HeartRateBpm><Cadence>80</Cadence><SensorState>Present</SensorState><Extensions><TPX xmlns="http://www.garmin.com/xmlschemas/ActivityExtension/v2"><Watts>408</Watts></TPX></Extensions></Trackpoint><Trackpoint xmlns="http://www.garmin.com/xmlschemas/TrainingCenterDatabase/v2"><Time>2026-08-29T07:04:34.055Z</Time><Position><LatitudeDegrees>52.34099167</LatitudeDegrees><LongitudeDegrees>12.99899333</LongitudeDegrees></Position><AltitudeMeters>24.842</AltitudeMeters><DistanceMeters>170.6999969482422</DistanceMeters><HeartRateBpm><Value>131</Value></HeartRateBpm><Cadence>80</Cadence><SensorState>Present</SensorState><Extensions><TPX xmlns="http://www.garmin.com/xmlschemas/ActivityExtension/v2"><Watts>412</Watts></TPX></Extensions></Trackpoint><Trackpoint xmlns="http://www.garmin.com/xmlschemas/TrainingCenterDatabase/v2"><Time>2026-08-29T07:04:35.055Z</Time><Position><LatitudeDegrees>52.34096333</LatitudeDegrees><LongitudeDegrees>12.99897167</LongitudeDegrees></Position><AltitudeMeters>24.842</AltitudeMeters><DistanceMeters>173.60000610351562</DistanceMeters><HeartRateBpm><Value>130</Value></HeartRateBpm><Cadence>80</Cadence><SensorState>Present</SensorState><Extensions><TPX xmlns="http://www.garmin.com/xmlschemas/ActivityExtension/v2"><Watts>424</Watts></TPX></Extensions></Trackpoint><Trackpoint xmlns="http://www.garmin.com/xmlschemas/TrainingCenterDatabase/v2"><Time>2026-08-29T07:04:36.055Z</Time><Position><LatitudeDegrees>52.34093667</LatitudeDegrees><LongitudeDegrees>12.99895</LongitudeDegrees></Position><AltitudeMeters>24.842</AltitudeMeters><DistanceMeters>176.6999969482422</DistanceMeters><HeartRateBpm><Value>130</Value></HeartRateBpm><Cadence>80</Cadence><SensorState>Present</SensorState><Extensions><TPX xmlns="http://www.garmin.com/xmlschemas/ActivityExtension/v2"><Watts>436</Watts></TPX></Extensions></Trackpoint><Trackpoint xmlns="http://www.garmin.com/xmlschemas/TrainingCenterDatabase/v2"><Time>2026-08-29T07:04:37.055Z</Time><Position><LatitudeDegrees>52.34090667</LatitudeDegrees><LongitudeDegrees>12.998925</LongitudeDegrees></Position><AltitudeMeters>24.842</AltitudeMeters><DistanceMeters>180.1999969482422</DistanceMeters><HeartRateBpm><Value>129</Value></HeartRateBpm><Cadence>80</Cadence><SensorState>Present</SensorState><Extensions><TPX xmlns="http://www.garmin.com/xmlschemas/ActivityExtension/v2"><Watts>444</Watts></TPX></Extensions></Trackpoint><Trackpoint xmlns="http://www.garmin.com/xmlschemas/TrainingCenterDatabase/v2"><Time>2026-08-29T07:04:38.055Z</Time><Position><LatitudeDegrees>52.34088167</LatitudeDegrees><LongitudeDegrees>12.9989</LongitudeDegrees></Position><AltitudeMeters>25.908</AltitudeMeters><DistanceMeters>182.3000030517578</DistanceMeters><HeartRateBpm><Value>129</Value></HeartRateBpm><Cadence>81</Cadence><SensorState>Present</SensorState><Extensions><TPX xmlns="http://www.garmin.com/xmlschemas/ActivityExtension/v2"><Watts>454</Watts></TPX></Extensions></Trackpoint><Trackpoint xmlns="http://www.garmin.com/xmlschemas/TrainingCenterDatabase/v2"><Time>2026-08-29T07:04:39.055Z</Time><Position><LatitudeDegrees>52.34085833</LatitudeDegrees><LongitudeDegrees>12.99888167</LongitudeDegrees></Position><AltitudeMeters>25.908</AltitudeMeters><DistanceMeters>185.39999389648438</DistanceMeters><HeartRateBpm><Value>129</Value></HeartRateBpm><Cadence>80</Cadence><SensorState>Present</SensorState><Extensions><TPX xmlns="http://www.garmin.com/xmlschemas/ActivityExtension/v2"><Watts>464</Watts></TPX></Extensions></Trackpoint><Trackpoint xmlns="http://www.garmin.com/xmlschemas/TrainingCenterDatabase/v2"><Time>2026-08-29T07:04:40.055Z</Time><Position><LatitudeDegrees>52.34082333</LatitudeDegrees><LongitudeDegrees>12.99885333</LongitudeDegrees></Position><AltitudeMeters>25.908</AltitudeMeters><DistanceMeters>189.1999969482422</DistanceMeters><HeartRateBpm><Value>129</Value></HeartRateBpm><Cadence>80</Cadence><SensorState>Present</SensorState><Extensions><TPX xmlns="http://www.garmin.com/xmlschemas/ActivityExtension/v2"><Watts>472</Watts></TPX></Extensions></Trackpoint><Trackpoint xmlns="http://www.garmin.com/xmlschemas/TrainingCenterDatabase/v2"><Time>2026-08-29T07:04:41.055Z</Time><Position><LatitudeDegrees>52.34079167</LatitudeDegrees><LongitudeDegrees>12.99882667</LongitudeDegrees></Position><AltitudeMeters>25.908</AltitudeMeters><DistanceMeters>192.60000610351562</DistanceMeters><HeartRateBpm><Value>128</Value></HeartRateBpm><Cadence>80</Cadence><SensorState>Present</SensorState><Extensions><TPX xmlns="http://www.garmin.com/xmlschemas/ActivityExtension/v2"><Watts>484</Watts></TPX></Extensions></Trackpoint><Trackpoint xmlns="http://www.garmin.com/xmlschemas/TrainingCenterDatabase/v2"><Time>2026-08-29T07:04:42.055Z</Time><Position><LatitudeDegrees>52.340765</LatitudeDegrees><LongitudeDegrees>12.99881167</LongitudeDegrees></Position><AltitudeMeters>26.823</AltitudeMeters><DistanceMeters>196.60000610351562</DistanceMeters><HeartRateBpm><Value>128</Value></HeartRateBpm><Cadence>80</Cadence><SensorState>Present</SensorState><Extensions><TPX xmlns="http://www.garmin.com/xmlschemas/ActivityExtension/v2"><Watts>496</Watts></TPX></Extensions></Trackpoint><Trackpoint xmlns="http://www.garmin.com/xmlschemas/TrainingCenterDatabase/v2"><Time>2026-08-29T07:04:43.055Z</Time><Position><LatitudeDegrees>52.340745</LatitudeDegrees><LongitudeDegrees>12.99880333</LongitudeDegrees></Position><AltitudeMeters>26.823</AltitudeMeters><DistanceMeters>200.39999389648438</DistanceMeters><HeartRateBpm><Value>128</Value></HeartRateBpm><Cadence>80</Cadence><SensorState>Present</SensorState><Extensions><TPX xmlns="http://www.garmin.com/xmlschemas/ActivityExtension/v2"><Watts>510</Watts></TPX></Extensions></Trackpoint><Trackpoint xmlns="http://www.garmin.com/xmlschemas/TrainingCenterDatabase/v2"><Time>2026-08-29T07:04:44.055Z</Time><Position><LatitudeDegrees>52.34070833</LatitudeDegrees><LongitudeDegrees>12.99879333</LongitudeDegrees></Position><AltitudeMeters>26.823</AltitudeMeters><DistanceMeters>203.89999389648438</DistanceMeters><HeartRateBpm><Value>128</Value></HeartRateBpm><Cadence>81</Cadence><SensorState>Present</SensorState><Extensions><TPX xmlns="http://www.garmin.com/xmlschemas/ActivityExtension/v2"><Watts>524</Watts></TPX></Extensions></Trackpoint><Trackpoint xmlns="http://www.garmin.com/xmlschemas/TrainingCenterDatabase/v2"><Time>2026-08-29T07:04:45.055Z</Time><Position><LatitudeDegrees>52.34067833</LatitudeDegrees><LongitudeDegrees>12.99878667</LongitudeDegrees></Position><AltitudeMeters>26.823</AltitudeMeters><DistanceMeters>206.89999389648438</DistanceMeters><HeartRateBpm><Value>128</Value></HeartRateBpm><Cadence>81</Cadence><SensorState>Present</SensorState><Extensions><TPX xmlns="http://www.garmin.com/xmlschemas/ActivityExtension/v2"><Watts>532</Watts></TPX></Extensions></Trackpoint><Trackpoint xmlns="http://www.garmin.com/xmlschemas/TrainingCenterDatabase/v2"><Time>2026-08-29T07:04:46.055Z</Time><Position><LatitudeDegrees>52.34065333</LatitudeDegrees><LongitudeDegrees>12.99878</LongitudeDegrees></Position><AltitudeMeters>27.89</AltitudeMeters><DistanceMeters>210.6999969482422</DistanceMeters><HeartRateBpm><Value>128</Value></HeartRateBpm><Cadence>80</Cadence><SensorState>Present</SensorState><Extensions><TPX xmlns="http://www.garmin.com/xmlschemas/ActivityExtension/v2"><Watts>528</Watts></TPX></Extensions></Trackpoint><Trackpoint xmlns="http://www.garmin.com/xmlschemas/TrainingCenterDatabase/v2"><Time>2026-08-29T07:04:47.055Z</Time><Position><LatitudeDegrees>52.340635</LatitudeDegrees><LongitudeDegrees>12.99877667</LongitudeDegrees></Position><AltitudeMeters>27.89</AltitudeMeters><DistanceMeters>214.0</DistanceMeters><HeartRateBpm><Value>127</Value></HeartRateBpm><Cadence>80</Cadence><SensorState>Present</SensorState><Extensions><TPX xmlns="http://www.garmin.com/xmlschemas/ActivityExtension/v2"><Watts>508</Watts></TPX></Extensions></Trackpoint><Trackpoint xmlns="http://www.garmin.com/xmlschemas/TrainingCenterDatabase/v2"><Time>2026-08-29T07:04:48.055Z</Time><Position><LatitudeDegrees>52.340615</LatitudeDegrees><LongitudeDegrees>12.99878</LongitudeDegrees></Position><AltitudeMeters>27.89</AltitudeMeters><DistanceMeters>217.0</DistanceMeters><HeartRateBpm><Value>125</Value></HeartRateBpm><Cadence>80</Cadence><SensorState>Present</SensorState><Extensions><TPX xmlns="http://www.garmin.com/xmlschemas/ActivityExtension/v2"><Watts>480</Watts></TPX></Extensions></Trackpoint><Trackpoint xmlns="http://www.garmin.com/xmlschemas/TrainingCenterDatabase/v2"><Time>2026-08-29T07:04:49.055Z</Time><Position><LatitudeDegrees>52.34059833</LatitudeDegrees><LongitudeDegrees>12.99879167</LongitudeDegrees></Position><AltitudeMeters>27.89</AltitudeMeters><DistanceMeters>219.3000030517578</DistanceMeters><HeartRateBpm><Value>124</Value></HeartRateBpm><Cadence>80</Cadence><SensorState>Present</SensorState><Extensions><TPX xmlns="http://www.garmin.com/xmlschemas/ActivityExtension/v2"><Watts>448</Watts></TPX></Extensions></Trackpoint><Trackpoint xmlns="http://www.garmin.com/xmlschemas/TrainingCenterDatabase/v2"><Time>2026-08-29T07:04:50.055Z</Time><Position><LatitudeDegrees>52.34057667</LatitudeDegrees><LongitudeDegrees>12.998805</LongitudeDegrees></Position><AltitudeMeters>27.89</AltitudeMeters><DistanceMeters>221.5</DistanceMeters><HeartRateBpm><Value>122</Value></HeartRateBpm><Cadence>80</Cadence><SensorState>Present</SensorState><Extensions><TPX xmlns="http://www.garmin.com/xmlschemas/ActivityExtension/v2"><Watts>420</Watts></TPX></Extensions></Trackpoint><Trackpoint xmlns="http://www.garmin.com/xmlschemas/TrainingCenterDatabase/v2"><Time>2026-08-29T07:04:51.055Z</Time><Position><LatitudeDegrees>52.34055</LatitudeDegrees><LongitudeDegrees>12.99882833</LongitudeDegrees></Position><AltitudeMeters>27.89</AltitudeMeters><DistanceMeters>222.89999389648438</DistanceMeters><HeartRateBpm><Value>121</Value></HeartRateBpm><Cadence>80</Cadence><SensorState>Present</SensorState><Extensions><TPX xmlns="http://www.garmin.com/xmlschemas/ActivityExtension/v2"><Watts>402</Watts></TPX></Extensions></Trackpoint><Trackpoint xmlns="http://www.garmin.com/xmlschemas/TrainingCenterDatabase/v2"><Time>2026-08-29T07:04:52.055Z</Time><Position><LatitudeDegrees>52.34052333</LatitudeDegrees><LongitudeDegrees>12.99884833</LongitudeDegrees></Position><AltitudeMeters>28.804</AltitudeMeters><DistanceMeters>224.8000030517578</DistanceMeters><HeartRateBpm><Value>120</Value></HeartRateBpm><Cadence>80</Cadence><SensorState>Present</SensorState><Extensions><TPX xmlns="http://www.garmin.com/xmlschemas/ActivityExtension/v2"><Watts>388</Watts></TPX></Extensions></Trackpoint><Trackpoint xmlns="http://www.garmin.com/xmlschemas/TrainingCenterDatabase/v2"><Time>2026-08-29T07:04:53.055Z</Time><Position><LatitudeDegrees>52.34049</LatitudeDegrees><LongitudeDegrees>12.998875</LongitudeDegrees></Position><AltitudeMeters>28.804</AltitudeMeters><DistanceMeters>227.39999389648438</DistanceMeters><HeartRateBpm><Value>118</Value></HeartRateBpm><Cadence>80</Cadence><SensorState>Present</SensorState><Extensions><TPX xmlns="http://www.garmin.com/xmlschemas/ActivityExtension/v2"><Watts>390</Watts></TPX></Extensions></Trackpoint><Trackpoint xmlns="http://www.garmin.com/xmlschemas/TrainingCenterDatabase/v2"><Time>2026-08-29T07:04:54.055Z</Time><Position><LatitudeDegrees>52.34046333</LatitudeDegrees><LongitudeDegrees>12.998905</LongitudeDegrees></Position><AltitudeMeters>28.804</AltitudeMeters><DistanceMeters>230.60000610351562</DistanceMeters><HeartRateBpm><Value>118</Value></HeartRateBpm><Cadence>80</Cadence><SensorState>Present</SensorState><Extensions><TPX xmlns="http://www.garmin.com/xmlschemas/ActivityExtension/v2"><Watts>406</Watts></TPX></Extensions></Trackpoint><Trackpoint xmlns="http://www.garmin.com/xmlschemas/TrainingCenterDatabase/v2"><Time>2026-08-29T07:04:55.055Z</Time><Position><LatitudeDegrees>52.34044333</LatitudeDegrees><LongitudeDegrees>12.99891833</LongitudeDegrees></Position><AltitudeMeters>28.804</AltitudeMeters><DistanceMeters>233.39999389648438</DistanceMeters><HeartRateBpm><Value>117</Value></HeartRateBpm><Cadence>80</Cadence><SensorState>Present</SensorState><Extensions><TPX xmlns="http://www.garmin.com/xmlschemas/ActivityExtension/v2"><Watts>420</Watts></TPX></Extensions></Trackpoint><Trackpoint xmlns="http://www.garmin.com/xmlschemas/TrainingCenterDatabase/v2"><Time>2026-08-29T07:04:56.055Z</Time><Position><LatitudeDegrees>52.340425</LatitudeDegrees><LongitudeDegrees>12.99893167</LongitudeDegrees></Position><AltitudeMeters>28.804</AltitudeMeters><DistanceMeters>236.5</DistanceMeters><HeartRateBpm><Value>117</Value></HeartRateBpm><Cadence>80</Cadence><SensorState>Present</SensorState><Extensions><TPX xmlns="http://www.garmin.com/xmlschemas/ActivityExtension/v2"><Watts>432</Watts></TPX></Extensions></Trackpoint><Trackpoint xmlns="http://www.garmin.com/xmlschemas/TrainingCenterDatabase/v2"><Time>2026-08-29T07:04:57.055Z</Time><Position><LatitudeDegrees>52.34040167</LatitudeDegrees><LongitudeDegrees>12.99895</LongitudeDegrees></Position><AltitudeMeters>28.804</AltitudeMeters><DistanceMeters>239.5</DistanceMeters><HeartRateBpm><Value>115</Value></HeartRateBpm><Cadence>80</Cadence><SensorState>Present</SensorState><Extensions><TPX xmlns="http://www.garmin.com/xmlschemas/ActivityExtension/v2"><Watts>426</Watts></TPX></Extensions></Trackpoint><Trackpoint xmlns="http://www.garmin.com/xmlschemas/TrainingCenterDatabase/v2"><Time>2026-08-29T07:04:58.055Z</Time><Position><LatitudeDegrees>52.34038167</LatitudeDegrees><LongitudeDegrees>12.99896833</LongitudeDegrees></Position><AltitudeMeters>29.871</AltitudeMeters><DistanceMeters>242.60000610351562</DistanceMeters><HeartRateBpm><Value>115</Value></HeartRateBpm><Cadence>80</Cadence><SensorState>Present</SensorState><Extensions><TPX xmlns="http://www.garmin.com/xmlschemas/ActivityExtension/v2"><Watts>406</Watts></TPX></Extensions></Trackpoint><Trackpoint xmlns="http://www.garmin.com/xmlschemas/TrainingCenterDatabase/v2"><Time>2026-08-29T07:04:59.055Z</Time><Position><LatitudeDegrees>52.34036333</LatitudeDegrees><LongitudeDegrees>12.99898333</LongitudeDegrees></Position><AltitudeMeters>29.871</AltitudeMeters><DistanceMeters>245.89999389648438</DistanceMeters><HeartRateBpm><Value>114</Value></HeartRateBpm><Cadence>81</Cadence><SensorState>Present</SensorState><Extensions><TPX xmlns="http://www.garmin.com/xmlschemas/ActivityExtension/v2"><Watts>388</Watts></TPX></Extensions></Trackpoint><Trackpoint xmlns="http://www.garmin.com/xmlschemas/TrainingCenterDatabase/v2"><Time>2026-08-29T07:05:00.055Z</Time><Position><LatitudeDegrees>52.340345</LatitudeDegrees><LongitudeDegrees>12.99899667</LongitudeDegrees></Position><AltitudeMeters>29.871</AltitudeMeters><DistanceMeters>249.1999969482422</DistanceMeters><HeartRateBpm><Value>113</Value></HeartRateBpm><Cadence>81</Cadence><SensorState>Present</SensorState><Extensions><TPX xmlns="http://www.garmin.com/xmlschemas/ActivityExtension/v2"><Watts>376</Watts></TPX></Extensions></Trackpoint><Trackpoint xmlns="http://www.garmin.com/xmlschemas/TrainingCenterDatabase/v2"><Time>2026-08-29T07:05:01.055Z</Time><Position><LatitudeDegrees>52.340325</LatitudeDegrees><LongitudeDegrees>12.99902333</LongitudeDegrees></Position><AltitudeMeters>29.871</AltitudeMeters><DistanceMeters>251.6999969482422</DistanceMeters><HeartRateBpm><Value>113</Value></HeartRateBpm><Cadence>81</Cadence><SensorState>Present</SensorState><Extensions><TPX xmlns="http://www.garmin.com/xmlschemas/ActivityExtension/v2"><Watts>366</Watts></TPX></Extensions></Trackpoint><Trackpoint xmlns="http://www.garmin.com/xmlschemas/TrainingCenterDatabase/v2"><Time>2026-08-29T07:05:02.055Z</Time><Position><LatitudeDegrees>52.340305</LatitudeDegrees><LongitudeDegrees>12.999045</LongitudeDegrees></Position><AltitudeMeters>29.871</AltitudeMeters><DistanceMeters>253.8000030517578</DistanceMeters><HeartRateBpm><Value>112</Value></HeartRateBpm><Cadence>81</Cadence><SensorState>Present</SensorState><Extensions><TPX xmlns="http://www.garmin.com/xmlschemas/ActivityExtension/v2"><Watts>360</Watts></TPX></Extensions></Trackpoint><Trackpoint xmlns="http://www.garmin.com/xmlschemas/TrainingCenterDatabase/v2"><Time>2026-08-29T07:05:03.055Z</Time><Position><LatitudeDegrees>52.34028333</LatitudeDegrees><LongitudeDegrees>12.99907333</LongitudeDegrees></Position><AltitudeMeters>29.871</AltitudeMeters><DistanceMeters>256.20001220703125</DistanceMeters><HeartRateBpm><Value>112</Value></HeartRateBpm><Cadence>80</Cadence><SensorState>Present</SensorState><Extensions><TPX xmlns="http://www.garmin.com/xmlschemas/ActivityExtension/v2"><Watts>356</Watts></TPX></Extensions></Trackpoint><Trackpoint xmlns="http://www.garmin.com/xmlschemas/TrainingCenterDatabase/v2"><Time>2026-08-29T07:05:04.055Z</Time><Position><LatitudeDegrees>52.34026167</LatitudeDegrees><LongitudeDegrees>12.99909833</LongitudeDegrees></Position><AltitudeMeters>29.871</AltitudeMeters><DistanceMeters>257.8999938964844</DistanceMeters><HeartRateBpm><Value>111</Value></HeartRateBpm><Cadence>80</Cadence><SensorState>Present</SensorState><Extensions><TPX xmlns="http://www.garmin.com/xmlschemas/ActivityExtension/v2"><Watts>362</Watts></TPX></Extensions></Trackpoint><Trackpoint xmlns="http://www.garmin.com/xmlschemas/TrainingCenterDatabase/v2"><Time>2026-08-29T07:05:05.055Z</Time><Position><LatitudeDegrees>52.34024</LatitudeDegrees><LongitudeDegrees>12.999115</LongitudeDegrees></Position><AltitudeMeters>29.871</AltitudeMeters><DistanceMeters>260.29998779296875</DistanceMeters><HeartRateBpm><Value>111</Value></HeartRateBpm><Cadence>80</Cadence><SensorState>Present</SensorState><Extensions><TPX xmlns="http://www.garmin.com/xmlschemas/ActivityExtension/v2"><Watts>378</Watts></TPX></Extensions></Trackpoint><Trackpoint xmlns="http://www.garmin.com/xmlschemas/TrainingCenterDatabase/v2"><Time>2026-08-29T07:05:06.055Z</Time><Position><LatitudeDegrees>52.34020833</LatitudeDegrees><LongitudeDegrees>12.99913833</LongitudeDegrees></Position><AltitudeMeters>29.871</AltitudeMeters><DistanceMeters>263.29998779296875</DistanceMeters><HeartRateBpm><Value>111</Value></HeartRateBpm><Cadence>80</Cadence><SensorState>Present</SensorState><Extensions><TPX xmlns="http://www.garmin.com/xmlschemas/ActivityExtension/v2"><Watts>392</Watts></TPX></Extensions></Trackpoint><Trackpoint xmlns="http://www.garmin.com/xmlschemas/TrainingCenterDatabase/v2"><Time>2026-08-29T07:05:07.055Z</Time><Position><LatitudeDegrees>52.340185</LatitudeDegrees><LongitudeDegrees>12.99915167</LongitudeDegrees></Position><AltitudeMeters>29.871</AltitudeMeters><DistanceMeters>266.3999938964844</DistanceMeters><HeartRateBpm><Value>111</Value></HeartRateBpm><Cadence>80</Cadence><SensorState>Present</SensorState><Extensions><TPX xmlns="http://www.garmin.com/xmlschemas/ActivityExtension/v2"><Watts>396</Watts></TPX></Extensions></Trackpoint><Trackpoint xmlns="http://www.garmin.com/xmlschemas/TrainingCenterDatabase/v2"><Time>2026-08-29T07:05:08.055Z</Time><Position><LatitudeDegrees>52.34016</LatitudeDegrees><LongitudeDegrees>12.999165</LongitudeDegrees></Position><AltitudeMeters>29.871</AltitudeMeters><DistanceMeters>269.70001220703125</DistanceMeters><HeartRateBpm><Value>112</Value></HeartRateBpm><Cadence>80</Cadence><SensorState>Present</SensorState><Extensions><TPX xmlns="http://www.garmin.com/xmlschemas/ActivityExtension/v2"><Watts>392</Watts></TPX></Extensions></Trackpoint><Trackpoint xmlns="http://www.garmin.com/xmlschemas/TrainingCenterDatabase/v2"><Time>2026-08-29T07:05:09.055Z</Time><Position><LatitudeDegrees>52.34012333</LatitudeDegrees><LongitudeDegrees>12.99919667</LongitudeDegrees></Position><AltitudeMeters>29.871</AltitudeMeters><DistanceMeters>272.79998779296875</DistanceMeters><HeartRateBpm><Value>113</Value></HeartRateBpm><Cadence>80</Cadence><SensorState>Present</SensorState><Extensions><TPX xmlns="http://www.garmin.com/xmlschemas/ActivityExtension/v2"><Watts>394</Watts></TPX></Extensions></Trackpoint><Trackpoint xmlns="http://www.garmin.com/xmlschemas/TrainingCenterDatabase/v2"><Time>2026-08-29T07:05:10.055Z</Time><Position><LatitudeDegrees>52.34009</LatitudeDegrees><LongitudeDegrees>12.99922</LongitudeDegrees></Position><AltitudeMeters>30.785</AltitudeMeters><DistanceMeters>276.20001220703125</DistanceMeters><HeartRateBpm><Value>112</Value></HeartRateBpm><Cadence>80</Cadence><SensorState>Present</SensorState><Extensions><TPX xmlns="http://www.garmin.com/xmlschemas/ActivityExtension/v2"><Watts>408</Watts></TPX></Extensions></Trackpoint><Trackpoint xmlns="http://www.garmin.com/xmlschemas/TrainingCenterDatabase/v2"><Time>2026-08-29T07:05:11.055Z</Time><Position><LatitudeDegrees>52.34006833</LatitudeDegrees><LongitudeDegrees>12.99923667</LongitudeDegrees></Position><AltitudeMeters>30.785</AltitudeMeters><DistanceMeters>280.70001220703125</DistanceMeters><HeartRateBpm><Value>112</Value></HeartRateBpm><Cadence>80</Cadence><SensorState>Present</SensorState><Extensions><TPX xmlns="http://www.garmin.com/xmlschemas/ActivityExtension/v2"><Watts>418</Watts></TPX></Extensions></Trackpoint><Trackpoint xmlns="http://www.garmin.com/xmlschemas/TrainingCenterDatabase/v2"><Time>2026-08-29T07:05:12.055Z</Time><Position><LatitudeDegrees>52.34005333</LatitudeDegrees><LongitudeDegrees>12.99924333</LongitudeDegrees></Position><AltitudeMeters>30.785</AltitudeMeters><DistanceMeters>284.70001220703125</DistanceMeters><HeartRateBpm><Value>112</Value></HeartRateBpm><Cadence>80</Cadence><SensorState>Present</SensorState><Extensions><TPX xmlns="http://www.garmin.com/xmlschemas/ActivityExtension/v2"><Watts>426</Watts></TPX></Extensions></Trackpoint><Trackpoint xmlns="http://www.garmin.com/xmlschemas/TrainingCenterDatabase/v2"><Time>2026-08-29T07:05:13.055Z</Time><Position><LatitudeDegrees>52.340035</LatitudeDegrees><LongitudeDegrees>12.99925667</LongitudeDegrees></Position><AltitudeMeters>30.785</AltitudeMeters><DistanceMeters>288.1000061035156</DistanceMeters><HeartRateBpm><Value>113</Value></HeartRateBpm><Cadence>80</Cadence><SensorState>Present</SensorState><Extensions><TPX xmlns="http://www.garmin.com/xmlschemas/ActivityExtension/v2"><Watts>416</Watts></TPX></Extensions></Trackpoint><Trackpoint xmlns="http://www.garmin.com/xmlschemas/TrainingCenterDatabase/v2"><Time>2026-08-29T07:05:14.055Z</Time><Position><LatitudeDegrees>52.34001667</LatitudeDegrees><LongitudeDegrees>12.999275</LongitudeDegrees></Position><AltitudeMeters>30.785</AltitudeMeters><DistanceMeters>290.5</DistanceMeters><HeartRateBpm><Value>114</Value></HeartRateBpm><Cadence>80</Cadence><SensorState>Present</SensorState><Extensions><TPX xmlns="http://www.garmin.com/xmlschemas/ActivityExtension/v2"><Watts>388</Watts></TPX></Extensions></Trackpoint><Trackpoint xmlns="http://www.garmin.com/xmlschemas/TrainingCenterDatabase/v2"><Time>2026-08-29T07:05:15.055Z</Time><Position><LatitudeDegrees>52.339995</LatitudeDegrees><LongitudeDegrees>12.99929333</LongitudeDegrees></Position><AltitudeMeters>30.785</AltitudeMeters><DistanceMeters>293.20001220703125</DistanceMeters><HeartRateBpm><Value>115</Value></HeartRateBpm><Cadence>80</Cadence><SensorState>Present</SensorState><Extensions><TPX xmlns="http://www.garmin.com/xmlschemas/ActivityExtension/v2"><Watts>362</Watts></TPX></Extensions></Trackpoint><Trackpoint xmlns="http://www.garmin.com/xmlschemas/TrainingCenterDatabase/v2"><Time>2026-08-29T07:05:16.055Z</Time><Position><LatitudeDegrees>52.339975</LatitudeDegrees><LongitudeDegrees>12.99931</LongitudeDegrees></Position><AltitudeMeters>30.785</AltitudeMeters><DistanceMeters>295.79998779296875</DistanceMeters><HeartRateBpm><Value>116</Value></HeartRateBpm><Cadence>80</Cadence><SensorState>Present</SensorState><Extensions><TPX xmlns="http://www.garmin.com/xmlschemas/ActivityExtension/v2"><Watts>354</Watts></TPX></Extensions></Trackpoint><Trackpoint xmlns="http://www.garmin.com/xmlschemas/TrainingCenterDatabase/v2"><Time>2026-08-29T07:05:17.055Z</Time><Position><LatitudeDegrees>52.33994333</LatitudeDegrees><LongitudeDegrees>12.99934333</LongitudeDegrees></Position><AltitudeMeters>30.785</AltitudeMeters><DistanceMeters>298.0</DistanceMeters><HeartRateBpm><Value>116</Value></HeartRateBpm><Cadence>80</Cadence><SensorState>Present</SensorState><Extensions><TPX xmlns="http://www.garmin.com/xmlschemas/ActivityExtension/v2"><Watts>358</Watts></TPX></Extensions></Trackpoint><Trackpoint xmlns="http://www.garmin.com/xmlschemas/TrainingCenterDatabase/v2"><Time>2026-08-29T07:05:18.055Z</Time><Position><LatitudeDegrees>52.33990667</LatitudeDegrees><LongitudeDegrees>12.999385</LongitudeDegrees></Position><AltitudeMeters>30.785</AltitudeMeters><DistanceMeters>300.6000061035156</DistanceMeters><HeartRateBpm><Value>115</Value></HeartRateBpm><Cadence>80</Cadence><SensorState>Present</SensorState><Extensions><TPX xmlns="http://www.garmin.com/xmlschemas/ActivityExtension/v2"><Watts>366</Watts></TPX></Extensions></Trackpoint><Trackpoint xmlns="http://www.garmin.com/xmlschemas/TrainingCenterDatabase/v2"><Time>2026-08-29T07:05:19.055Z</Time><Position><LatitudeDegrees>52.33987333</LatitudeDegrees><LongitudeDegrees>12.99940833</LongitudeDegrees></Position><AltitudeMeters>30.785</AltitudeMeters><DistanceMeters>304.20001220703125</DistanceMeters><HeartRateBpm><Value>115</Value></HeartRateBpm><Cadence>80</Cadence><SensorState>Present</SensorState><Extensions><TPX xmlns="http://www.garmin.com/xmlschemas/ActivityExtension/v2"><Watts>386</Watts></TPX></Extensions></Trackpoint><Trackpoint xmlns="http://www.garmin.com/xmlschemas/TrainingCenterDatabase/v2"><Time>2026-08-29T07:05:20.055Z</Time><Position><LatitudeDegrees>52.33984</LatitudeDegrees><LongitudeDegrees>12.99943167</LongitudeDegrees></Position><AltitudeMeters>31.852</AltitudeMeters><DistanceMeters>307.3999938964844</DistanceMeters><HeartRateBpm><Value>115</Value></HeartRateBpm><Cadence>80</Cadence><SensorState>Present</SensorState><Extensions><TPX xmlns="http://www.garmin.com/xmlschemas/ActivityExtension/v2"><Watts>408</Watts></TPX></Extensions></Trackpoint><Trackpoint xmlns="http://www.garmin.com/xmlschemas/TrainingCenterDatabase/v2"><Time>2026-08-29T07:05:21.055Z</Time><Position><LatitudeDegrees>52.339815</LatitudeDegrees><LongitudeDegrees>12.99945</LongitudeDegrees></Position><AltitudeMeters>31.852</AltitudeMeters><DistanceMeters>310.79998779296875</DistanceMeters><HeartRateBpm><Value>115</Value></HeartRateBpm><Cadence>80</Cadence><SensorState>Present</SensorState><Extensions><TPX xmlns="http://www.garmin.com/xmlschemas/ActivityExtension/v2"><Watts>426</Watts></TPX></Extensions></Trackpoint><Trackpoint xmlns="http://www.garmin.com/xmlschemas/TrainingCenterDatabase/v2"><Time>2026-08-29T07:05:22.055Z</Time><Position><LatitudeDegrees>52.339785</LatitudeDegrees><LongitudeDegrees>12.99946833</LongitudeDegrees></Position><AltitudeMeters>31.852</AltitudeMeters><DistanceMeters>315.20001220703125</DistanceMeters><HeartRateBpm><Value>115</Value></HeartRateBpm><Cadence>81</Cadence><SensorState>Present</SensorState><Extensions><TPX xmlns="http://www.garmin.com/xmlschemas/ActivityExtension/v2"><Watts>440</Watts></TPX></Extensions></Trackpoint><Trackpoint xmlns="http://www.garmin.com/xmlschemas/TrainingCenterDatabase/v2"><Time>2026-08-29T07:05:23.055Z</Time><Position><LatitudeDegrees>52.33975833</LatitudeDegrees><LongitudeDegrees>12.999485</LongitudeDegrees></Position><AltitudeMeters>31.852</AltitudeMeters><DistanceMeters>319.5</DistanceMeters><HeartRateBpm><Value>116</Value></HeartRateBpm><Cadence>80</Cadence><SensorState>Present</SensorState><Extensions><TPX xmlns="http://www.garmin.com/xmlschemas/ActivityExtension/v2"><Watts>446</Watts></TPX></Extensions></Trackpoint><Trackpoint xmlns="http://www.garmin.com/xmlschemas/TrainingCenterDatabase/v2"><Time>2026-08-29T07:05:24.055Z</Time><Position><LatitudeDegrees>52.33973333</LatitudeDegrees><LongitudeDegrees>12.999495</LongitudeDegrees></Position><AltitudeMeters>31.852</AltitudeMeters><DistanceMeters>324.0</DistanceMeters><HeartRateBpm><Value>116</Value></HeartRateBpm><Cadence>80</Cadence><SensorState>Present</SensorState><Extensions><TPX xmlns="http://www.garmin.com/xmlschemas/ActivityExtension/v2"><Watts>448</Watts></TPX></Extensions></Trackpoint><Trackpoint xmlns="http://www.garmin.com/xmlschemas/TrainingCenterDatabase/v2"><Time>2026-08-29T07:05:25.055Z</Time><Position><LatitudeDegrees>52.33970833</LatitudeDegrees><LongitudeDegrees>12.99950833</LongitudeDegrees></Position><AltitudeMeters>31.852</AltitudeMeters><DistanceMeters>328.1000061035156</DistanceMeters><HeartRateBpm><Value>117</Value></HeartRateBpm><Cadence>80</Cadence><SensorState>Present</SensorState><Extensions><TPX xmlns="http://www.garmin.com/xmlschemas/ActivityExtension/v2"><Watts>452</Watts></TPX></Extensions></Trackpoint><Trackpoint xmlns="http://www.garmin.com/xmlschemas/TrainingCenterDatabase/v2"><Time>2026-08-29T07:05:26.055Z</Time><Position><LatitudeDegrees>52.33968833</LatitudeDegrees><LongitudeDegrees>12.999525</LongitudeDegrees></Position><AltitudeMeters>32.919</AltitudeMeters><DistanceMeters>331.70001220703125</DistanceMeters><HeartRateBpm><Value>117</Value></HeartRateBpm><Cadence>80</Cadence><SensorState>Present</SensorState><Extensions><TPX xmlns="http://www.garmin.com/xmlschemas/ActivityExtension/v2"><Watts>440</Watts></TPX></Extensions></Trackpoint><Trackpoint xmlns="http://www.garmin.com/xmlschemas/TrainingCenterDatabase/v2"><Time>2026-08-29T07:05:27.055Z</Time><Position><LatitudeDegrees>52.33966167</LatitudeDegrees><LongitudeDegrees>12.99954667</LongitudeDegrees></Position><AltitudeMeters>32.919</AltitudeMeters><DistanceMeters>335.3999938964844</DistanceMeters><HeartRateBpm><Value>117</Value></HeartRateBpm><Cadence>80</Cadence><SensorState>Present</SensorState><Extensions><TPX xmlns="http://www.garmin.com/xmlschemas/ActivityExtension/v2"><Watts>416</Watts></TPX></Extensions></Trackpoint><Trackpoint xmlns="http://www.garmin.com/xmlschemas/TrainingCenterDatabase/v2"><Time>2026-08-29T07:05:28.055Z</Time><Position><LatitudeDegrees>52.339645</LatitudeDegrees><LongitudeDegrees>12.99956</LongitudeDegrees></Position><AltitudeMeters>32.919</AltitudeMeters><DistanceMeters>337.6000061035156</DistanceMeters><HeartRateBpm><Value>117</Value></HeartRateBpm><Cadence>80</Cadence><SensorState>Present</SensorState><Extensions><TPX xmlns="http://www.garmin.com/xmlschemas/ActivityExtension/v2"><Watts>398</Watts></TPX></Extensions></Trackpoint><Trackpoint xmlns="http://www.garmin.com/xmlschemas/TrainingCenterDatabase/v2"><Time>2026-08-29T07:05:29.055Z</Time><Position><LatitudeDegrees>52.33963</LatitudeDegrees><LongitudeDegrees>12.99957333</LongitudeDegrees></Position><AltitudeMeters>32.919</AltitudeMeters><DistanceMeters>339.70001220703125</DistanceMeters><HeartRateBpm><Value>117</Value></HeartRateBpm><Cadence>80</Cadence><SensorState>Present</SensorState><Extensions><TPX xmlns="http://www.garmin.com/xmlschemas/ActivityExtension/v2"><Watts>378</Watts></TPX></Extensions></Trackpoint><Trackpoint xmlns="http://www.garmin.com/xmlschemas/TrainingCenterDatabase/v2"><Time>2026-08-29T07:05:30.055Z</Time><Position><LatitudeDegrees>52.33961</LatitudeDegrees><LongitudeDegrees>12.99959</LongitudeDegrees></Position><AltitudeMeters>32.919</AltitudeMeters><DistanceMeters>341.6000061035156</DistanceMeters><HeartRateBpm><Value>117</Value></HeartRateBpm><Cadence>80</Cadence><SensorState>Present</SensorState><Extensions><TPX xmlns="http://www.garmin.com/xmlschemas/ActivityExtension/v2"><Watts>358</Watts></TPX></Extensions></Trackpoint><Trackpoint xmlns="http://www.garmin.com/xmlschemas/TrainingCenterDatabase/v2"><Time>2026-08-29T07:05:31.055Z</Time><Position><LatitudeDegrees>52.33958333</LatitudeDegrees><LongitudeDegrees>12.99961167</LongitudeDegrees></Position><AltitudeMeters>32.919</AltitudeMeters><DistanceMeters>343.20001220703125</DistanceMeters><HeartRateBpm><Value>116</Value></HeartRateBpm><Cadence>81</Cadence><SensorState>Present</SensorState><Extensions><TPX xmlns="http://www.garmin.com/xmlschemas/ActivityExtension/v2"><Watts>342</Watts></TPX></Extensions></Trackpoint><Trackpoint xmlns="http://www.garmin.com/xmlschemas/TrainingCenterDatabase/v2"><Time>2026-08-29T07:05:32.055Z</Time><Position><LatitudeDegrees>52.339565</LatitudeDegrees><LongitudeDegrees>12.99962667</LongitudeDegrees></Position><AltitudeMeters>32.919</AltitudeMeters><DistanceMeters>345.29998779296875</DistanceMeters><HeartRateBpm><Value>116</Value></HeartRateBpm><Cadence>80</Cadence><SensorState>Present</SensorState><Extensions><TPX xmlns="http://www.garmin.com/xmlschemas/ActivityExtension/v2"><Watts>328</Watts></TPX></Extensions></Trackpoint><Trackpoint xmlns="http://www.garmin.com/xmlschemas/TrainingCenterDatabase/v2"><Time>2026-08-29T07:05:33.055Z</Time><Position><LatitudeDegrees>52.33954167</LatitudeDegrees><LongitudeDegrees>12.99964167</LongitudeDegrees></Position><AltitudeMeters>32.919</AltitudeMeters><DistanceMeters>347.79998779296875</DistanceMeters><HeartRateBpm><Value>115</Value></HeartRateBpm><Cadence>80</Cadence><SensorState>Present</SensorState><Extensions><TPX xmlns="http://www.garmin.com/xmlschemas/ActivityExtension/v2"><Watts>330</Watts></TPX></Extensions></Trackpoint><Trackpoint xmlns="http://www.garmin.com/xmlschemas/TrainingCenterDatabase/v2"><Time>2026-08-29T07:05:34.055Z</Time><Position><LatitudeDegrees>52.33951333</LatitudeDegrees><LongitudeDegrees>12.99965333</LongitudeDegrees></Position><AltitudeMeters>33.833</AltitudeMeters><DistanceMeters>350.0</DistanceMeters><HeartRateBpm><Value>115</Value></HeartRateBpm><Cadence>80</Cadence><SensorState>Present</SensorState><Extensions><TPX xmlns="http://www.garmin.com/xmlschemas/ActivityExtension/v2"><Watts>344</Watts></TPX></Extensions></Trackpoint><Trackpoint xmlns="http://www.garmin.com/xmlschemas/TrainingCenterDatabase/v2"><Time>2026-08-29T07:05:35.055Z</Time><Position><LatitudeDegrees>52.33948833</LatitudeDegrees><LongitudeDegrees>12.99966333</LongitudeDegrees></Position><AltitudeMeters>33.833</AltitudeMeters><DistanceMeters>352.6000061035156</DistanceMeters><HeartRateBpm><Value>115</Value></HeartRateBpm><Cadence>80</Cadence><SensorState>Present</SensorState><Extensions><TPX xmlns="http://www.garmin.com/xmlschemas/ActivityExtension/v2"><Watts>356</Watts></TPX></Extensions></Trackpoint><Trackpoint xmlns="http://www.garmin.com/xmlschemas/TrainingCenterDatabase/v2"><Time>2026-08-29T07:05:36.055Z</Time><Position><LatitudeDegrees>52.339455</LatitudeDegrees><LongitudeDegrees>12.99967333</LongitudeDegrees></Position><AltitudeMeters>33.833</AltitudeMeters><DistanceMeters>355.5</DistanceMeters><HeartRateBpm><Value>115</Value></HeartRateBpm><Cadence>81</Cadence><SensorState>Present</SensorState><Extensions><TPX xmlns="http://www.garmin.com/xmlschemas/ActivityExtension/v2"><Watts>370</Watts></TPX></Extensions></Trackpoint><Trackpoint xmlns="http://www.garmin.com/xmlschemas/TrainingCenterDatabase/v2"><Time>2026-08-29T07:05:37.055Z</Time><Position><LatitudeDegrees>52.339425</LatitudeDegrees><LongitudeDegrees>12.99968333</LongitudeDegrees></Position><AltitudeMeters>33.833</AltitudeMeters><DistanceMeters>358.6000061035156</DistanceMeters><HeartRateBpm><Value>114</Value></HeartRateBpm><Cadence>80</Cadence><SensorState>Present</SensorState><Extensions><TPX xmlns="http://www.garmin.com/xmlschemas/ActivityExtension/v2"><Watts>384</Watts></TPX></Extensions></Trackpoint><Trackpoint xmlns="http://www.garmin.com/xmlschemas/TrainingCenterDatabase/v2"><Time>2026-08-29T07:05:38.055Z</Time><Position><LatitudeDegrees>52.33938667</LatitudeDegrees><LongitudeDegrees>12.99970167</LongitudeDegrees></Position><AltitudeMeters>33.833</AltitudeMeters><DistanceMeters>361.70001220703125</DistanceMeters><HeartRateBpm><Value>114</Value></HeartRateBpm><Cadence>81</Cadence><SensorState>Present</SensorState><Extensions><TPX xmlns="http://www.garmin.com/xmlschemas/ActivityExtension/v2"><Watts>398</Watts></TPX></Extensions></Trackpoint><Trackpoint xmlns="http://www.garmin.com/xmlschemas/TrainingCenterDatabase/v2"><Time>2026-08-29T07:05:39.055Z</Time><Position><LatitudeDegrees>52.33935667</LatitudeDegrees><LongitudeDegrees>12.99971333</LongitudeDegrees></Position><AltitudeMeters>33.833</AltitudeMeters><DistanceMeters>365.6000061035156</DistanceMeters><HeartRateBpm><Value>114</Value></HeartRateBpm><Cadence>80</Cadence><SensorState>Present</SensorState><Extensions><TPX xmlns="http://www.garmin.com/xmlschemas/ActivityExtension/v2"><Watts>418</Watts></TPX></Extensions></Trackpoint><Trackpoint xmlns="http://www.garmin.com/xmlschemas/TrainingCenterDatabase/v2"><Time>2026-08-29T07:05:40.055Z</Time><Position><LatitudeDegrees>52.33932</LatitudeDegrees><LongitudeDegrees>12.99973</LongitudeDegrees></Position><AltitudeMeters>33.833</AltitudeMeters><DistanceMeters>370.29998779296875</DistanceMeters><HeartRateBpm><Value>114</Value></HeartRateBpm><Cadence>80</Cadence><SensorState>Present</SensorState><Extensions><TPX xmlns="http://www.garmin.com/xmlschemas/ActivityExtension/v2"><Watts>436</Watts></TPX></Extensions></Trackpoint><Trackpoint xmlns="http://www.garmin.com/xmlschemas/TrainingCenterDatabase/v2"><Time>2026-08-29T07:05:41.055Z</Time><Position><LatitudeDegrees>52.33929333</LatitudeDegrees><LongitudeDegrees>12.999745</LongitudeDegrees></Position><AltitudeMeters>33.833</AltitudeMeters><DistanceMeters>374.29998779296875</DistanceMeters><HeartRateBpm><Value>114</Value></HeartRateBpm><Cadence>80</Cadence><SensorState>Present</SensorState><Extensions><TPX xmlns="http://www.garmin.com/xmlschemas/ActivityExtension/v2"><Watts>442</Watts></TPX></Extensions></Trackpoint><Trackpoint xmlns="http://www.garmin.com/xmlschemas/TrainingCenterDatabase/v2"><Time>2026-08-29T07:05:42.055Z</Time><Position><LatitudeDegrees>52.33925667</LatitudeDegrees><LongitudeDegrees>12.99976333</LongitudeDegrees></Position><AltitudeMeters>34.9</AltitudeMeters><DistanceMeters>378.3999938964844</DistanceMeters><HeartRateBpm><Value>114</Value></HeartRateBpm><Cadence>80</Cadence><SensorState>Present</SensorState><Extensions><TPX xmlns="http://www.garmin.com/xmlschemas/ActivityExtension/v2"><Watts>444</Watts></TPX></Extensions></Trackpoint><Trackpoint xmlns="http://www.garmin.com/xmlschemas/TrainingCenterDatabase/v2"><Time>2026-08-29T07:05:43.055Z</Time><Position><LatitudeDegrees>52.33923833</LatitudeDegrees><LongitudeDegrees>12.99977333</LongitudeDegrees></Position><AltitudeMeters>34.9</AltitudeMeters><DistanceMeters>382.5</DistanceMeters><HeartRateBpm><Value>115</Value></HeartRateBpm><Cadence>80</Cadence><SensorState>Present</SensorState><Extensions><TPX xmlns="http://www.garmin.com/xmlschemas/ActivityExtension/v2"><Watts>446</Watts></TPX></Extensions></Trackpoint><Trackpoint xmlns="http://www.garmin.com/xmlschemas/TrainingCenterDatabase/v2"><Time>2026-08-29T07:05:44.055Z</Time><Position><LatitudeDegrees>52.33920833</LatitudeDegrees><LongitudeDegrees>12.999785</LongitudeDegrees></Position><AltitudeMeters>34.9</AltitudeMeters><DistanceMeters>387.0</DistanceMeters><HeartRateBpm><Value>116</Value></HeartRateBpm><Cadence>80</Cadence><SensorState>Present</SensorState><Extensions><TPX xmlns="http://www.garmin.com/xmlschemas/ActivityExtension/v2"><Watts>448</Watts></TPX></Extensions></Trackpoint><Trackpoint xmlns="http://www.garmin.com/xmlschemas/TrainingCenterDatabase/v2"><Time>2026-08-29T07:05:45.055Z</Time><Position><LatitudeDegrees>52.33917667</LatitudeDegrees><LongitudeDegrees>12.99979667</LongitudeDegrees></Position><AltitudeMeters>34.9</AltitudeMeters><DistanceMeters>390.1000061035156</DistanceMeters><HeartRateBpm><Value>117</Value></HeartRateBpm><Cadence>80</Cadence><SensorState>Present</SensorState><Extensions><TPX xmlns="http://www.garmin.com/xmlschemas/ActivityExtension/v2"><Watts>452</Watts></TPX></Extensions></Trackpoint><Trackpoint xmlns="http://www.garmin.com/xmlschemas/TrainingCenterDatabase/v2"><Time>2026-08-29T07:05:46.055Z</Time><Position><LatitudeDegrees>52.33915333</LatitudeDegrees><LongitudeDegrees>12.99980167</LongitudeDegrees></Position><AltitudeMeters>34.9</AltitudeMeters><DistanceMeters>393.8999938964844</DistanceMeters><HeartRateBpm><Value>118</Value></HeartRateBpm><Cadence>80</Cadence><SensorState>Present</SensorState><Extensions><TPX xmlns="http://www.garmin.com/xmlschemas/ActivityExtension/v2"><Watts>446</Watts></TPX></Extensions></Trackpoint><Trackpoint xmlns="http://www.garmin.com/xmlschemas/TrainingCenterDatabase/v2"><Time>2026-08-29T07:05:47.055Z</Time><Position><LatitudeDegrees>52.33912</LatitudeDegrees><LongitudeDegrees>12.99980667</LongitudeDegrees></Position><AltitudeMeters>34.9</AltitudeMeters><DistanceMeters>397.29998779296875</DistanceMeters><HeartRateBpm><Value>119</Value></HeartRateBpm><Cadence>80</Cadence><SensorState>Present</SensorState><Extensions><TPX xmlns="http://www.garmin.com/xmlschemas/ActivityExtension/v2"><Watts>434</Watts></TPX></Extensions></Trackpoint><Trackpoint xmlns="http://www.garmin.com/xmlschemas/TrainingCenterDatabase/v2"><Time>2026-08-29T07:05:48.055Z</Time><Position><LatitudeDegrees>52.33909333</LatitudeDegrees><LongitudeDegrees>12.99982167</LongitudeDegrees></Position><AltitudeMeters>35.814</AltitudeMeters><DistanceMeters>400.20001220703125</DistanceMeters><HeartRateBpm><Value>120</Value></HeartRateBpm><Cadence>80</Cadence><SensorState>Present</SensorState><Extensions><TPX xmlns="http://www.garmin.com/xmlschemas/ActivityExtension/v2"><Watts>428</Watts></TPX></Extensions></Trackpoint><Trackpoint xmlns="http://www.garmin.com/xmlschemas/TrainingCenterDatabase/v2"><Time>2026-08-29T07:05:49.055Z</Time><Position><LatitudeDegrees>52.33906333</LatitudeDegrees><LongitudeDegrees>12.99984167</LongitudeDegrees></Position><AltitudeMeters>35.814</AltitudeMeters><DistanceMeters>403.1000061035156</DistanceMeters><HeartRateBpm><Value>121</Value></HeartRateBpm><Cadence>80</Cadence><SensorState>Present</SensorState><Extensions><TPX xmlns="http://www.garmin.com/xmlschemas/ActivityExtension/v2"><Watts>422</Watts></TPX></Extensions></Trackpoint><Trackpoint xmlns="http://www.garmin.com/xmlschemas/TrainingCenterDatabase/v2"><Time>2026-08-29T07:05:50.055Z</Time><Position><LatitudeDegrees>52.33903667</LatitudeDegrees><LongitudeDegrees>12.99985833</LongitudeDegrees></Position><AltitudeMeters>35.814</AltitudeMeters><DistanceMeters>406.29998779296875</DistanceMeters><HeartRateBpm><Value>122</Value></HeartRateBpm><Cadence>80</Cadence><SensorState>Present</SensorState><Extensions><TPX xmlns="http://www.garmin.com/xmlschemas/ActivityExtension/v2"><Watts>424</Watts></TPX></Extensions></Trackpoint><Trackpoint xmlns="http://www.garmin.com/xmlschemas/TrainingCenterDatabase/v2"><Time>2026-08-29T07:05:51.055Z</Time><Position><LatitudeDegrees>52.339005</LatitudeDegrees><LongitudeDegrees>12.99987333</LongitudeDegrees></Position><AltitudeMeters>35.814</AltitudeMeters><DistanceMeters>409.1000061035156</DistanceMeters><HeartRateBpm><Value>123</Value></HeartRateBpm><Cadence>80</Cadence><SensorState>Present</SensorState><Extensions><TPX xmlns="http://www.garmin.com/xmlschemas/ActivityExtension/v2"><Watts>434</Watts></TPX></Extensions></Trackpoint><Trackpoint xmlns="http://www.garmin.com/xmlschemas/TrainingCenterDatabase/v2"><Time>2026-08-29T07:05:52.055Z</Time><Position><LatitudeDegrees>52.33898333</LatitudeDegrees><LongitudeDegrees>12.99988333</LongitudeDegrees></Position><AltitudeMeters>35.814</AltitudeMeters><DistanceMeters>412.5</DistanceMeters><HeartRateBpm><Value>124</Value></HeartRateBpm><Cadence>80</Cadence><SensorState>Present</SensorState><Extensions><TPX xmlns="http://www.garmin.com/xmlschemas/ActivityExtension/v2"><Watts>440</Watts></TPX></Extensions></Trackpoint><Trackpoint xmlns="http://www.garmin.com/xmlschemas/TrainingCenterDatabase/v2"><Time>2026-08-29T07:05:53.055Z</Time><Position><LatitudeDegrees>52.338955</LatitudeDegrees><LongitudeDegrees>12.999885</LongitudeDegrees></Position><AltitudeMeters>35.814</AltitudeMeters><DistanceMeters>415.6000061035156</DistanceMeters><HeartRateBpm><Value>125</Value></HeartRateBpm><Cadence>80</Cadence><SensorState>Present</SensorState><Extensions><TPX xmlns="http://www.garmin.com/xmlschemas/ActivityExtension/v2"><Watts>444</Watts></TPX></Extensions></Trackpoint><Trackpoint xmlns="http://www.garmin.com/xmlschemas/TrainingCenterDatabase/v2"><Time>2026-08-29T07:05:54.055Z</Time><Position><LatitudeDegrees>52.33893167</LatitudeDegrees><LongitudeDegrees>12.999885</LongitudeDegrees></Position><AltitudeMeters>35.814</AltitudeMeters><DistanceMeters>419.1000061035156</DistanceMeters><HeartRateBpm><Value>126</Value></HeartRateBpm><Cadence>80</Cadence><SensorState>Present</SensorState><Extensions><TPX xmlns="http://www.garmin.com/xmlschemas/ActivityExtension/v2"><Watts>434</Watts></TPX></Extensions></Trackpoint><Trackpoint xmlns="http://www.garmin.com/xmlschemas/TrainingCenterDatabase/v2"><Time>2026-08-29T07:05:55.055Z</Time><Position><LatitudeDegrees>52.33890833</LatitudeDegrees><LongitudeDegrees>12.99988667</LongitudeDegrees></Position><AltitudeMeters>35.814</AltitudeMeters><DistanceMeters>422.0</DistanceMeters><HeartRateBpm><Value>127</Value></HeartRateBpm><Cadence>80</Cadence><SensorState>Present</SensorState><Extensions><TPX xmlns="http://www.garmin.com/xmlschemas/ActivityExtension/v2"><Watts>422</Watts></TPX></Extensions></Trackpoint><Trackpoint xmlns="http://www.garmin.com/xmlschemas/TrainingCenterDatabase/v2"><Time>2026-08-29T07:05:56.055Z</Time><Position><LatitudeDegrees>52.33888333</LatitudeDegrees><LongitudeDegrees>12.99989167</LongitudeDegrees></Position><AltitudeMeters>35.814</AltitudeMeters><DistanceMeters>424.5</DistanceMeters><HeartRateBpm><Value>127</Value></HeartRateBpm><Cadence>80</Cadence><SensorState>Present</SensorState><Extensions><TPX xmlns="http://www.garmin.com/xmlschemas/ActivityExtension/v2"><Watts>412</Watts></TPX></Extensions></Trackpoint><Trackpoint xmlns="http://www.garmin.com/xmlschemas/TrainingCenterDatabase/v2"><Time>2026-08-29T07:05:57.055Z</Time><Position><LatitudeDegrees>52.33885667</LatitudeDegrees><LongitudeDegrees>12.99989833</LongitudeDegrees></Position><AltitudeMeters>35.814</AltitudeMeters><DistanceMeters>427.6000061035156</DistanceMeters><HeartRateBpm><Value>128</Value></HeartRateBpm><Cadence>80</Cadence><SensorState>Present</SensorState><Extensions><TPX xmlns="http://www.garmin.com/xmlschemas/ActivityExtension/v2"><Watts>394</Watts></TPX></Extensions></Trackpoint><Trackpoint xmlns="http://www.garmin.com/xmlschemas/TrainingCenterDatabase/v2"><Time>2026-08-29T07:05:58.055Z</Time><Position><LatitudeDegrees>52.33882833</LatitudeDegrees><LongitudeDegrees>12.999905</LongitudeDegrees></Position><AltitudeMeters>35.814</AltitudeMeters><DistanceMeters>430.0</DistanceMeters><HeartRateBpm><Value>129</Value></HeartRateBpm><Cadence>80</Cadence><SensorState>Present</SensorState><Extensions><TPX xmlns="http://www.garmin.com/xmlschemas/ActivityExtension/v2"><Watts>380</Watts></TPX></Extensions></Trackpoint><Trackpoint xmlns="http://www.garmin.com/xmlschemas/TrainingCenterDatabase/v2"><Time>2026-08-29T07:05:59.055Z</Time><Position><LatitudeDegrees>52.338805</LatitudeDegrees><LongitudeDegrees>12.99991167</LongitudeDegrees></Position><AltitudeMeters>35.814</AltitudeMeters><DistanceMeters>432.70001220703125</DistanceMeters><HeartRateBpm><Value>130</Value></HeartRateBpm><Cadence>80</Cadence><SensorState>Present</SensorState><Extensions><TPX xmlns="http://www.garmin.com/xmlschemas/ActivityExtension/v2"><Watts>370</Watts></TPX></Extensions></Trackpoint><Trackpoint xmlns="http://www.garmin.com/xmlschemas/TrainingCenterDatabase/v2"><Time>2026-08-29T07:06:00.055Z</Time><Position><LatitudeDegrees>52.33878167</LatitudeDegrees><LongitudeDegrees>12.999915</LongitudeDegrees></Position><AltitudeMeters>35.814</AltitudeMeters><DistanceMeters>435.29998779296875</DistanceMeters><HeartRateBpm><Value>130</Value></HeartRateBpm><Cadence>80</Cadence><SensorState>Present</SensorState><Extensions><TPX xmlns="http://www.garmin.com/xmlschemas/ActivityExtension/v2"><Watts>358</Watts></TPX></Extensions></Trackpoint><Trackpoint xmlns="http://www.garmin.com/xmlschemas/TrainingCenterDatabase/v2"><Time>2026-08-29T07:06:01.055Z</Time><Position><LatitudeDegrees>52.33875167</LatitudeDegrees><LongitudeDegrees>12.99991</LongitudeDegrees></Position><AltitudeMeters>35.814</AltitudeMeters><DistanceMeters>437.8999938964844</DistanceMeters><HeartRateBpm><Value>131</Value></HeartRateBpm><Cadence>80</Cadence><SensorState>Present</SensorState><Extensions><TPX xmlns="http://www.garmin.com/xmlschemas/ActivityExtension/v2"><Watts>358</Watts></TPX></Extensions></Trackpoint><Trackpoint xmlns="http://www.garmin.com/xmlschemas/TrainingCenterDatabase/v2"><Time>2026-08-29T07:06:02.055Z</Time><Position><LatitudeDegrees>52.33872333</LatitudeDegrees><LongitudeDegrees>12.99990667</LongitudeDegrees></Position><AltitudeMeters>36.881</AltitudeMeters><DistanceMeters>440.20001220703125</DistanceMeters><HeartRateBpm><Value>132</Value></HeartRateBpm><Cadence>80</Cadence><SensorState>Present</SensorState><Extensions><TPX xmlns="http://www.garmin.com/xmlschemas/ActivityExtension/v2"><Watts>370</Watts></TPX></Extensions></Trackpoint><Trackpoint xmlns="http://www.garmin.com/xmlschemas/TrainingCenterDatabase/v2"><Time>2026-08-29T07:06:03.055Z</Time><Position><LatitudeDegrees>52.33869</LatitudeDegrees><LongitudeDegrees>12.99990667</LongitudeDegrees></Position><AltitudeMeters>36.881</AltitudeMeters><DistanceMeters>443.5</DistanceMeters><HeartRateBpm><Value>132</Value></HeartRateBpm><Cadence>80</Cadence><SensorState>Present</SensorState><Extensions><TPX xmlns="http://www.garmin.com/xmlschemas/ActivityExtension/v2"><Watts>378</Watts></TPX></Extensions></Trackpoint><Trackpoint xmlns="http://www.garmin.com/xmlschemas/TrainingCenterDatabase/v2"><Time>2026-08-29T07:06:04.055Z</Time><Position><LatitudeDegrees>52.33865833</LatitudeDegrees><LongitudeDegrees>12.99990833</LongitudeDegrees></Position><AltitudeMeters>36.881</AltitudeMeters><DistanceMeters>446.6000061035156</DistanceMeters><HeartRateBpm><Value>133</Value></HeartRateBpm><Cadence>80</Cadence><SensorState>Present</SensorState><Extensions><TPX xmlns="http://www.garmin.com/xmlschemas/ActivityExtension/v2"><Watts>394</Watts></TPX></Extensions></Trackpoint><Trackpoint xmlns="http://www.garmin.com/xmlschemas/TrainingCenterDatabase/v2"><Time>2026-08-29T07:06:05.055Z</Time><Position><LatitudeDegrees>52.33863333</LatitudeDegrees><LongitudeDegrees>12.99991333</LongitudeDegrees></Position><AltitudeMeters>36.881</AltitudeMeters><DistanceMeters>450.20001220703125</DistanceMeters><HeartRateBpm><Value>133</Value></HeartRateBpm><Cadence>80</Cadence><SensorState>Present</SensorState><Extensions><TPX xmlns="http://www.garmin.com/xmlschemas/ActivityExtension/v2"><Watts>406</Watts></TPX></Extensions></Trackpoint><Trackpoint xmlns="http://www.garmin.com/xmlschemas/TrainingCenterDatabase/v2"><Time>2026-08-29T07:06:06.055Z</Time><Position><LatitudeDegrees>52.3386</LatitudeDegrees><LongitudeDegrees>12.99991333</LongitudeDegrees></Position><AltitudeMeters>36.881</AltitudeMeters><DistanceMeters>454.1000061035156</DistanceMeters><HeartRateBpm><Value>133</Value></HeartRateBpm><Cadence>80</Cadence><SensorState>Present</SensorState><Extensions><TPX xmlns="http://www.garmin.com/xmlschemas/ActivityExtension/v2"><Watts>412</Watts></TPX></Extensions></Trackpoint><Trackpoint xmlns="http://www.garmin.com/xmlschemas/TrainingCenterDatabase/v2"><Time>2026-08-29T07:06:07.055Z</Time><Position><LatitudeDegrees>52.33857333</LatitudeDegrees><LongitudeDegrees>12.99991333</LongitudeDegrees></Position><AltitudeMeters>36.881</AltitudeMeters><DistanceMeters>457.20001220703125</DistanceMeters><HeartRateBpm><Value>133</Value></HeartRateBpm><Cadence>80</Cadence><SensorState>Present</SensorState><Extensions><TPX xmlns="http://www.garmin.com/xmlschemas/ActivityExtension/v2"><Watts>420</Watts></TPX></Extensions></Trackpoint><Trackpoint xmlns="http://www.garmin.com/xmlschemas/TrainingCenterDatabase/v2"><Time>2026-08-29T07:06:08.055Z</Time><Position><LatitudeDegrees>52.33855</LatitudeDegrees><LongitudeDegrees>12.999915</LongitudeDegrees></Position><AltitudeMeters>36.881</AltitudeMeters><DistanceMeters>460.79998779296875</DistanceMeters><HeartRateBpm><Value>133</Value></HeartRateBpm><Cadence>80</Cadence><SensorState>Present</SensorState><Extensions><TPX xmlns="http://www.garmin.com/xmlschemas/ActivityExtension/v2"><Watts>424</Watts></TPX></Extensions></Trackpoint><Trackpoint xmlns="http://www.garmin.com/xmlschemas/TrainingCenterDatabase/v2"><Time>2026-08-29T07:06:09.055Z</Time><Position><LatitudeDegrees>52.33852167</LatitudeDegrees><LongitudeDegrees>12.99992</LongitudeDegrees></Position><AltitudeMeters>36.881</AltitudeMeters><DistanceMeters>464.1000061035156</DistanceMeters><HeartRateBpm><Value>132</Value></HeartRateBpm><Cadence>80</Cadence><SensorState>Present</SensorState><Extensions><TPX xmlns="http://www.garmin.com/xmlschemas/ActivityExtension/v2"><Watts>424</Watts></TPX></Extensions></Trackpoint><Trackpoint xmlns="http://www.garmin.com/xmlschemas/TrainingCenterDatabase/v2"><Time>2026-08-29T07:06:10.055Z</Time><Position><LatitudeDegrees>52.33849833</LatitudeDegrees><LongitudeDegrees>12.999935</LongitudeDegrees></Position><AltitudeMeters>36.881</AltitudeMeters><DistanceMeters>467.29998779296875</DistanceMeters><HeartRateBpm><Value>133</Value></HeartRateBpm><Cadence>80</Cadence><SensorState>Present</SensorState><Extensions><TPX xmlns="http://www.garmin.com/xmlschemas/ActivityExtension/v2"><Watts>426</Watts></TPX></Extensions></Trackpoint><Trackpoint xmlns="http://www.garmin.com/xmlschemas/TrainingCenterDatabase/v2"><Time>2026-08-29T07:06:11.055Z</Time><Position><LatitudeDegrees>52.33848167</LatitudeDegrees><LongitudeDegrees>12.99995667</LongitudeDegrees></Position><AltitudeMeters>36.881</AltitudeMeters><DistanceMeters>470.79998779296875</DistanceMeters><HeartRateBpm><Value>133</Value></HeartRateBpm><Cadence>80</Cadence><SensorState>Present</SensorState><Extensions><TPX xmlns="http://www.garmin.com/xmlschemas/ActivityExtension/v2"><Watts>426</Watts></TPX></Extensions></Trackpoint><Trackpoint xmlns="http://www.garmin.com/xmlschemas/TrainingCenterDatabase/v2"><Time>2026-08-29T07:06:12.055Z</Time><Position><LatitudeDegrees>52.33846167</LatitudeDegrees><LongitudeDegrees>12.99998667</LongitudeDegrees></Position><AltitudeMeters>37.796</AltitudeMeters><DistanceMeters>473.5</DistanceMeters><HeartRateBpm><Value>133</Value></HeartRateBpm><Cadence>80</Cadence><SensorState>Present</SensorState><Extensions><TPX xmlns="http://www.garmin.com/xmlschemas/ActivityExtension/v2"><Watts>424</Watts></TPX></Extensions></Trackpoint><Trackpoint xmlns="http://www.garmin.com/xmlschemas/TrainingCenterDatabase/v2"><Time>2026-08-29T07:06:13.055Z</Time><Position><LatitudeDegrees>52.33842833</LatitudeDegrees><LongitudeDegrees>13.00004333</LongitudeDegrees></Position><AltitudeMeters>37.796</AltitudeMeters><DistanceMeters>475.8999938964844</DistanceMeters><HeartRateBpm><Value>132</Value></HeartRateBpm><Cadence>80</Cadence><SensorState>Present</SensorState><Extensions><TPX xmlns="http://www.garmin.com/xmlschemas/ActivityExtension/v2"><Watts>428</Watts></TPX></Extensions></Trackpoint><Trackpoint xmlns="http://www.garmin.com/xmlschemas/TrainingCenterDatabase/v2"><Time>2026-08-29T07:06:14.055Z</Time><Position><LatitudeDegrees>52.338395</LatitudeDegrees><LongitudeDegrees>13.0001</LongitudeDegrees></Position><AltitudeMeters>37.796</AltitudeMeters><DistanceMeters>478.5</DistanceMeters><HeartRateBpm><Value>131</Value></HeartRateBpm><Cadence>80</Cadence><SensorState>Present</SensorState><Extensions><TPX xmlns="http://www.garmin.com/xmlschemas/ActivityExtension/v2"><Watts>438</Watts></TPX></Extensions></Trackpoint><Trackpoint xmlns="http://www.garmin.com/xmlschemas/TrainingCenterDatabase/v2"><Time>2026-08-29T07:06:15.055Z</Time><Position><LatitudeDegrees>52.338365</LatitudeDegrees><LongitudeDegrees>13.000145</LongitudeDegrees></Position><AltitudeMeters>37.796</AltitudeMeters><DistanceMeters>482.79998779296875</DistanceMeters><HeartRateBpm><Value>130</Value></HeartRateBpm><Cadence>80</Cadence><SensorState>Present</SensorState><Extensions><TPX xmlns="http://www.garmin.com/xmlschemas/ActivityExtension/v2"><Watts>458</Watts></TPX></Extensions></Trackpoint><Trackpoint xmlns="http://www.garmin.com/xmlschemas/TrainingCenterDatabase/v2"><Time>2026-08-29T07:06:16.055Z</Time><Position><LatitudeDegrees>52.33833167</LatitudeDegrees><LongitudeDegrees>13.000195</LongitudeDegrees></Position><AltitudeMeters>37.796</AltitudeMeters><DistanceMeters>487.5</DistanceMeters><HeartRateBpm><Value>131</Value></HeartRateBpm><Cadence>80</Cadence><SensorState>Present</SensorState><Extensions><TPX xmlns="http://www.garmin.com/xmlschemas/ActivityExtension/v2"><Watts>484</Watts></TPX></Extensions></Trackpoint><Trackpoint xmlns="http://www.garmin.com/xmlschemas/TrainingCenterDatabase/v2"><Time>2026-08-29T07:06:17.055Z</Time><Position><LatitudeDegrees>52.33829833</LatitudeDegrees><LongitudeDegrees>13.00024667</LongitudeDegrees></Position><AltitudeMeters>37.796</AltitudeMeters><DistanceMeters>491.70001220703125</DistanceMeters><HeartRateBpm><Value>132</Value></HeartRateBpm><Cadence>80</Cadence><SensorState>Present</SensorState><Extensions><TPX xmlns="http://www.garmin.com/xmlschemas/ActivityExtension/v2"><Watts>510</Watts></TPX></Extensions></Trackpoint><Trackpoint xmlns="http://www.garmin.com/xmlschemas/TrainingCenterDatabase/v2"><Time>2026-08-29T07:06:18.055Z</Time><Position><LatitudeDegrees>52.33826</LatitudeDegrees><LongitudeDegrees>13.00030667</LongitudeDegrees></Position><AltitudeMeters>38.862</AltitudeMeters><DistanceMeters>496.8999938964844</DistanceMeters><HeartRateBpm><Value>131</Value></HeartRateBpm><Cadence>80</Cadence><SensorState>Present</SensorState><Extensions><TPX xmlns="http://www.garmin.com/xmlschemas/ActivityExtension/v2"><Watts>530</Watts></TPX></Extensions></Trackpoint><Trackpoint xmlns="http://www.garmin.com/xmlschemas/TrainingCenterDatabase/v2"><Time>2026-08-29T07:06:19.055Z</Time><Position><LatitudeDegrees>52.338215</LatitudeDegrees><LongitudeDegrees>13.00036833</LongitudeDegrees></Position><AltitudeMeters>38.862</AltitudeMeters><DistanceMeters>502.70001220703125</DistanceMeters><HeartRateBpm><Value>130</Value></HeartRateBpm><Cadence>80</Cadence><SensorState>Present</SensorState><Extensions><TPX xmlns="http://www.garmin.com/xmlschemas/ActivityExtension/v2"><Watts>554</Watts></TPX></Extensions></Trackpoint><Trackpoint xmlns="http://www.garmin.com/xmlschemas/TrainingCenterDatabase/v2"><Time>2026-08-29T07:06:20.055Z</Time><Position><LatitudeDegrees>52.338165</LatitudeDegrees><LongitudeDegrees>13.00043167</LongitudeDegrees></Position><AltitudeMeters>38.862</AltitudeMeters><DistanceMeters>509.3999938964844</DistanceMeters><HeartRateBpm><Value>129</Value></HeartRateBpm><Cadence>80</Cadence><SensorState>Present</SensorState><Extensions><TPX xmlns="http://www.garmin.com/xmlschemas/ActivityExtension/v2"><Watts>480</Watts></TPX></Extensions></Trackpoint><Trackpoint xmlns="http://www.garmin.com/xmlschemas/TrainingCenterDatabase/v2"><Time>2026-08-29T07:06:21.055Z</Time><Position><LatitudeDegrees>52.33812167</LatitudeDegrees><LongitudeDegrees>13.00048333</LongitudeDegrees></Position><AltitudeMeters>38.862</AltitudeMeters><DistanceMeters>516.0999755859375</DistanceMeters><HeartRateBpm><Value>129</Value></HeartRateBpm><Cadence>81</Cadence><SensorState>Present</SensorState><Extensions><TPX xmlns="http://www.garmin.com/xmlschemas/ActivityExtension/v2"><Watts>362</Watts></TPX></Extensions></Trackpoint><Trackpoint xmlns="http://www.garmin.com/xmlschemas/TrainingCenterDatabase/v2"><Time>2026-08-29T07:06:22.055Z</Time><Position><LatitudeDegrees>52.33807833</LatitudeDegrees><LongitudeDegrees>13.00053</LongitudeDegrees></Position><AltitudeMeters>38.862</AltitudeMeters><DistanceMeters>523.2000122070312</DistanceMeters><HeartRateBpm><Value>129</Value></HeartRateBpm><Cadence>81</Cadence><SensorState>Present</SensorState><Extensions><TPX xmlns="http://www.garmin.com/xmlschemas/ActivityExtension/v2"><Watts>328</Watts></TPX></Extensions></Trackpoint><Trackpoint xmlns="http://www.garmin.com/xmlschemas/TrainingCenterDatabase/v2"><Time>2026-08-29T07:06:23.055Z</Time><Position><LatitudeDegrees>52.338035</LatitudeDegrees><LongitudeDegrees>13.00059167</LongitudeDegrees></Position><AltitudeMeters>38.862</AltitudeMeters><DistanceMeters>530.2000122070312</DistanceMeters><HeartRateBpm><Value>130</Value></HeartRateBpm><Cadence>81</Cadence><SensorState>Present</SensorState><Extensions><TPX xmlns="http://www.garmin.com/xmlschemas/ActivityExtension/v2"><Watts>320</Watts></TPX></Extensions></Trackpoint><Trackpoint xmlns="http://www.garmin.com/xmlschemas/TrainingCenterDatabase/v2"><Time>2026-08-29T07:06:24.055Z</Time><Position><LatitudeDegrees>52.33801667</LatitudeDegrees><LongitudeDegrees>13.00062833</LongitudeDegrees></Position><AltitudeMeters>38.862</AltitudeMeters><DistanceMeters>536.2000122070312</DistanceMeters><HeartRateBpm><Value>130</Value></HeartRateBpm><Cadence>81</Cadence><SensorState>Present</SensorState><Extensions><TPX xmlns="http://www.garmin.com/xmlschemas/ActivityExtension/v2"><Watts>320</Watts></TPX></Extensions></Trackpoint><Trackpoint xmlns="http://www.garmin.com/xmlschemas/TrainingCenterDatabase/v2"><Time>2026-08-29T07:06:25.055Z</Time><Position><LatitudeDegrees>52.33799667</LatitudeDegrees><LongitudeDegrees>13.00067167</LongitudeDegrees></Position><AltitudeMeters>38.862</AltitudeMeters><DistanceMeters>542.7000122070312</DistanceMeters><HeartRateBpm><Value>130</Value></HeartRateBpm><Cadence>80</Cadence><SensorState>Present</SensorState><Extensions><TPX xmlns="http://www.garmin.com/xmlschemas/ActivityExtension/v2"><Watts>354</Watts></TPX></Extensions></Trackpoint><Trackpoint xmlns="http://www.garmin.com/xmlschemas/TrainingCenterDatabase/v2"><Time>2026-08-29T07:06:26.055Z</Time><Position><LatitudeDegrees>52.33797667</LatitudeDegrees><LongitudeDegrees>13.0007</LongitudeDegrees></Position><AltitudeMeters>38.862</AltitudeMeters><DistanceMeters>548.0</DistanceMeters><HeartRateBpm><Value>130</Value></HeartRateBpm><Cadence>80</Cadence><SensorState>Present</SensorState><Extensions><TPX xmlns="http://www.garmin.com/xmlschemas/ActivityExtension/v2"><Watts>394</Watts></TPX></Extensions></Trackpoint><Trackpoint xmlns="http://www.garmin.com/xmlschemas/TrainingCenterDatabase/v2"><Time>2026-08-29T07:06:27.055Z</Time><Position><LatitudeDegrees>52.33796</LatitudeDegrees><LongitudeDegrees>13.00072667</LongitudeDegrees></Position><AltitudeMeters>38.862</AltitudeMeters><DistanceMeters>552.9000244140625</DistanceMeters><HeartRateBpm><Value>131</Value></HeartRateBpm><Cadence>80</Cadence><SensorState>Present</SensorState><Extensions><TPX xmlns="http://www.garmin.com/xmlschemas/ActivityExtension/v2"><Watts>396</Watts></TPX></Extensions></Trackpoint><Trackpoint xmlns="http://www.garmin.com/xmlschemas/TrainingCenterDatabase/v2"><Time>2026-08-29T07:06:28.055Z</Time><Position><LatitudeDegrees>52.33793333</LatitudeDegrees><LongitudeDegrees>13.00076167</LongitudeDegrees></Position><AltitudeMeters>38.862</AltitudeMeters><DistanceMeters>556.7999877929688</DistanceMeters><HeartRateBpm><Value>131</Value></HeartRateBpm><Cadence>80</Cadence><SensorState>Present</SensorState><Extensions><TPX xmlns="http://www.garmin.com/xmlschemas/ActivityExtension/v2"><Watts>398</Watts></TPX></Extensions></Trackpoint><Trackpoint xmlns="http://www.garmin.com/xmlschemas/TrainingCenterDatabase/v2"><Time>2026-08-29T07:06:29.055Z</Time><Position><LatitudeDegrees>52.33791167</LatitudeDegrees><LongitudeDegrees>13.00079167</LongitudeDegrees></Position><AltitudeMeters>39.777</AltitudeMeters><DistanceMeters>559.5999755859375</DistanceMeters><HeartRateBpm><Value>132</Value></HeartRateBpm><Cadence>80</Cadence><SensorState>Present</SensorState><Extensions><TPX xmlns="http://www.garmin.com/xmlschemas/ActivityExtension/v2"><Watts>402</Watts></TPX></Extensions></Trackpoint><Trackpoint xmlns="http://www.garmin.com/xmlschemas/TrainingCenterDatabase/v2"><Time>2026-08-29T07:06:30.055Z</Time><Position><LatitudeDegrees>52.33789333</LatitudeDegrees><LongitudeDegrees>13.00081167</LongitudeDegrees></Position><AltitudeMeters>39.777</AltitudeMeters><DistanceMeters>562.2999877929688</DistanceMeters><HeartRateBpm><Value>133</Value></HeartRateBpm><Cadence>80</Cadence><SensorState>Present</SensorState><Extensions><TPX xmlns="http://www.garmin.com/xmlschemas/ActivityExtension/v2"><Watts>398</Watts></TPX></Extensions></Trackpoint><Trackpoint xmlns="http://www.garmin.com/xmlschemas/TrainingCenterDatabase/v2"><Time>2026-08-29T07:06:31.055Z</Time><Position><LatitudeDegrees>52.337865</LatitudeDegrees><LongitudeDegrees>13.00084833</LongitudeDegrees></Position><AltitudeMeters>39.777</AltitudeMeters><DistanceMeters>564.0</DistanceMeters><HeartRateBpm><Value>134</Value></HeartRateBpm><Cadence>79</Cadence><SensorState>Present</SensorState><Extensions><TPX xmlns="http://www.garmin.com/xmlschemas/ActivityExtension/v2"><Watts>408</Watts></TPX></Extensions></Trackpoint><Trackpoint xmlns="http://www.garmin.com/xmlschemas/TrainingCenterDatabase/v2"><Time>2026-08-29T07:06:32.055Z</Time><Position><LatitudeDegrees>52.33784333</LatitudeDegrees><LongitudeDegrees>13.00086667</LongitudeDegrees></Position><AltitudeMeters>40.844</AltitudeMeters><DistanceMeters>565.7000122070312</DistanceMeters><HeartRateBpm><Value>136</Value></HeartRateBpm><Cadence>79</Cadence><SensorState>Present</SensorState><Extensions><TPX xmlns="http://www.garmin.com/xmlschemas/ActivityExtension/v2"><Watts>418</Watts></TPX></Extensions></Trackpoint><Trackpoint xmlns="http://www.garmin.com/xmlschemas/TrainingCenterDatabase/v2"><Time>2026-08-29T07:06:33.055Z</Time><Position><LatitudeDegrees>52.33782333</LatitudeDegrees><LongitudeDegrees>13.00087667</LongitudeDegrees></Position><AltitudeMeters>40.844</AltitudeMeters><DistanceMeters>568.2000122070312</DistanceMeters><HeartRateBpm><Value>137</Value></HeartRateBpm><Cadence>78</Cadence><SensorState>Present</SensorState><Extensions><TPX xmlns="http://www.garmin.com/xmlschemas/ActivityExtension/v2"><Watts>420</Watts></TPX></Extensions></Trackpoint><Trackpoint xmlns="http://www.garmin.com/xmlschemas/TrainingCenterDatabase/v2"><Time>2026-08-29T07:06:34.055Z</Time><Position><LatitudeDegrees>52.3378</LatitudeDegrees><LongitudeDegrees>13.00089833</LongitudeDegrees></Position><AltitudeMeters>41.911</AltitudeMeters><DistanceMeters>569.4000244140625</DistanceMeters><HeartRateBpm><Value>138</Value></HeartRateBpm><Cadence>79</Cadence><SensorState>Present</SensorState><Extensions><TPX xmlns="http://www.garmin.com/xmlschemas/ActivityExtension/v2"><Watts>426</Watts></TPX></Extensions></Trackpoint><Trackpoint xmlns="http://www.garmin.com/xmlschemas/TrainingCenterDatabase/v2"><Time>2026-08-29T07:06:35.055Z</Time><Position><LatitudeDegrees>52.33777333</LatitudeDegrees><LongitudeDegrees>13.00092833</LongitudeDegrees></Position><AltitudeMeters>41.911</AltitudeMeters><DistanceMeters>572.0</DistanceMeters><HeartRateBpm><Value>139</Value></HeartRateBpm><Cadence>79</Cadence><SensorState>Present</SensorState><Extensions><TPX xmlns="http://www.garmin.com/xmlschemas/ActivityExtension/v2"><Watts>434</Watts></TPX></Extensions></Trackpoint><Trackpoint xmlns="http://www.garmin.com/xmlschemas/TrainingCenterDatabase/v2"><Time>2026-08-29T07:06:36.055Z</Time><Position><LatitudeDegrees>52.33774833</LatitudeDegrees><LongitudeDegrees>13.000955</LongitudeDegrees></Position><AltitudeMeters>41.911</AltitudeMeters><DistanceMeters>574.7000122070312</DistanceMeters><HeartRateBpm><Value>139</Value></HeartRateBpm><Cadence>79</Cadence><SensorState>Present</SensorState><Extensions><TPX xmlns="http://www.garmin.com/xmlschemas/ActivityExtension/v2"><Watts>442</Watts></TPX></Extensions></Trackpoint><Trackpoint xmlns="http://www.garmin.com/xmlschemas/TrainingCenterDatabase/v2"><Time>2026-08-29T07:06:37.055Z</Time><Position><LatitudeDegrees>52.33772333</LatitudeDegrees><LongitudeDegrees>13.00098167</LongitudeDegrees></Position><AltitudeMeters>41.911</AltitudeMeters><DistanceMeters>578.0999755859375</DistanceMeters><HeartRateBpm><Value>141</Value></HeartRateBpm><Cadence>79</Cadence><SensorState>Present</SensorState><Extensions><TPX xmlns="http://www.garmin.com/xmlschemas/ActivityExtension/v2"><Watts>450</Watts></TPX></Extensions></Trackpoint><Trackpoint xmlns="http://www.garmin.com/xmlschemas/TrainingCenterDatabase/v2"><Time>2026-08-29T07:06:38.055Z</Time><Position><LatitudeDegrees>52.3377</LatitudeDegrees><LongitudeDegrees>13.00100667</LongitudeDegrees></Position><AltitudeMeters>42.825</AltitudeMeters><DistanceMeters>581.5999755859375</DistanceMeters><HeartRateBpm><Value>142</Value></HeartRateBpm><Cadence>78</Cadence><SensorState>Present</SensorState><Extensions><TPX xmlns="http://www.garmin.com/xmlschemas/ActivityExtension/v2"><Watts>456</Watts></TPX></Extensions></Trackpoint><Trackpoint xmlns="http://www.garmin.com/xmlschemas/TrainingCenterDatabase/v2"><Time>2026-08-29T07:06:39.055Z</Time><Position><LatitudeDegrees>52.33767833</LatitudeDegrees><LongitudeDegrees>13.00103</LongitudeDegrees></Position><AltitudeMeters>42.825</AltitudeMeters><DistanceMeters>584.5</DistanceMeters><HeartRateBpm><Value>143</Value></HeartRateBpm><Cadence>78</Cadence><SensorState>Present</SensorState><Extensions><TPX xmlns="http://www.garmin.com/xmlschemas/ActivityExtension/v2"><Watts>460</Watts></TPX></Extensions></Trackpoint><Trackpoint xmlns="http://www.garmin.com/xmlschemas/TrainingCenterDatabase/v2"><Time>2026-08-29T07:06:40.055Z</Time><Position><LatitudeDegrees>52.33765667</LatitudeDegrees><LongitudeDegrees>13.001055</LongitudeDegrees></Position><AltitudeMeters>42.825</AltitudeMeters><DistanceMeters>587.5999755859375</DistanceMeters><HeartRateBpm><Value>144</Value></HeartRateBpm><Cadence>78</Cadence><SensorState>Present</SensorState><Extensions><TPX xmlns="http://www.garmin.com/xmlschemas/ActivityExtension/v2"><Watts>462</Watts></TPX></Extensions></Trackpoint><Trackpoint xmlns="http://www.garmin.com/xmlschemas/TrainingCenterDatabase/v2"><Time>2026-08-29T07:06:41.055Z</Time><Position><LatitudeDegrees>52.33763167</LatitudeDegrees><LongitudeDegrees>13.00107833</LongitudeDegrees></Position><AltitudeMeters>42.825</AltitudeMeters><DistanceMeters>590.9000244140625</DistanceMeters><HeartRateBpm><Value>145</Value></HeartRateBpm><Cadence>78</Cadence><SensorState>Present</SensorState><Extensions><TPX xmlns="http://www.garmin.com/xmlschemas/ActivityExtension/v2"><Watts>464</Watts></TPX></Extensions></Trackpoint><Trackpoint xmlns="http://www.garmin.com/xmlschemas/TrainingCenterDatabase/v2"><Time>2026-08-29T07:06:42.055Z</Time><Position><LatitudeDegrees>52.33759333</LatitudeDegrees><LongitudeDegrees>13.001115</LongitudeDegrees></Position><AltitudeMeters>42.825</AltitudeMeters><DistanceMeters>593.5999755859375</DistanceMeters><HeartRateBpm><Value>146</Value></HeartRateBpm><Cadence>79</Cadence><SensorState>Present</SensorState><Extensions><TPX xmlns="http://www.garmin.com/xmlschemas/ActivityExtension/v2"><Watts>468</Watts></TPX></Extensions></Trackpoint><Trackpoint xmlns="http://www.garmin.com/xmlschemas/TrainingCenterDatabase/v2"><Time>2026-08-29T07:06:43.055Z</Time><Position><LatitudeDegrees>52.33755167</LatitudeDegrees><LongitudeDegrees>13.00116</LongitudeDegrees></Position><AltitudeMeters>42.825</AltitudeMeters><DistanceMeters>597.0999755859375</DistanceMeters><HeartRateBpm><Value>147</Value></HeartRateBpm><Cadence>79</Cadence><SensorState>Present</SensorState><Extensions><TPX xmlns="http://www.garmin.com/xmlschemas/ActivityExtension/v2"><Watts>482</Watts></TPX></Extensions></Trackpoint><Trackpoint xmlns="http://www.garmin.com/xmlschemas/TrainingCenterDatabase/v2"><Time>2026-08-29T07:06:44.055Z</Time><Position><LatitudeDegrees>52.337515</LatitudeDegrees><LongitudeDegrees>13.00119333</LongitudeDegrees></Position><AltitudeMeters>42.825</AltitudeMeters><DistanceMeters>601.9000244140625</DistanceMeters><HeartRateBpm><Value>148</Value></HeartRateBpm><Cadence>80</Cadence><SensorState>Present</SensorState><Extensions><TPX xmlns="http://www.garmin.com/xmlschemas/ActivityExtension/v2"><Watts>498</Watts></TPX></Extensions></Trackpoint><Trackpoint xmlns="http://www.garmin.com/xmlschemas/TrainingCenterDatabase/v2"><Time>2026-08-29T07:06:45.055Z</Time><Position><LatitudeDegrees>52.33747833</LatitudeDegrees><LongitudeDegrees>13.00121333</LongitudeDegrees></Position><AltitudeMeters>42.825</AltitudeMeters><DistanceMeters>607.2000122070312</DistanceMeters><HeartRateBpm><Value>149</Value></HeartRateBpm><Cadence>81</Cadence><SensorState>Present</SensorState><Extensions><TPX xmlns="http://www.garmin.com/xmlschemas/ActivityExtension/v2"><Watts>506</Watts></TPX></Extensions></Trackpoint><Trackpoint xmlns="http://www.garmin.com/xmlschemas/TrainingCenterDatabase/v2"><Time>2026-08-29T07:06:46.055Z</Time><Position><LatitudeDegrees>52.337445</LatitudeDegrees><LongitudeDegrees>13.00123</LongitudeDegrees></Position><AltitudeMeters>42.825</AltitudeMeters><DistanceMeters>611.7000122070312</DistanceMeters><HeartRateBpm><Value>151</Value></HeartRateBpm><Cadence>80</Cadence><SensorState>Present</SensorState><Extensions><TPX xmlns="http://www.garmin.com/xmlschemas/ActivityExtension/v2"><Watts>504</Watts></TPX></Extensions></Trackpoint><Trackpoint xmlns="http://www.garmin.com/xmlschemas/TrainingCenterDatabase/v2"><Time>2026-08-29T07:06:47.055Z</Time><Position><LatitudeDegrees>52.337415</LatitudeDegrees><LongitudeDegrees>13.00123833</LongitudeDegrees></Position><AltitudeMeters>42.825</AltitudeMeters><DistanceMeters>616.2999877929688</DistanceMeters><HeartRateBpm><Value>152</Value></HeartRateBpm><Cadence>81</Cadence><SensorState>Present</SensorState><Extensions><TPX xmlns="http://www.garmin.com/xmlschemas/ActivityExtension/v2"><Watts>490</Watts></TPX></Extensions></Trackpoint><Trackpoint xmlns="http://www.garmin.com/xmlschemas/TrainingCenterDatabase/v2"><Time>2026-08-29T07:06:48.055Z</Time><Position><LatitudeDegrees>52.337385</LatitudeDegrees><LongitudeDegrees>13.00124333</LongitudeDegrees></Position><AltitudeMeters>42.825</AltitudeMeters><DistanceMeters>620.7999877929688</DistanceMeters><HeartRateBpm><Value>153</Value></HeartRateBpm><Cadence>81</Cadence><SensorState>Present</SensorState><Extensions><TPX xmlns="http://www.garmin.com/xmlschemas/ActivityExtension/v2"><Watts>470</Watts></TPX></Extensions></Trackpoint><Trackpoint xmlns="http://www.garmin.com/xmlschemas/TrainingCenterDatabase/v2"><Time>2026-08-29T07:06:49.055Z</Time><Position><LatitudeDegrees>52.337365</LatitudeDegrees><LongitudeDegrees>13.001245</LongitudeDegrees></Position><AltitudeMeters>42.825</AltitudeMeters><DistanceMeters>625.0999755859375</DistanceMeters><HeartRateBpm><Value>155</Value></HeartRateBpm><Cadence>81</Cadence><SensorState>Present</SensorState><Extensions><TPX xmlns="http://www.garmin.com/xmlschemas/ActivityExtension/v2"><Watts>452</Watts></TPX></Extensions></Trackpoint><Trackpoint xmlns="http://www.garmin.com/xmlschemas/TrainingCenterDatabase/v2"><Time>2026-08-29T07:06:50.055Z</Time><Position><LatitudeDegrees>52.33733167</LatitudeDegrees><LongitudeDegrees>13.00124667</LongitudeDegrees></Position><AltitudeMeters>42.825</AltitudeMeters><DistanceMeters>629.4000244140625</DistanceMeters><HeartRateBpm><Value>156</Value></HeartRateBpm><Cadence>81</Cadence><SensorState>Present</SensorState><Extensions><TPX xmlns="http://www.garmin.com/xmlschemas/ActivityExtension/v2"><Watts>434</Watts></TPX></Extensions></Trackpoint><Trackpoint xmlns="http://www.garmin.com/xmlschemas/TrainingCenterDatabase/v2"><Time>2026-08-29T07:06:51.055Z</Time><Position><LatitudeDegrees>52.33730333</LatitudeDegrees><LongitudeDegrees>13.00124833</LongitudeDegrees></Position><AltitudeMeters>42.825</AltitudeMeters><DistanceMeters>632.9000244140625</DistanceMeters><HeartRateBpm><Value>156</Value></HeartRateBpm><Cadence>81</Cadence><SensorState>Present</SensorState><Extensions><TPX xmlns="http://www.garmin.com/xmlschemas/ActivityExtension/v2"><Watts>422</Watts></TPX></Extensions></Trackpoint><Trackpoint xmlns="http://www.garmin.com/xmlschemas/TrainingCenterDatabase/v2"><Time>2026-08-29T07:06:52.055Z</Time><Position><LatitudeDegrees>52.33727</LatitudeDegrees><LongitudeDegrees>13.00125</LongitudeDegrees></Position><AltitudeMeters>42.825</AltitudeMeters><DistanceMeters>636.7999877929688</DistanceMeters><HeartRateBpm><Value>157</Value></HeartRateBpm><Cadence>81</Cadence><SensorState>Present</SensorState><Extensions><TPX xmlns="http://www.garmin.com/xmlschemas/ActivityExtension/v2"><Watts>412</Watts></TPX></Extensions></Trackpoint><Trackpoint xmlns="http://www.garmin.com/xmlschemas/TrainingCenterDatabase/v2"><Time>2026-08-29T07:06:53.055Z</Time><Position><LatitudeDegrees>52.337245</LatitudeDegrees><LongitudeDegrees>13.00125167</LongitudeDegrees></Position><AltitudeMeters>42.825</AltitudeMeters><DistanceMeters>639.2000122070312</DistanceMeters><HeartRateBpm><Value>157</Value></HeartRateBpm><Cadence>81</Cadence><SensorState>Present</SensorState><Extensions><TPX xmlns="http://www.garmin.com/xmlschemas/ActivityExtension/v2"><Watts>402</Watts></TPX></Extensions></Trackpoint><Trackpoint xmlns="http://www.garmin.com/xmlschemas/TrainingCenterDatabase/v2"><Time>2026-08-29T07:06:54.055Z</Time><Position><LatitudeDegrees>52.33721833</LatitudeDegrees><LongitudeDegrees>13.001255</LongitudeDegrees></Position><AltitudeMeters>42.825</AltitudeMeters><DistanceMeters>641.7000122070312</DistanceMeters><HeartRateBpm><Value>158</Value></HeartRateBpm><Cadence>81</Cadence><SensorState>Present</SensorState><Extensions><TPX xmlns="http://www.garmin.com/xmlschemas/ActivityExtension/v2"><Watts>394</Watts></TPX></Extensions></Trackpoint><Trackpoint xmlns="http://www.garmin.com/xmlschemas/TrainingCenterDatabase/v2"><Time>2026-08-29T07:06:55.055Z</Time><Position><LatitudeDegrees>52.33719167</LatitudeDegrees><LongitudeDegrees>13.00126167</LongitudeDegrees></Position><AltitudeMeters>42.825</AltitudeMeters><DistanceMeters>644.0999755859375</DistanceMeters><HeartRateBpm><Value>159</Value></HeartRateBpm><Cadence>81</Cadence><SensorState>Present</SensorState><Extensions><TPX xmlns="http://www.garmin.com/xmlschemas/ActivityExtension/v2"><Watts>384</Watts></TPX></Extensions></Trackpoint><Trackpoint xmlns="http://www.garmin.com/xmlschemas/TrainingCenterDatabase/v2"><Time>2026-08-29T07:06:56.055Z</Time><Position><LatitudeDegrees>52.33716667</LatitudeDegrees><LongitudeDegrees>13.00127</LongitudeDegrees></Position><AltitudeMeters>42.825</AltitudeMeters><DistanceMeters>646.5</DistanceMeters><HeartRateBpm><Value>160</Value></HeartRateBpm><Cadence>81</Cadence><SensorState>Present</SensorState><Extensions><TPX xmlns="http://www.garmin.com/xmlschemas/ActivityExtension/v2"><Watts>374</Watts></TPX></Extensions></Trackpoint><Trackpoint xmlns="http://www.garmin.com/xmlschemas/TrainingCenterDatabase/v2"><Time>2026-08-29T07:06:57.055Z</Time><Position><LatitudeDegrees>52.33712833</LatitudeDegrees><LongitudeDegrees>13.001275</LongitudeDegrees></Position><AltitudeMeters>42.825</AltitudeMeters><DistanceMeters>649.2000122070312</DistanceMeters><HeartRateBpm><Value>161</Value></HeartRateBpm><Cadence>81</Cadence><SensorState>Present</SensorState><Extensions><TPX xmlns="http://www.garmin.com/xmlschemas/ActivityExtension/v2"><Watts>368</Watts></TPX></Extensions></Trackpoint><Trackpoint xmlns="http://www.garmin.com/xmlschemas/TrainingCenterDatabase/v2"><Time>2026-08-29T07:06:58.055Z</Time><Position><LatitudeDegrees>52.3371</LatitudeDegrees><LongitudeDegrees>13.00128</LongitudeDegrees></Position><AltitudeMeters>42.825</AltitudeMeters><DistanceMeters>652.0999755859375</DistanceMeters><HeartRateBpm><Value>162</Value></HeartRateBpm><Cadence>81</Cadence><SensorState>Present</SensorState><Extensions><TPX xmlns="http://www.garmin.com/xmlschemas/ActivityExtension/v2"><Watts>366</Watts></TPX></Extensions></Trackpoint><Trackpoint xmlns="http://www.garmin.com/xmlschemas/TrainingCenterDatabase/v2"><Time>2026-08-29T07:06:59.055Z</Time><Position><LatitudeDegrees>52.33707167</LatitudeDegrees><LongitudeDegrees>13.00128333</LongitudeDegrees></Position><AltitudeMeters>42.825</AltitudeMeters><DistanceMeters>655.7000122070312</DistanceMeters><HeartRateBpm><Value>164</Value></HeartRateBpm><Cadence>81</Cadence><SensorState>Present</SensorState><Extensions><TPX xmlns="http://www.garmin.com/xmlschemas/ActivityExtension/v2"><Watts>362</Watts></TPX></Extensions></Trackpoint><Trackpoint xmlns="http://www.garmin.com/xmlschemas/TrainingCenterDatabase/v2"><Time>2026-08-29T07:07:00.055Z</Time><Position><LatitudeDegrees>52.33704333</LatitudeDegrees><LongitudeDegrees>13.001285</LongitudeDegrees></Position><AltitudeMeters>42.825</AltitudeMeters><DistanceMeters>659.5</DistanceMeters><HeartRateBpm><Value>166</Value></HeartRateBpm><Cadence>81</Cadence><SensorState>Present</SensorState><Extensions><TPX xmlns="http://www.garmin.com/xmlschemas/ActivityExtension/v2"><Watts>360</Watts></TPX></Extensions></Trackpoint><Trackpoint xmlns="http://www.garmin.com/xmlschemas/TrainingCenterDatabase/v2"><Time>2026-08-29T07:07:01.055Z</Time><Position><LatitudeDegrees>52.33702333</LatitudeDegrees><LongitudeDegrees>13.001285</LongitudeDegrees></Position><AltitudeMeters>42.825</AltitudeMeters><DistanceMeters>662.4000244140625</DistanceMeters><HeartRateBpm><Value>167</Value></HeartRateBpm><Cadence>81</Cadence><SensorState>Present</SensorState><Extensions><TPX xmlns="http://www.garmin.com/xmlschemas/ActivityExtension/v2"><Watts>358</Watts></TPX></Extensions></Trackpoint><Trackpoint xmlns="http://www.garmin.com/xmlschemas/TrainingCenterDatabase/v2"><Time>2026-08-29T07:07:02.055Z</Time><Position><LatitudeDegrees>52.33699167</LatitudeDegrees><LongitudeDegrees>13.00129</LongitudeDegrees></Position><AltitudeMeters>42.825</AltitudeMeters><DistanceMeters>665.5999755859375</DistanceMeters><HeartRateBpm><Value>168</Value></HeartRateBpm><Cadence>81</Cadence><SensorState>Present</SensorState><Extensions><TPX xmlns="http://www.garmin.com/xmlschemas/ActivityExtension/v2"><Watts>352</Watts></TPX></Extensions></Trackpoint><Trackpoint xmlns="http://www.garmin.com/xmlschemas/TrainingCenterDatabase/v2"><Time>2026-08-29T07:07:03.055Z</Time><Position><LatitudeDegrees>52.33696667</LatitudeDegrees><LongitudeDegrees>13.001295</LongitudeDegrees></Position><AltitudeMeters>42.825</AltitudeMeters><DistanceMeters>668.2000122070312</DistanceMeters><HeartRateBpm><Value>170</Value></HeartRateBpm><Cadence>80</Cadence><SensorState>Present</SensorState><Extensions><TPX xmlns="http://www.garmin.com/xmlschemas/ActivityExtension/v2"><Watts>346</Watts></TPX></Extensions></Trackpoint><Trackpoint xmlns="http://www.garmin.com/xmlschemas/TrainingCenterDatabase/v2"><Time>2026-08-29T07:07:04.055Z</Time><Position><LatitudeDegrees>52.33694167</LatitudeDegrees><LongitudeDegrees>13.0013</LongitudeDegrees></Position><AltitudeMeters>42.825</AltitudeMeters><DistanceMeters>671.5999755859375</DistanceMeters><HeartRateBpm><Value>171</Value></HeartRateBpm><Cadence>81</Cadence><SensorState>Present</SensorState><Extensions><TPX xmlns="http://www.garmin.com/xmlschemas/ActivityExtension/v2"><Watts>344</Watts></TPX></Extensions></Trackpoint><Trackpoint xmlns="http://www.garmin.com/xmlschemas/TrainingCenterDatabase/v2"><Time>2026-08-29T07:07:05.055Z</Time><Position><LatitudeDegrees>52.33691</LatitudeDegrees><LongitudeDegrees>13.00130333</LongitudeDegrees></Position><AltitudeMeters>42.825</AltitudeMeters><DistanceMeters>674.5999755859375</DistanceMeters><HeartRateBpm><Value>171</Value></HeartRateBpm><Cadence>80</Cadence><SensorState>Present</SensorState><Extensions><TPX xmlns="http://www.garmin.com/xmlschemas/ActivityExtension/v2"><Watts>342</Watts></TPX></Extensions></Trackpoint><Trackpoint xmlns="http://www.garmin.com/xmlschemas/TrainingCenterDatabase/v2"><Time>2026-08-29T07:07:06.055Z</Time><Position><LatitudeDegrees>52.33687833</LatitudeDegrees><LongitudeDegrees>13.00130167</LongitudeDegrees></Position><AltitudeMeters>42.825</AltitudeMeters><DistanceMeters>677.5</DistanceMeters><HeartRateBpm><Value>170</Value></HeartRateBpm><Cadence>81</Cadence><SensorState>Present</SensorState><Extensions><TPX xmlns="http://www.garmin.com/xmlschemas/ActivityExtension/v2"><Watts>344</Watts></TPX></Extensions></Trackpoint><Trackpoint xmlns="http://www.garmin.com/xmlschemas/TrainingCenterDatabase/v2"><Time>2026-08-29T07:07:07.055Z</Time><Position><LatitudeDegrees>52.33685</LatitudeDegrees><LongitudeDegrees>13.00130667</LongitudeDegrees></Position><AltitudeMeters>42.825</AltitudeMeters><DistanceMeters>681.0</DistanceMeters><HeartRateBpm><Value>170</Value></HeartRateBpm><Cadence>81</Cadence><SensorState>Present</SensorState><Extensions><TPX xmlns="http://www.garmin.com/xmlschemas/ActivityExtension/v2"><Watts>346</Watts></TPX></Extensions></Trackpoint><Trackpoint xmlns="http://www.garmin.com/xmlschemas/TrainingCenterDatabase/v2"><Time>2026-08-29T07:07:08.055Z</Time><Position><LatitudeDegrees>52.33682</LatitudeDegrees><LongitudeDegrees>13.00131833</LongitudeDegrees></Position><AltitudeMeters>42.825</AltitudeMeters><DistanceMeters>683.7000122070312</DistanceMeters><HeartRateBpm><Value>170</Value></HeartRateBpm><Cadence>80</Cadence><SensorState>Present</SensorState><Extensions><TPX xmlns="http://www.garmin.com/xmlschemas/ActivityExtension/v2"><Watts>348</Watts></TPX></Extensions></Trackpoint><Trackpoint xmlns="http://www.garmin.com/xmlschemas/TrainingCenterDatabase/v2"><Time>2026-08-29T07:07:09.055Z</Time><Position><LatitudeDegrees>52.33678833</LatitudeDegrees><LongitudeDegrees>13.001335</LongitudeDegrees></Position><AltitudeMeters>42.825</AltitudeMeters><DistanceMeters>686.7999877929688</DistanceMeters><HeartRateBpm><Value>171</Value></HeartRateBpm><Cadence>80</Cadence><SensorState>Present</SensorState><Extensions><TPX xmlns="http://www.garmin.com/xmlschemas/ActivityExtension/v2"><Watts>350</Watts></TPX></Extensions></Trackpoint><Trackpoint xmlns="http://www.garmin.com/xmlschemas/TrainingCenterDatabase/v2"><Time>2026-08-29T07:07:10.055Z</Time><Position><LatitudeDegrees>52.33676333</LatitudeDegrees><LongitudeDegrees>13.00134333</LongitudeDegrees></Position><AltitudeMeters>42.825</AltitudeMeters><DistanceMeters>690.2000122070312</DistanceMeters><HeartRateBpm><Value>173</Value></HeartRateBpm><Cadence>80</Cadence><SensorState>Present</SensorState><Extensions><TPX xmlns="http://www.garmin.com/xmlschemas/ActivityExtension/v2"><Watts>352</Watts></TPX></Extensions></Trackpoint><Trackpoint xmlns="http://www.garmin.com/xmlschemas/TrainingCenterDatabase/v2"><Time>2026-08-29T07:07:11.055Z</Time><Position><LatitudeDegrees>52.33674667</LatitudeDegrees><LongitudeDegrees>13.00134667</LongitudeDegrees></Position><AltitudeMeters>42.825</AltitudeMeters><DistanceMeters>693.7000122070312</DistanceMeters><HeartRateBpm><Value>173</Value></HeartRateBpm><Cadence>81</Cadence><SensorState>Present</SensorState><Extensions><TPX xmlns="http://www.garmin.com/xmlschemas/ActivityExtension/v2"><Watts>358</Watts></TPX></Extensions></Trackpoint><Trackpoint xmlns="http://www.garmin.com/xmlschemas/TrainingCenterDatabase/v2"><Time>2026-08-29T07:07:12.055Z</Time><Position><LatitudeDegrees>52.33672333</LatitudeDegrees><LongitudeDegrees>13.00135</LongitudeDegrees></Position><AltitudeMeters>42.825</AltitudeMeters><DistanceMeters>697.2999877929688</DistanceMeters><HeartRateBpm><Value>172</Value></HeartRateBpm><Cadence>81</Cadence><SensorState>Present</SensorState><Extensions><TPX xmlns="http://www.garmin.com/xmlschemas/ActivityExtension/v2"><Watts>364</Watts></TPX></Extensions></Trackpoint><Trackpoint xmlns="http://www.garmin.com/xmlschemas/TrainingCenterDatabase/v2"><Time>2026-08-29T07:07:13.055Z</Time><Position><LatitudeDegrees>52.33669833</LatitudeDegrees><LongitudeDegrees>13.00136333</LongitudeDegrees></Position><AltitudeMeters>42.825</AltitudeMeters><DistanceMeters>699.7000122070312</DistanceMeters><HeartRateBpm><Value>172</Value></HeartRateBpm><Cadence>81</Cadence><SensorState>Present</SensorState><Extensions><TPX xmlns="http://www.garmin.com/xmlschemas/ActivityExtension/v2"><Watts>356</Watts></TPX></Extensions></Trackpoint><Trackpoint xmlns="http://www.garmin.com/xmlschemas/TrainingCenterDatabase/v2"><Time>2026-08-29T07:07:14.055Z</Time><Position><LatitudeDegrees>52.33666333</LatitudeDegrees><LongitudeDegrees>13.00137667</LongitudeDegrees></Position><AltitudeMeters>42.825</AltitudeMeters><DistanceMeters>702.5</DistanceMeters><HeartRateBpm><Value>172</Value></HeartRateBpm><Cadence>80</Cadence><SensorState>Present</SensorState><Extensions><TPX xmlns="http://www.garmin.com/xmlschemas/ActivityExtension/v2"><Watts>350</Watts></TPX></Extensions></Trackpoint><Trackpoint xmlns="http://www.garmin.com/xmlschemas/TrainingCenterDatabase/v2"><Time>2026-08-29T07:07:15.055Z</Time><Position><LatitudeDegrees>52.33663333</LatitudeDegrees><LongitudeDegrees>13.00138167</LongitudeDegrees></Position><AltitudeMeters>42.825</AltitudeMeters><DistanceMeters>705.4000244140625</DistanceMeters><HeartRateBpm><Value>173</Value></HeartRateBpm><Cadence>80</Cadence><SensorState>Present</SensorState><Extensions><TPX xmlns="http://www.garmin.com/xmlschemas/ActivityExtension/v2"><Watts>358</Watts></TPX></Extensions></Trackpoint><Trackpoint xmlns="http://www.garmin.com/xmlschemas/TrainingCenterDatabase/v2"><Time>2026-08-29T07:07:16.055Z</Time><Position><LatitudeDegrees>52.336605</LatitudeDegrees><LongitudeDegrees>13.00138833</LongitudeDegrees></Position><AltitudeMeters>42.825</AltitudeMeters><DistanceMeters>708.7999877929688</DistanceMeters><HeartRateBpm><Value>175</Value></HeartRateBpm><Cadence>80</Cadence><SensorState>Present</SensorState><Extensions><TPX xmlns="http://www.garmin.com/xmlschemas/ActivityExtension/v2"><Watts>366</Watts></TPX></Extensions></Trackpoint><Trackpoint xmlns="http://www.garmin.com/xmlschemas/TrainingCenterDatabase/v2"><Time>2026-08-29T07:07:17.055Z</Time><Position><LatitudeDegrees>52.33657333</LatitudeDegrees><LongitudeDegrees>13.001395</LongitudeDegrees></Position><AltitudeMeters>42.825</AltitudeMeters><DistanceMeters>711.7999877929688</DistanceMeters><HeartRateBpm><Value>175</Value></HeartRateBpm><Cadence>81</Cadence><SensorState>Present</SensorState><Extensions><TPX xmlns="http://www.garmin.com/xmlschemas/ActivityExtension/v2"><Watts>372</Watts></TPX></Extensions></Trackpoint><Trackpoint xmlns="http://www.garmin.com/xmlschemas/TrainingCenterDatabase/v2"><Time>2026-08-29T07:07:18.055Z</Time><Position><LatitudeDegrees>52.33653667</LatitudeDegrees><LongitudeDegrees>13.00141</LongitudeDegrees></Position><AltitudeMeters>42.825</AltitudeMeters><DistanceMeters>715.0</DistanceMeters><HeartRateBpm><Value>175</Value></HeartRateBpm><Cadence>81</Cadence><SensorState>Present</SensorState><Extensions><TPX xmlns="http://www.garmin.com/xmlschemas/ActivityExtension/v2"><Watts>378</Watts></TPX></Extensions></Trackpoint><Trackpoint xmlns="http://www.garmin.com/xmlschemas/TrainingCenterDatabase/v2"><Time>2026-08-29T07:07:19.055Z</Time><Position><LatitudeDegrees>52.336505</LatitudeDegrees><LongitudeDegrees>13.00142333</LongitudeDegrees></Position><AltitudeMeters>42.825</AltitudeMeters><DistanceMeters>718.2000122070312</DistanceMeters><HeartRateBpm><Value>175</Value></HeartRateBpm><Cadence>81</Cadence><SensorState>Present</SensorState><Extensions><TPX xmlns="http://www.garmin.com/xmlschemas/ActivityExtension/v2"><Watts>390</Watts></TPX></Extensions></Trackpoint><Trackpoint xmlns="http://www.garmin.com/xmlschemas/TrainingCenterDatabase/v2"><Time>2026-08-29T07:07:20.055Z</Time><Position><LatitudeDegrees>52.33648</LatitudeDegrees><LongitudeDegrees>13.00142667</LongitudeDegrees></Position><AltitudeMeters>42.825</AltitudeMeters><DistanceMeters>721.7999877929688</DistanceMeters><HeartRateBpm><Value>175</Value></HeartRateBpm><Cadence>81</Cadence><SensorState>Present</SensorState><Extensions><TPX xmlns="http://www.garmin.com/xmlschemas/ActivityExtension/v2"><Watts>406</Watts></TPX></Extensions></Trackpoint><Trackpoint xmlns="http://www.garmin.com/xmlschemas/TrainingCenterDatabase/v2"><Time>2026-08-29T07:07:21.055Z</Time><Position><LatitudeDegrees>52.33645</LatitudeDegrees><LongitudeDegrees>13.00143167</LongitudeDegrees></Position><AltitudeMeters>42.825</AltitudeMeters><DistanceMeters>725.7999877929688</DistanceMeters><HeartRateBpm><Value>175</Value></HeartRateBpm><Cadence>81</Cadence><SensorState>Present</SensorState><Extensions><TPX xmlns="http://www.garmin.com/xmlschemas/ActivityExtension/v2"><Watts>416</Watts></TPX></Extensions></Trackpoint><Trackpoint xmlns="http://www.garmin.com/xmlschemas/TrainingCenterDatabase/v2"><Time>2026-08-29T07:07:22.055Z</Time><Position><LatitudeDegrees>52.33641667</LatitudeDegrees><LongitudeDegrees>13.00143667</LongitudeDegrees></Position><AltitudeMeters>42.825</AltitudeMeters><DistanceMeters>729.7999877929688</DistanceMeters><HeartRateBpm><Value>175</Value></HeartRateBpm><Cadence>81</Cadence><SensorState>Present</SensorState><Extensions><TPX xmlns="http://www.garmin.com/xmlschemas/ActivityExtension/v2"><Watts>426</Watts></TPX></Extensions></Trackpoint><Trackpoint xmlns="http://www.garmin.com/xmlschemas/TrainingCenterDatabase/v2"><Time>2026-08-29T07:07:23.055Z</Time><Position><LatitudeDegrees>52.336385</LatitudeDegrees><LongitudeDegrees>13.00143667</LongitudeDegrees></Position><AltitudeMeters>42.825</AltitudeMeters><DistanceMeters>733.7000122070312</DistanceMeters><HeartRateBpm><Value>175</Value></HeartRateBpm><Cadence>81</Cadence><SensorState>Present</SensorState><Extensions><TPX xmlns="http://www.garmin.com/xmlschemas/ActivityExtension/v2"><Watts>424</Watts></TPX></Extensions></Trackpoint><Trackpoint xmlns="http://www.garmin.com/xmlschemas/TrainingCenterDatabase/v2"><Time>2026-08-29T07:07:24.055Z</Time><Position><LatitudeDegrees>52.33635667</LatitudeDegrees><LongitudeDegrees>13.001435</LongitudeDegrees></Position><AltitudeMeters>42.825</AltitudeMeters><DistanceMeters>737.5999755859375</DistanceMeters><HeartRateBpm><Value>176</Value></HeartRateBpm><Cadence>81</Cadence><SensorState>Present</SensorState><Extensions><TPX xmlns="http://www.garmin.com/xmlschemas/ActivityExtension/v2"><Watts>416</Watts></TPX></Extensions></Trackpoint><Trackpoint xmlns="http://www.garmin.com/xmlschemas/TrainingCenterDatabase/v2"><Time>2026-08-29T07:07:25.055Z</Time><Position><LatitudeDegrees>52.33633</LatitudeDegrees><LongitudeDegrees>13.00143</LongitudeDegrees></Position><AltitudeMeters>42.825</AltitudeMeters><DistanceMeters>740.9000244140625</DistanceMeters><HeartRateBpm><Value>176</Value></HeartRateBpm><Cadence>81</Cadence><SensorState>Present</SensorState><Extensions><TPX xmlns="http://www.garmin.com/xmlschemas/ActivityExtension/v2"><Watts>414</Watts></TPX></Extensions></Trackpoint><Trackpoint xmlns="http://www.garmin.com/xmlschemas/TrainingCenterDatabase/v2"><Time>2026-08-29T07:07:26.055Z</Time><Position><LatitudeDegrees>52.33630167</LatitudeDegrees><LongitudeDegrees>13.00142667</LongitudeDegrees></Position><AltitudeMeters>42.825</AltitudeMeters><DistanceMeters>744.0999755859375</DistanceMeters><HeartRateBpm><Value>175</Value></HeartRateBpm><Cadence>81</Cadence><SensorState>Present</SensorState><Extensions><TPX xmlns="http://www.garmin.com/xmlschemas/ActivityExtension/v2"><Watts>412</Watts></TPX></Extensions></Trackpoint><Trackpoint xmlns="http://www.garmin.com/xmlschemas/TrainingCenterDatabase/v2"><Time>2026-08-29T07:07:27.055Z</Time><Position><LatitudeDegrees>52.33626833</LatitudeDegrees><LongitudeDegrees>13.00141667</LongitudeDegrees></Position><AltitudeMeters>42.825</AltitudeMeters><DistanceMeters>747.4000244140625</DistanceMeters><HeartRateBpm><Value>175</Value></HeartRateBpm><Cadence>81</Cadence><SensorState>Present</SensorState><Extensions><TPX xmlns="http://www.garmin.com/xmlschemas/ActivityExtension/v2"><Watts>408</Watts></TPX></Extensions></Trackpoint><Trackpoint xmlns="http://www.garmin.com/xmlschemas/TrainingCenterDatabase/v2"><Time>2026-08-29T07:07:28.055Z</Time><Position><LatitudeDegrees>52.33624</LatitudeDegrees><LongitudeDegrees>13.001415</LongitudeDegrees></Position><AltitudeMeters>43.892</AltitudeMeters><DistanceMeters>750.5999755859375</DistanceMeters><HeartRateBpm><Value>175</Value></HeartRateBpm><Cadence>81</Cadence><SensorState>Present</SensorState><Extensions><TPX xmlns="http://www.garmin.com/xmlschemas/ActivityExtension/v2"><Watts>414</Watts></TPX></Extensions></Trackpoint><Trackpoint xmlns="http://www.garmin.com/xmlschemas/TrainingCenterDatabase/v2"><Time>2026-08-29T07:07:29.055Z</Time><Position><LatitudeDegrees>52.33619</LatitudeDegrees><LongitudeDegrees>13.00141333</LongitudeDegrees></Position><AltitudeMeters>43.892</AltitudeMeters><DistanceMeters>753.7000122070312</DistanceMeters><HeartRateBpm><Value>175</Value></HeartRateBpm><Cadence>80</Cadence><SensorState>Present</SensorState><Extensions><TPX xmlns="http://www.garmin.com/xmlschemas/ActivityExtension/v2"><Watts>418</Watts></TPX></Extensions></Trackpoint><Trackpoint xmlns="http://www.garmin.com/xmlschemas/TrainingCenterDatabase/v2"><Time>2026-08-29T07:07:30.055Z</Time><Position><LatitudeDegrees>52.33616667</LatitudeDegrees><LongitudeDegrees>13.00140333</LongitudeDegrees></Position><AltitudeMeters>43.892</AltitudeMeters><DistanceMeters>757.0</DistanceMeters><HeartRateBpm><Value>175</Value></HeartRateBpm><Cadence>80</Cadence><SensorState>Present</SensorState><Extensions><TPX xmlns="http://www.garmin.com/xmlschemas/ActivityExtension/v2"><Watts>422</Watts></TPX></Extensions></Trackpoint><Trackpoint xmlns="http://www.garmin.com/xmlschemas/TrainingCenterDatabase/v2"><Time>2026-08-29T07:07:31.055Z</Time><Position><LatitudeDegrees>52.33613333</LatitudeDegrees><LongitudeDegrees>13.00138833</LongitudeDegrees></Position><AltitudeMeters>43.892</AltitudeMeters><DistanceMeters>761.7999877929688</DistanceMeters><HeartRateBpm><Value>175</Value></HeartRateBpm><Cadence>80</Cadence><SensorState>Present</SensorState><Extensions><TPX xmlns="http://www.garmin.com/xmlschemas/ActivityExtension/v2"><Watts>426</Watts></TPX></Extensions></Trackpoint><Trackpoint xmlns="http://www.garmin.com/xmlschemas/TrainingCenterDatabase/v2"><Time>2026-08-29T07:07:32.055Z</Time><Position><LatitudeDegrees>52.33611167</LatitudeDegrees><LongitudeDegrees>13.00138</LongitudeDegrees></Position><AltitudeMeters>43.892</AltitudeMeters><DistanceMeters>765.0999755859375</DistanceMeters><HeartRateBpm><Value>175</Value></HeartRateBpm><Cadence>81</Cadence><SensorState>Present</SensorState><Extensions><TPX xmlns="http://www.garmin.com/xmlschemas/ActivityExtension/v2"><Watts>420</Watts></TPX></Extensions></Trackpoint><Trackpoint xmlns="http://www.garmin.com/xmlschemas/TrainingCenterDatabase/v2"><Time>2026-08-29T07:07:33.055Z</Time><Position><LatitudeDegrees>52.33607667</LatitudeDegrees><LongitudeDegrees>13.001365</LongitudeDegrees></Position><AltitudeMeters>43.892</AltitudeMeters><DistanceMeters>768.5999755859375</DistanceMeters><HeartRateBpm><Value>176</Value></HeartRateBpm><Cadence>81</Cadence><SensorState>Present</SensorState><Extensions><TPX xmlns="http://www.garmin.com/xmlschemas/ActivityExtension/v2"><Watts>414</Watts></TPX></Extensions></Trackpoint><Trackpoint xmlns="http://www.garmin.com/xmlschemas/TrainingCenterDatabase/v2"><Time>2026-08-29T07:07:34.055Z</Time><Position><LatitudeDegrees>52.33605167</LatitudeDegrees><LongitudeDegrees>13.00135</LongitudeDegrees></Position><AltitudeMeters>43.892</AltitudeMeters><DistanceMeters>771.7000122070312</DistanceMeters><HeartRateBpm><Value>176</Value></HeartRateBpm><Cadence>81</Cadence><SensorState>Present</SensorState><Extensions><TPX xmlns="http://www.garmin.com/xmlschemas/ActivityExtension/v2"><Watts>410</Watts></TPX></Extensions></Trackpoint><Trackpoint xmlns="http://www.garmin.com/xmlschemas/TrainingCenterDatabase/v2"><Time>2026-08-29T07:07:35.055Z</Time><Position><LatitudeDegrees>52.33601333</LatitudeDegrees><LongitudeDegrees>13.00132833</LongitudeDegrees></Position><AltitudeMeters>43.892</AltitudeMeters><DistanceMeters>775.7000122070312</DistanceMeters><HeartRateBpm><Value>176</Value></HeartRateBpm><Cadence>81</Cadence><SensorState>Present</SensorState><Extensions><TPX xmlns="http://www.garmin.com/xmlschemas/ActivityExtension/v2"><Watts>404</Watts></TPX></Extensions></Trackpoint><Trackpoint xmlns="http://www.garmin.com/xmlschemas/TrainingCenterDatabase/v2"><Time>2026-08-29T07:07:36.055Z</Time><Position><LatitudeDegrees>52.335975</LatitudeDegrees><LongitudeDegrees>13.00130167</LongitudeDegrees></Position><AltitudeMeters>43.892</AltitudeMeters><DistanceMeters>779.2000122070312</DistanceMeters><HeartRateBpm><Value>176</Value></HeartRateBpm><Cadence>81</Cadence><SensorState>Present</SensorState><Extensions><TPX xmlns="http://www.garmin.com/xmlschemas/ActivityExtension/v2"><Watts>416</Watts></TPX></Extensions></Trackpoint><Trackpoint xmlns="http://www.garmin.com/xmlschemas/TrainingCenterDatabase/v2"><Time>2026-08-29T07:07:37.055Z</Time><Position><LatitudeDegrees>52.33594167</LatitudeDegrees><LongitudeDegrees>13.00128</LongitudeDegrees></Position><AltitudeMeters>43.892</AltitudeMeters><DistanceMeters>783.5999755859375</DistanceMeters><HeartRateBpm><Value>175</Value></HeartRateBpm><Cadence>81</Cadence><SensorState>Present</SensorState><Extensions><TPX xmlns="http://www.garmin.com/xmlschemas/ActivityExtension/v2"><Watts>430</Watts></TPX></Extensions></Trackpoint><Trackpoint xmlns="http://www.garmin.com/xmlschemas/TrainingCenterDatabase/v2"><Time>2026-08-29T07:07:38.055Z</Time><Position><LatitudeDegrees>52.33590833</LatitudeDegrees><LongitudeDegrees>13.00126167</LongitudeDegrees></Position><AltitudeMeters>43.892</AltitudeMeters><DistanceMeters>787.7999877929688</DistanceMeters><HeartRateBpm><Value>175</Value></HeartRateBpm><Cadence>81</Cadence><SensorState>Present</SensorState><Extensions><TPX xmlns="http://www.garmin.com/xmlschemas/ActivityExtension/v2"><Watts>444</Watts></TPX></Extensions></Trackpoint><Trackpoint xmlns="http://www.garmin.com/xmlschemas/TrainingCenterDatabase/v2"><Time>2026-08-29T07:07:39.055Z</Time><Position><LatitudeDegrees>52.335875</LatitudeDegrees><LongitudeDegrees>13.00124833</LongitudeDegrees></Position><AltitudeMeters>43.892</AltitudeMeters><DistanceMeters>792.0999755859375</DistanceMeters><HeartRateBpm><Value>175</Value></HeartRateBpm><Cadence>80</Cadence><SensorState>Present</SensorState><Extensions><TPX xmlns="http://www.garmin.com/xmlschemas/ActivityExtension/v2"><Watts>454</Watts></TPX></Extensions></Trackpoint><Trackpoint xmlns="http://www.garmin.com/xmlschemas/TrainingCenterDatabase/v2"><Time>2026-08-29T07:07:40.055Z</Time><Position><LatitudeDegrees>52.33584667</LatitudeDegrees><LongitudeDegrees>13.001235</LongitudeDegrees></Position><AltitudeMeters>43.892</AltitudeMeters><DistanceMeters>795.2999877929688</DistanceMeters><HeartRateBpm><Value>176</Value></HeartRateBpm><Cadence>81</Cadence><SensorState>Present</SensorState><Extensions><TPX xmlns="http://www.garmin.com/xmlschemas/ActivityExtension/v2"><Watts>450</Watts></TPX></Extensions></Trackpoint><Trackpoint xmlns="http://www.garmin.com/xmlschemas/TrainingCenterDatabase/v2"><Time>2026-08-29T07:07:41.055Z</Time><Position><LatitudeDegrees>52.33582</LatitudeDegrees><LongitudeDegrees>13.00122167</LongitudeDegrees></Position><AltitudeMeters>43.892</AltitudeMeters><DistanceMeters>799.5999755859375</DistanceMeters><HeartRateBpm><Value>176</Value></HeartRateBpm><Cadence>81</Cadence><SensorState>Present</SensorState><Extensions><TPX xmlns="http://www.garmin.com/xmlschemas/ActivityExtension/v2"><Watts>436</Watts></TPX></Extensions></Trackpoint><Trackpoint xmlns="http://www.garmin.com/xmlschemas/TrainingCenterDatabase/v2"><Time>2026-08-29T07:07:42.055Z</Time><Position><LatitudeDegrees>52.33579167</LatitudeDegrees><LongitudeDegrees>13.00121</LongitudeDegrees></Position><AltitudeMeters>44.806</AltitudeMeters><DistanceMeters>803.2000122070312</DistanceMeters><HeartRateBpm><Value>176</Value></HeartRateBpm><Cadence>80</Cadence><SensorState>Present</SensorState><Extensions><TPX xmlns="http://www.garmin.com/xmlschemas/ActivityExtension/v2"><Watts>428</Watts></TPX></Extensions></Trackpoint><Trackpoint xmlns="http://www.garmin.com/xmlschemas/TrainingCenterDatabase/v2"><Time>2026-08-29T07:07:43.055Z</Time><Position><LatitudeDegrees>52.33576833</LatitudeDegrees><LongitudeDegrees>13.001195</LongitudeDegrees></Position><AltitudeMeters>44.806</AltitudeMeters><DistanceMeters>807.4000244140625</DistanceMeters><HeartRateBpm><Value>175</Value></HeartRateBpm><Cadence>81</Cadence><SensorState>Present</SensorState><Extensions><TPX xmlns="http://www.garmin.com/xmlschemas/ActivityExtension/v2"><Watts>416</Watts></TPX></Extensions></Trackpoint><Trackpoint xmlns="http://www.garmin.com/xmlschemas/TrainingCenterDatabase/v2"><Time>2026-08-29T07:07:44.055Z</Time><Position><LatitudeDegrees>52.33575</LatitudeDegrees><LongitudeDegrees>13.00118167</LongitudeDegrees></Position><AltitudeMeters>44.806</AltitudeMeters><DistanceMeters>810.5</DistanceMeters><HeartRateBpm><Value>175</Value></HeartRateBpm><Cadence>81</Cadence><SensorState>Present</SensorState><Extensions><TPX xmlns="http://www.garmin.com/xmlschemas/ActivityExtension/v2"><Watts>408</Watts></TPX></Extensions></Trackpoint><Trackpoint xmlns="http://www.garmin.com/xmlschemas/TrainingCenterDatabase/v2"><Time>2026-08-29T07:07:45.055Z</Time><Position><LatitudeDegrees>52.33572833</LatitudeDegrees><LongitudeDegrees>13.00116667</LongitudeDegrees></Position><AltitudeMeters>44.806</AltitudeMeters><DistanceMeters>814.0</DistanceMeters><HeartRateBpm><Value>176</Value></HeartRateBpm><Cadence>81</Cadence><SensorState>Present</SensorState><Extensions><TPX xmlns="http://www.garmin.com/xmlschemas/ActivityExtension/v2"><Watts>408</Watts></TPX></Extensions></Trackpoint><Trackpoint xmlns="http://www.garmin.com/xmlschemas/TrainingCenterDatabase/v2"><Time>2026-08-29T07:07:46.055Z</Time><Position><LatitudeDegrees>52.33570167</LatitudeDegrees><LongitudeDegrees>13.00115</LongitudeDegrees></Position><AltitudeMeters>44.806</AltitudeMeters><DistanceMeters>816.0999755859375</DistanceMeters><HeartRateBpm><Value>176</Value></HeartRateBpm><Cadence>81</Cadence><SensorState>Present</SensorState><Extensions><TPX xmlns="http://www.garmin.com/xmlschemas/ActivityExtension/v2"><Watts>394</Watts></TPX></Extensions></Trackpoint><Trackpoint xmlns="http://www.garmin.com/xmlschemas/TrainingCenterDatabase/v2"><Time>2026-08-29T07:07:47.055Z</Time><Position><LatitudeDegrees>52.33567</LatitudeDegrees><LongitudeDegrees>13.00112667</LongitudeDegrees></Position><AltitudeMeters>44.806</AltitudeMeters><DistanceMeters>818.0999755859375</DistanceMeters><HeartRateBpm><Value>176</Value></HeartRateBpm><Cadence>81</Cadence><SensorState>Present</SensorState><Extensions><TPX xmlns="http://www.garmin.com/xmlschemas/ActivityExtension/v2"><Watts>378</Watts></TPX></Extensions></Trackpoint><Trackpoint xmlns="http://www.garmin.com/xmlschemas/TrainingCenterDatabase/v2"><Time>2026-08-29T07:07:48.055Z</Time><Position><LatitudeDegrees>52.33563833</LatitudeDegrees><LongitudeDegrees>13.001095</LongitudeDegrees></Position><AltitudeMeters>44.806</AltitudeMeters><DistanceMeters>820.5999755859375</DistanceMeters><HeartRateBpm><Value>176</Value></HeartRateBpm><Cadence>80</Cadence><SensorState>Present</SensorState><Extensions><TPX xmlns="http://www.garmin.com/xmlschemas/ActivityExtension/v2"><Watts>378</Watts></TPX></Extensions></Trackpoint><Trackpoint xmlns="http://www.garmin.com/xmlschemas/TrainingCenterDatabase/v2"><Time>2026-08-29T07:07:49.055Z</Time><Position><LatitudeDegrees>52.335605</LatitudeDegrees><LongitudeDegrees>13.001065</LongitudeDegrees></Position><AltitudeMeters>44.806</AltitudeMeters><DistanceMeters>823.5</DistanceMeters><HeartRateBpm><Value>176</Value></HeartRateBpm><Cadence>80</Cadence><SensorState>Present</SensorState><Extensions><TPX xmlns="http://www.garmin.com/xmlschemas/ActivityExtension/v2"><Watts>396</Watts></TPX></Extensions></Trackpoint><Trackpoint xmlns="http://www.garmin.com/xmlschemas/TrainingCenterDatabase/v2"><Time>2026-08-29T07:07:50.055Z</Time><Position><LatitudeDegrees>52.33558333</LatitudeDegrees><LongitudeDegrees>13.00104333</LongitudeDegrees></Position><AltitudeMeters>44.806</AltitudeMeters><DistanceMeters>827.0</DistanceMeters><HeartRateBpm><Value>176</Value></HeartRateBpm><Cadence>81</Cadence><SensorState>Present</SensorState><Extensions><TPX xmlns="http://www.garmin.com/xmlschemas/ActivityExtension/v2"><Watts>416</Watts></TPX></Extensions></Trackpoint><Trackpoint xmlns="http://www.garmin.com/xmlschemas/TrainingCenterDatabase/v2"><Time>2026-08-29T07:07:51.055Z</Time><Position><LatitudeDegrees>52.33555333</LatitudeDegrees><LongitudeDegrees>13.00101333</LongitudeDegrees></Position><AltitudeMeters>44.806</AltitudeMeters><DistanceMeters>830.9000244140625</DistanceMeters><HeartRateBpm><Value>177</Value></HeartRateBpm><Cadence>81</Cadence><SensorState>Present</SensorState><Extensions><TPX xmlns="http://www.garmin.com/xmlschemas/ActivityExtension/v2"><Watts>422</Watts></TPX></Extensions></Trackpoint><Trackpoint xmlns="http://www.garmin.com/xmlschemas/TrainingCenterDatabase/v2"><Time>2026-08-29T07:07:52.055Z</Time><Position><LatitudeDegrees>52.33552333</LatitudeDegrees><LongitudeDegrees>13.00098</LongitudeDegrees></Position><AltitudeMeters>44.806</AltitudeMeters><DistanceMeters>834.2999877929688</DistanceMeters><HeartRateBpm><Value>177</Value></HeartRateBpm><Cadence>81</Cadence><SensorState>Present</SensorState><Extensions><TPX xmlns="http://www.garmin.com/xmlschemas/ActivityExtension/v2"><Watts>426</Watts></TPX></Extensions></Trackpoint><Trackpoint xmlns="http://www.garmin.com/xmlschemas/TrainingCenterDatabase/v2"><Time>2026-08-29T07:07:53.055Z</Time><Position><LatitudeDegrees>52.33550333</LatitudeDegrees><LongitudeDegrees>13.00095</LongitudeDegrees></Position><AltitudeMeters>44.806</AltitudeMeters><DistanceMeters>838.0999755859375</DistanceMeters><HeartRateBpm><Value>177</Value></HeartRateBpm><Cadence>80</Cadence><SensorState>Present</SensorState><Extensions><TPX xmlns="http://www.garmin.com/xmlschemas/ActivityExtension/v2"><Watts>424</Watts></TPX></Extensions></Trackpoint><Trackpoint xmlns="http://www.garmin.com/xmlschemas/TrainingCenterDatabase/v2"><Time>2026-08-29T07:07:54.055Z</Time><Position><LatitudeDegrees>52.335485</LatitudeDegrees><LongitudeDegrees>13.00092667</LongitudeDegrees></Position><AltitudeMeters>44.806</AltitudeMeters><DistanceMeters>842.4000244140625</DistanceMeters><HeartRateBpm><Value>177</Value></HeartRateBpm><Cadence>80</Cadence><SensorState>Present</SensorState><Extensions><TPX xmlns="http://www.garmin.com/xmlschemas/ActivityExtension/v2"><Watts>408</Watts></TPX></Extensions></Trackpoint><Trackpoint xmlns="http://www.garmin.com/xmlschemas/TrainingCenterDatabase/v2"><Time>2026-08-29T07:07:55.055Z</Time><Position><LatitudeDegrees>52.33547</LatitudeDegrees><LongitudeDegrees>13.00090333</LongitudeDegrees></Position><AltitudeMeters>44.806</AltitudeMeters><DistanceMeters>846.2999877929688</DistanceMeters><HeartRateBpm><Value>177</Value></HeartRateBpm><Cadence>80</Cadence><SensorState>Present</SensorState><Extensions><TPX xmlns="http://www.garmin.com/xmlschemas/ActivityExtension/v2"><Watts>400</Watts></TPX></Extensions></Trackpoint><Trackpoint xmlns="http://www.garmin.com/xmlschemas/TrainingCenterDatabase/v2"><Time>2026-08-29T07:07:56.055Z</Time><Position><LatitudeDegrees>52.33545833</LatitudeDegrees><LongitudeDegrees>13.00089</LongitudeDegrees></Position><AltitudeMeters>44.806</AltitudeMeters><DistanceMeters>849.7999877929688</DistanceMeters><HeartRateBpm><Value>177</Value></HeartRateBpm><Cadence>80</Cadence><SensorState>Present</SensorState><Extensions><TPX xmlns="http://www.garmin.com/xmlschemas/ActivityExtension/v2"><Watts>396</Watts></TPX></Extensions></Trackpoint><Trackpoint xmlns="http://www.garmin.com/xmlschemas/TrainingCenterDatabase/v2"><Time>2026-08-29T07:07:57.055Z</Time><Position><LatitudeDegrees>52.33544167</LatitudeDegrees><LongitudeDegrees>13.00087</LongitudeDegrees></Position><AltitudeMeters>44.806</AltitudeMeters><DistanceMeters>852.5</DistanceMeters><HeartRateBpm><Value>177</Value></HeartRateBpm><Cadence>81</Cadence><SensorState>Present</SensorState><Extensions><TPX xmlns="http://www.garmin.com/xmlschemas/ActivityExtension/v2"><Watts>376</Watts></TPX></Extensions></Trackpoint><Trackpoint xmlns="http://www.garmin.com/xmlschemas/TrainingCenterDatabase/v2"><Time>2026-08-29T07:07:58.055Z</Time><Position><LatitudeDegrees>52.335425</LatitudeDegrees><LongitudeDegrees>13.00084833</LongitudeDegrees></Position><AltitudeMeters>45.873</AltitudeMeters><DistanceMeters>854.2999877929688</DistanceMeters><HeartRateBpm><Value>177</Value></HeartRateBpm><Cadence>80</Cadence><SensorState>Present</SensorState><Extensions><TPX xmlns="http://www.garmin.com/xmlschemas/ActivityExtension/v2"><Watts>358</Watts></TPX></Extensions></Trackpoint><Trackpoint xmlns="http://www.garmin.com/xmlschemas/TrainingCenterDatabase/v2"><Time>2026-08-29T07:07:59.055Z</Time><Position><LatitudeDegrees>52.33541333</LatitudeDegrees><LongitudeDegrees>13.00083167</LongitudeDegrees></Position><AltitudeMeters>45.873</AltitudeMeters><DistanceMeters>856.0</DistanceMeters><HeartRateBpm><Value>177</Value></HeartRateBpm><Cadence>80</Cadence><SensorState>Present</SensorState><Extensions><TPX xmlns="http://www.garmin.com/xmlschemas/ActivityExtension/v2"><Watts>344</Watts></TPX></Extensions></Trackpoint><Trackpoint xmlns="http://www.garmin.com/xmlschemas/TrainingCenterDatabase/v2"><Time>2026-08-29T07:08:00.055Z</Time><Position><LatitudeDegrees>52.33540333</LatitudeDegrees><LongitudeDegrees>13.00081333</LongitudeDegrees></Position><AltitudeMeters>45.873</AltitudeMeters><DistanceMeters>857.5999755859375</DistanceMeters><HeartRateBpm><Value>177</Value></HeartRateBpm><Cadence>80</Cadence><SensorState>Present</SensorState><Extensions><TPX xmlns="http://www.garmin.com/xmlschemas/ActivityExtension/v2"><Watts>330</Watts></TPX></Extensions></Trackpoint><Trackpoint xmlns="http://www.garmin.com/xmlschemas/TrainingCenterDatabase/v2"><Time>2026-08-29T07:08:01.055Z</Time><Position><LatitudeDegrees>52.335395</LatitudeDegrees><LongitudeDegrees>13.000795</LongitudeDegrees></Position><AltitudeMeters>45.873</AltitudeMeters><DistanceMeters>859.2999877929688</DistanceMeters><HeartRateBpm><Value>177</Value></HeartRateBpm><Cadence>80</Cadence><SensorState>Present</SensorState><Extensions><TPX xmlns="http://www.garmin.com/xmlschemas/ActivityExtension/v2"><Watts>322</Watts></TPX></Extensions></Trackpoint><Trackpoint xmlns="http://www.garmin.com/xmlschemas/TrainingCenterDatabase/v2"><Time>2026-08-29T07:08:02.055Z</Time><Position><LatitudeDegrees>52.33538167</LatitudeDegrees><LongitudeDegrees>13.00077</LongitudeDegrees></Position><AltitudeMeters>45.873</AltitudeMeters><DistanceMeters>860.2000122070312</DistanceMeters><HeartRateBpm><Value>176</Value></HeartRateBpm><Cadence>80</Cadence><SensorState>Present</SensorState><Extensions><TPX xmlns="http://www.garmin.com/xmlschemas/ActivityExtension/v2"><Watts>312</Watts></TPX></Extensions></Trackpoint><Trackpoint xmlns="http://www.garmin.com/xmlschemas/TrainingCenterDatabase/v2"><Time>2026-08-29T07:08:03.055Z</Time><Position><LatitudeDegrees>52.335355</LatitudeDegrees><LongitudeDegrees>13.00073</LongitudeDegrees></Position><AltitudeMeters>45.873</AltitudeMeters><DistanceMeters>861.0</DistanceMeters><HeartRateBpm><Value>176</Value></HeartRateBpm><Cadence>81</Cadence><SensorState>Present</SensorState><Extensions><TPX xmlns="http://www.garmin.com/xmlschemas/ActivityExtension/v2"><Watts>300</Watts></TPX></Extensions></Trackpoint><Trackpoint xmlns="http://www.garmin.com/xmlschemas/TrainingCenterDatabase/v2"><Time>2026-08-29T07:08:04.055Z</Time><Position><LatitudeDegrees>52.33533</LatitudeDegrees><LongitudeDegrees>13.00069</LongitudeDegrees></Position><AltitudeMeters>45.873</AltitudeMeters><DistanceMeters>862.5999755859375</DistanceMeters><HeartRateBpm><Value>176</Value></HeartRateBpm><Cadence>81</Cadence><SensorState>Present</SensorState><Extensions><TPX xmlns="http://www.garmin.com/xmlschemas/ActivityExtension/v2"><Watts>300</Watts></TPX></Extensions></Trackpoint><Trackpoint xmlns="http://www.garmin.com/xmlschemas/TrainingCenterDatabase/v2"><Time>2026-08-29T07:08:05.055Z</Time><Position><LatitudeDegrees>52.33531167</LatitudeDegrees><LongitudeDegrees>13.00065833</LongitudeDegrees></Position><AltitudeMeters>45.873</AltitudeMeters><DistanceMeters>865.5</DistanceMeters><HeartRateBpm><Value>175</Value></HeartRateBpm><Cadence>81</Cadence><SensorState>Present</SensorState><Extensions><TPX xmlns="http://www.garmin.com/xmlschemas/ActivityExtension/v2"><Watts>312</Watts></TPX></Extensions></Trackpoint><Trackpoint xmlns="http://www.garmin.com/xmlschemas/TrainingCenterDatabase/v2"><Time>2026-08-29T07:08:06.055Z</Time><Position><LatitudeDegrees>52.33528833</LatitudeDegrees><LongitudeDegrees>13.000615</LongitudeDegrees></Position><AltitudeMeters>45.873</AltitudeMeters><DistanceMeters>868.9000244140625</DistanceMeters><HeartRateBpm><Value>175</Value></HeartRateBpm><Cadence>81</Cadence><SensorState>Present</SensorState><Extensions><TPX xmlns="http://www.garmin.com/xmlschemas/ActivityExtension/v2"><Watts>326</Watts></TPX></Extensions></Trackpoint><Trackpoint xmlns="http://www.garmin.com/xmlschemas/TrainingCenterDatabase/v2"><Time>2026-08-29T07:08:07.055Z</Time><Position><LatitudeDegrees>52.33527167</LatitudeDegrees><LongitudeDegrees>13.000585</LongitudeDegrees></Position><AltitudeMeters>45.873</AltitudeMeters><DistanceMeters>872.2999877929688</DistanceMeters><HeartRateBpm><Value>174</Value></HeartRateBpm><Cadence>81</Cadence><SensorState>Present</SensorState><Extensions><TPX xmlns="http://www.garmin.com/xmlschemas/ActivityExtension/v2"><Watts>342</Watts></TPX></Extensions></Trackpoint><Trackpoint xmlns="http://www.garmin.com/xmlschemas/TrainingCenterDatabase/v2"><Time>2026-08-29T07:08:08.055Z</Time><Position><LatitudeDegrees>52.33525833</LatitudeDegrees><LongitudeDegrees>13.00055167</LongitudeDegrees></Position><AltitudeMeters>45.873</AltitudeMeters><DistanceMeters>876.2000122070312</DistanceMeters><HeartRateBpm><Value>175</Value></HeartRateBpm><Cadence>81</Cadence><SensorState>Present</SensorState><Extensions><TPX xmlns="http://www.garmin.com/xmlschemas/ActivityExtension/v2"><Watts>348</Watts></TPX></Extensions></Trackpoint><Trackpoint xmlns="http://www.garmin.com/xmlschemas/TrainingCenterDatabase/v2"><Time>2026-08-29T07:08:09.055Z</Time><Position><LatitudeDegrees>52.335245</LatitudeDegrees><LongitudeDegrees>13.00052</LongitudeDegrees></Position><AltitudeMeters>45.873</AltitudeMeters><DistanceMeters>879.4000244140625</DistanceMeters><HeartRateBpm><Value>175</Value></HeartRateBpm><Cadence>81</Cadence><SensorState>Present</SensorState><Extensions><TPX xmlns="http://www.garmin.com/xmlschemas/ActivityExtension/v2"><Watts>342</Watts></TPX></Extensions></Trackpoint><Trackpoint xmlns="http://www.garmin.com/xmlschemas/TrainingCenterDatabase/v2"><Time>2026-08-29T07:08:10.055Z</Time><Position><LatitudeDegrees>52.33522833</LatitudeDegrees><LongitudeDegrees>13.00048</LongitudeDegrees></Position><AltitudeMeters>45.873</AltitudeMeters><DistanceMeters>883.0</DistanceMeters><HeartRateBpm><Value>176</Value></HeartRateBpm><Cadence>81</Cadence><SensorState>Present</SensorState><Extensions><TPX xmlns="http://www.garmin.com/xmlschemas/ActivityExtension/v2"><Watts>328</Watts></TPX></Extensions></Trackpoint><Trackpoint xmlns="http://www.garmin.com/xmlschemas/TrainingCenterDatabase/v2"><Time>2026-08-29T07:08:11.055Z</Time><Position><LatitudeDegrees>52.33521167</LatitudeDegrees><LongitudeDegrees>13.00044667</LongitudeDegrees></Position><AltitudeMeters>45.873</AltitudeMeters><DistanceMeters>886.5999755859375</DistanceMeters><HeartRateBpm><Value>176</Value></HeartRateBpm><Cadence>81</Cadence><SensorState>Present</SensorState><Extensions><TPX xmlns="http://www.garmin.com/xmlschemas/ActivityExtension/v2"><Watts>326</Watts></TPX></Extensions></Trackpoint><Trackpoint xmlns="http://www.garmin.com/xmlschemas/TrainingCenterDatabase/v2"><Time>2026-08-29T07:08:12.055Z</Time><Position><LatitudeDegrees>52.33519333</LatitudeDegrees><LongitudeDegrees>13.00041167</LongitudeDegrees></Position><AltitudeMeters>45.873</AltitudeMeters><DistanceMeters>890.5999755859375</DistanceMeters><HeartRateBpm><Value>176</Value></HeartRateBpm><Cadence>81</Cadence><SensorState>Present</SensorState><Extensions><TPX xmlns="http://www.garmin.com/xmlschemas/ActivityExtension/v2"><Watts>334</Watts></TPX></Extensions></Trackpoint><Trackpoint xmlns="http://www.garmin.com/xmlschemas/TrainingCenterDatabase/v2"><Time>2026-08-29T07:08:13.055Z</Time><Position><LatitudeDegrees>52.33517667</LatitudeDegrees><LongitudeDegrees>13.00037667</LongitudeDegrees></Position><AltitudeMeters>45.873</AltitudeMeters><DistanceMeters>894.0</DistanceMeters><HeartRateBpm><Value>176</Value></HeartRateBpm><Cadence>81</Cadence><SensorState>Present</SensorState><Extensions><TPX xmlns="http://www.garmin.com/xmlschemas/ActivityExtension/v2"><Watts>344</Watts></TPX></Extensions></Trackpoint><Trackpoint xmlns="http://www.garmin.com/xmlschemas/TrainingCenterDatabase/v2"><Time>2026-08-29T07:08:14.055Z</Time><Position><LatitudeDegrees>52.33515667</LatitudeDegrees><LongitudeDegrees>13.00034</LongitudeDegrees></Position><AltitudeMeters>45.873</AltitudeMeters><DistanceMeters>896.7000122070312</DistanceMeters><HeartRateBpm><Value>176</Value></HeartRateBpm><Cadence>81</Cadence><SensorState>Present</SensorState><Extensions><TPX xmlns="http://www.garmin.com/xmlschemas/ActivityExtension/v2"><Watts>354</Watts></TPX></Extensions></Trackpoint><Trackpoint xmlns="http://www.garmin.com/xmlschemas/TrainingCenterDatabase/v2"><Time>2026-08-29T07:08:15.055Z</Time><Position><LatitudeDegrees>52.335135</LatitudeDegrees><LongitudeDegrees>13.00029833</LongitudeDegrees></Position><AltitudeMeters>45.873</AltitudeMeters><DistanceMeters>899.2999877929688</DistanceMeters><HeartRateBpm><Value>176</Value></HeartRateBpm><Cadence>81</Cadence><SensorState>Present</SensorState><Extensions><TPX xmlns="http://www.garmin.com/xmlschemas/ActivityExtension/v2"><Watts>362</Watts></TPX></Extensions></Trackpoint><Trackpoint xmlns="http://www.garmin.com/xmlschemas/TrainingCenterDatabase/v2"><Time>2026-08-29T07:08:16.055Z</Time><Position><LatitudeDegrees>52.33511833</LatitudeDegrees><LongitudeDegrees>13.000265</LongitudeDegrees></Position><AltitudeMeters>45.873</AltitudeMeters><DistanceMeters>902.7000122070312</DistanceMeters><HeartRateBpm><Value>176</Value></HeartRateBpm><Cadence>81</Cadence><SensorState>Present</SensorState><Extensions><TPX xmlns="http://www.garmin.com/xmlschemas/ActivityExtension/v2"><Watts>372</Watts></TPX></Extensions></Trackpoint><Trackpoint xmlns="http://www.garmin.com/xmlschemas/TrainingCenterDatabase/v2"><Time>2026-08-29T07:08:17.055Z</Time><Position><LatitudeDegrees>52.33509833</LatitudeDegrees><LongitudeDegrees>13.000225</LongitudeDegrees></Position><AltitudeMeters>45.873</AltitudeMeters><DistanceMeters>905.7000122070312</DistanceMeters><HeartRateBpm><Value>176</Value></HeartRateBpm><Cadence>81</Cadence><SensorState>Present</SensorState><Extensions><TPX xmlns="http://www.garmin.com/xmlschemas/ActivityExtension/v2"><Watts>386</Watts></TPX></Extensions></Trackpoint><Trackpoint xmlns="http://www.garmin.com/xmlschemas/TrainingCenterDatabase/v2"><Time>2026-08-29T07:08:18.055Z</Time><Position><LatitudeDegrees>52.335075</LatitudeDegrees><LongitudeDegrees>13.00019</LongitudeDegrees></Position><AltitudeMeters>45.873</AltitudeMeters><DistanceMeters>909.2000122070312</DistanceMeters><HeartRateBpm><Value>177</Value></HeartRateBpm><Cadence>81</Cadence><SensorState>Present</SensorState><Extensions><TPX xmlns="http://www.garmin.com/xmlschemas/ActivityExtension/v2"><Watts>398</Watts></TPX></Extensions></Trackpoint><Trackpoint xmlns="http://www.garmin.com/xmlschemas/TrainingCenterDatabase/v2"><Time>2026-08-29T07:08:19.055Z</Time><Position><LatitudeDegrees>52.33505167</LatitudeDegrees><LongitudeDegrees>13.000155</LongitudeDegrees></Position><AltitudeMeters>45.873</AltitudeMeters><DistanceMeters>912.7999877929688</DistanceMeters><HeartRateBpm><Value>177</Value></HeartRateBpm><Cadence>80</Cadence><SensorState>Present</SensorState><Extensions><TPX xmlns="http://www.garmin.com/xmlschemas/ActivityExtension/v2"><Watts>408</Watts></TPX></Extensions></Trackpoint><Trackpoint xmlns="http://www.garmin.com/xmlschemas/TrainingCenterDatabase/v2"><Time>2026-08-29T07:08:20.055Z</Time><Position><LatitudeDegrees>52.33502667</LatitudeDegrees><LongitudeDegrees>13.00012</LongitudeDegrees></Position><AltitudeMeters>45.873</AltitudeMeters><DistanceMeters>916.5999755859375</DistanceMeters><HeartRateBpm><Value>177</Value></HeartRateBpm><Cadence>81</Cadence><SensorState>Present</SensorState><Extensions><TPX xmlns="http://www.garmin.com/xmlschemas/ActivityExtension/v2"><Watts>414</Watts></TPX></Extensions></Trackpoint><Trackpoint xmlns="http://www.garmin.com/xmlschemas/TrainingCenterDatabase/v2"><Time>2026-08-29T07:08:21.055Z</Time><Position><LatitudeDegrees>52.33501333</LatitudeDegrees><LongitudeDegrees>13.00009333</LongitudeDegrees></Position><AltitudeMeters>45.873</AltitudeMeters><DistanceMeters>920.2000122070312</DistanceMeters><HeartRateBpm><Value>177</Value></HeartRateBpm><Cadence>81</Cadence><SensorState>Present</SensorState><Extensions><TPX xmlns="http://www.garmin.com/xmlschemas/ActivityExtension/v2"><Watts>420</Watts></TPX></Extensions></Trackpoint><Trackpoint xmlns="http://www.garmin.com/xmlschemas/TrainingCenterDatabase/v2"><Time>2026-08-29T07:08:22.055Z</Time><Position><LatitudeDegrees>52.334995</LatitudeDegrees><LongitudeDegrees>13.00005667</LongitudeDegrees></Position><AltitudeMeters>45.873</AltitudeMeters><DistanceMeters>924.0</DistanceMeters><HeartRateBpm><Value>177</Value></HeartRateBpm><Cadence>81</Cadence><SensorState>Present</SensorState><Extensions><TPX xmlns="http://www.garmin.com/xmlschemas/ActivityExtension/v2"><Watts>424</Watts></TPX></Extensions></Trackpoint><Trackpoint xmlns="http://www.garmin.com/xmlschemas/TrainingCenterDatabase/v2"><Time>2026-08-29T07:08:23.055Z</Time><Position><LatitudeDegrees>52.33497667</LatitudeDegrees><LongitudeDegrees>13.00002167</LongitudeDegrees></Position><AltitudeMeters>45.873</AltitudeMeters><DistanceMeters>926.9000244140625</DistanceMeters><HeartRateBpm><Value>177</Value></HeartRateBpm><Cadence>81</Cadence><SensorState>Present</SensorState><Extensions><TPX xmlns="http://www.garmin.com/xmlschemas/ActivityExtension/v2"><Watts>426</Watts></TPX></Extensions></Trackpoint><Trackpoint xmlns="http://www.garmin.com/xmlschemas/TrainingCenterDatabase/v2"><Time>2026-08-29T07:08:24.055Z</Time><Position><LatitudeDegrees>52.33495667</LatitudeDegrees><LongitudeDegrees>12.99998667</LongitudeDegrees></Position><AltitudeMeters>45.873</AltitudeMeters><DistanceMeters>930.5</DistanceMeters><HeartRateBpm><Value>177</Value></HeartRateBpm><Cadence>81</Cadence><SensorState>Present</SensorState><Extensions><TPX xmlns="http://www.garmin.com/xmlschemas/ActivityExtension/v2"><Watts>428</Watts></TPX></Extensions></Trackpoint><Trackpoint xmlns="http://www.garmin.com/xmlschemas/TrainingCenterDatabase/v2"><Time>2026-08-29T07:08:25.055Z</Time><Position><LatitudeDegrees>52.33494</LatitudeDegrees><LongitudeDegrees>12.99995833</LongitudeDegrees></Position><AltitudeMeters>45.873</AltitudeMeters><DistanceMeters>933.7000122070312</DistanceMeters><HeartRateBpm><Value>177</Value></HeartRateBpm><Cadence>81</Cadence><SensorState>Present</SensorState><Extensions><TPX xmlns="http://www.garmin.com/xmlschemas/ActivityExtension/v2"><Watts>418</Watts></TPX></Extensions></Trackpoint><Trackpoint xmlns="http://www.garmin.com/xmlschemas/TrainingCenterDatabase/v2"><Time>2026-08-29T07:08:26.055Z</Time><Position><LatitudeDegrees>52.33491833</LatitudeDegrees><LongitudeDegrees>12.999915</LongitudeDegrees></Position><AltitudeMeters>45.873</AltitudeMeters><DistanceMeters>936.4000244140625</DistanceMeters><HeartRateBpm><Value>177</Value></HeartRateBpm><Cadence>81</Cadence><SensorState>Present</SensorState><Extensions><TPX xmlns="http://www.garmin.com/xmlschemas/ActivityExtension/v2"><Watts>408</Watts></TPX></Extensions></Trackpoint><Trackpoint xmlns="http://www.garmin.com/xmlschemas/TrainingCenterDatabase/v2"><Time>2026-08-29T07:08:27.055Z</Time><Position><LatitudeDegrees>52.33489833</LatitudeDegrees><LongitudeDegrees>12.99987167</LongitudeDegrees></Position><AltitudeMeters>45.873</AltitudeMeters><DistanceMeters>939.5</DistanceMeters><HeartRateBpm><Value>177</Value></HeartRateBpm><Cadence>81</Cadence><SensorState>Present</SensorState><Extensions><TPX xmlns="http://www.garmin.com/xmlschemas/ActivityExtension/v2"><Watts>410</Watts></TPX></Extensions></Trackpoint><Trackpoint xmlns="http://www.garmin.com/xmlschemas/TrainingCenterDatabase/v2"><Time>2026-08-29T07:08:28.055Z</Time><Position><LatitudeDegrees>52.33487667</LatitudeDegrees><LongitudeDegrees>12.99982833</LongitudeDegrees></Position><AltitudeMeters>45.873</AltitudeMeters><DistanceMeters>942.9000244140625</DistanceMeters><HeartRateBpm><Value>178</Value></HeartRateBpm><Cadence>81</Cadence><SensorState>Present</SensorState><Extensions><TPX xmlns="http://www.garmin.com/xmlschemas/ActivityExtension/v2"><Watts>416</Watts></TPX></Extensions></Trackpoint><Trackpoint xmlns="http://www.garmin.com/xmlschemas/TrainingCenterDatabase/v2"><Time>2026-08-29T07:08:29.055Z</Time><Position><LatitudeDegrees>52.334855</LatitudeDegrees><LongitudeDegrees>12.99978167</LongitudeDegrees></Position><AltitudeMeters>45.873</AltitudeMeters><DistanceMeters>946.2999877929688</DistanceMeters><HeartRateBpm><Value>178</Value></HeartRateBpm><Cadence>80</Cadence><SensorState>Present</SensorState><Extensions><TPX xmlns="http://www.garmin.com/xmlschemas/ActivityExtension/v2"><Watts>422</Watts></TPX></Extensions></Trackpoint><Trackpoint xmlns="http://www.garmin.com/xmlschemas/TrainingCenterDatabase/v2"><Time>2026-08-29T07:08:30.055Z</Time><Position><LatitudeDegrees>52.33483167</LatitudeDegrees><LongitudeDegrees>12.99973</LongitudeDegrees></Position><AltitudeMeters>45.873</AltitudeMeters><DistanceMeters>949.7999877929688</DistanceMeters><HeartRateBpm><Value>178</Value></HeartRateBpm><Cadence>81</Cadence><SensorState>Present</SensorState><Extensions><TPX xmlns="http://www.garmin.com/xmlschemas/ActivityExtension/v2"><Watts>422</Watts></TPX></Extensions></Trackpoint><Trackpoint xmlns="http://www.garmin.com/xmlschemas/TrainingCenterDatabase/v2"><Time>2026-08-29T07:08:31.055Z</Time><Position><LatitudeDegrees>52.33480833</LatitudeDegrees><LongitudeDegrees>12.999685</LongitudeDegrees></Position><AltitudeMeters>45.873</AltitudeMeters><DistanceMeters>953.5999755859375</DistanceMeters><HeartRateBpm><Value>178</Value></HeartRateBpm><Cadence>81</Cadence><SensorState>Present</SensorState><Extensions><TPX xmlns="http://www.garmin.com/xmlschemas/ActivityExtension/v2"><Watts>418</Watts></TPX></Extensions></Trackpoint><Trackpoint xmlns="http://www.garmin.com/xmlschemas/TrainingCenterDatabase/v2"><Time>2026-08-29T07:08:32.055Z</Time><Position><LatitudeDegrees>52.334785</LatitudeDegrees><LongitudeDegrees>12.999645</LongitudeDegrees></Position><AltitudeMeters>45.873</AltitudeMeters><DistanceMeters>958.2000122070312</DistanceMeters><HeartRateBpm><Value>178</Value></HeartRateBpm><Cadence>81</Cadence><SensorState>Present</SensorState><Extensions><TPX xmlns="http://www.garmin.com/xmlschemas/ActivityExtension/v2"><Watts>422</Watts></TPX></Extensions></Trackpoint><Trackpoint xmlns="http://www.garmin.com/xmlschemas/TrainingCenterDatabase/v2"><Time>2026-08-29T07:08:33.055Z</Time><Position><LatitudeDegrees>52.33476833</LatitudeDegrees><LongitudeDegrees>12.99961167</LongitudeDegrees></Position><AltitudeMeters>45.873</AltitudeMeters><DistanceMeters>962.5</DistanceMeters><HeartRateBpm><Value>178</Value></HeartRateBpm><Cadence>81</Cadence><SensorState>Present</SensorState><Extensions><TPX xmlns="http://www.garmin.com/xmlschemas/ActivityExtension/v2"><Watts>430</Watts></TPX></Extensions></Trackpoint><Trackpoint xmlns="http://www.garmin.com/xmlschemas/TrainingCenterDatabase/v2"><Time>2026-08-29T07:08:34.055Z</Time><Position><LatitudeDegrees>52.33474667</LatitudeDegrees><LongitudeDegrees>12.99956167</LongitudeDegrees></Position><AltitudeMeters>45.873</AltitudeMeters><DistanceMeters>966.5999755859375</DistanceMeters><HeartRateBpm><Value>178</Value></HeartRateBpm><Cadence>81</Cadence><SensorState>Present</SensorState><Extensions><TPX xmlns="http://www.garmin.com/xmlschemas/ActivityExtension/v2"><Watts>426</Watts></TPX></Extensions></Trackpoint><Trackpoint xmlns="http://www.garmin.com/xmlschemas/TrainingCenterDatabase/v2"><Time>2026-08-29T07:08:35.055Z</Time><Position><LatitudeDegrees>52.33473167</LatitudeDegrees><LongitudeDegrees>12.999525</LongitudeDegrees></Position><AltitudeMeters>45.873</AltitudeMeters><DistanceMeters>970.2000122070312</DistanceMeters><HeartRateBpm><Value>178</Value></HeartRateBpm><Cadence>81</Cadence><SensorState>Present</SensorState><Extensions><TPX xmlns="http://www.garmin.com/xmlschemas/ActivityExtension/v2"><Watts>412</Watts></TPX></Extensions></Trackpoint><Trackpoint xmlns="http://www.garmin.com/xmlschemas/TrainingCenterDatabase/v2"><Time>2026-08-29T07:08:36.055Z</Time><Position><LatitudeDegrees>52.33471667</LatitudeDegrees><LongitudeDegrees>12.99949167</LongitudeDegrees></Position><AltitudeMeters>45.873</AltitudeMeters><DistanceMeters>974.7000122070312</DistanceMeters><HeartRateBpm><Value>178</Value></HeartRateBpm><Cadence>81</Cadence><SensorState>Present</SensorState><Extensions><TPX xmlns="http://www.garmin.com/xmlschemas/ActivityExtension/v2"><Watts>400</Watts></TPX></Extensions></Trackpoint><Trackpoint xmlns="http://www.garmin.com/xmlschemas/TrainingCenterDatabase/v2"><Time>2026-08-29T07:08:37.055Z</Time><Position><LatitudeDegrees>52.33470167</LatitudeDegrees><LongitudeDegrees>12.99946333</LongitudeDegrees></Position><AltitudeMeters>45.873</AltitudeMeters><DistanceMeters>978.0</DistanceMeters><HeartRateBpm><Value>178</Value></HeartRateBpm><Cadence>81</Cadence><SensorState>Present</SensorState><Extensions><TPX xmlns="http://www.garmin.com/xmlschemas/ActivityExtension/v2"><Watts>394</Watts></TPX></Extensions></Trackpoint><Trackpoint xmlns="http://www.garmin.com/xmlschemas/TrainingCenterDatabase/v2"><Time>2026-08-29T07:08:38.055Z</Time><Position><LatitudeDegrees>52.33468667</LatitudeDegrees><LongitudeDegrees>12.999435</LongitudeDegrees></Position><AltitudeMeters>45.873</AltitudeMeters><DistanceMeters>981.0999755859375</DistanceMeters><HeartRateBpm><Value>178</Value></HeartRateBpm><Cadence>81</Cadence><SensorState>Present</SensorState><Extensions><TPX xmlns="http://www.garmin.com/xmlschemas/ActivityExtension/v2"><Watts>382</Watts></TPX></Extensions></Trackpoint><Trackpoint xmlns="http://www.garmin.com/xmlschemas/TrainingCenterDatabase/v2"><Time>2026-08-29T07:08:39.055Z</Time><Position><LatitudeDegrees>52.33467</LatitudeDegrees><LongitudeDegrees>12.99939833</LongitudeDegrees></Position><AltitudeMeters>45.873</AltitudeMeters><DistanceMeters>983.7000122070312</DistanceMeters><HeartRateBpm><Value>179</Value></HeartRateBpm><Cadence>81</Cadence><SensorState>Present</SensorState><Extensions><TPX xmlns="http://www.garmin.com/xmlschemas/ActivityExtension/v2"><Watts>368</Watts></TPX></Extensions></Trackpoint><Trackpoint xmlns="http://www.garmin.com/xmlschemas/TrainingCenterDatabase/v2"><Time>2026-08-29T07:08:40.055Z</Time><Position><LatitudeDegrees>52.33465833</LatitudeDegrees><LongitudeDegrees>12.99936667</LongitudeDegrees></Position><AltitudeMeters>45.873</AltitudeMeters><DistanceMeters>986.0999755859375</DistanceMeters><HeartRateBpm><Value>179</Value></HeartRateBpm><Cadence>81</Cadence><SensorState>Present</SensorState><Extensions><TPX xmlns="http://www.garmin.com/xmlschemas/ActivityExtension/v2"><Watts>354</Watts></TPX></Extensions></Trackpoint><Trackpoint xmlns="http://www.garmin.com/xmlschemas/TrainingCenterDatabase/v2"><Time>2026-08-29T07:08:41.055Z</Time><Position><LatitudeDegrees>52.33464667</LatitudeDegrees><LongitudeDegrees>12.99933167</LongitudeDegrees></Position><AltitudeMeters>45.873</AltitudeMeters><DistanceMeters>988.4000244140625</DistanceMeters><HeartRateBpm><Value>179</Value></HeartRateBpm><Cadence>81</Cadence><SensorState>Present</SensorState><Extensions><TPX xmlns="http://www.garmin.com/xmlschemas/ActivityExtension/v2"><Watts>342</Watts></TPX></Extensions></Trackpoint><Trackpoint xmlns="http://www.garmin.com/xmlschemas/TrainingCenterDatabase/v2"><Time>2026-08-29T07:08:42.055Z</Time><Position><LatitudeDegrees>52.33463333</LatitudeDegrees><LongitudeDegrees>12.999295</LongitudeDegrees></Position><AltitudeMeters>45.873</AltitudeMeters><DistanceMeters>990.5999755859375</DistanceMeters><HeartRateBpm><Value>179</Value></HeartRateBpm><Cadence>81</Cadence><SensorState>Present</SensorState><Extensions><TPX xmlns="http://www.garmin.com/xmlschemas/ActivityExtension/v2"><Watts>344</Watts></TPX></Extensions></Trackpoint><Trackpoint xmlns="http://www.garmin.com/xmlschemas/TrainingCenterDatabase/v2"><Time>2026-08-29T07:08:43.055Z</Time><Position><LatitudeDegrees>52.33462167</LatitudeDegrees><LongitudeDegrees>12.99926333</LongitudeDegrees></Position><AltitudeMeters>45.873</AltitudeMeters><DistanceMeters>992.9000244140625</DistanceMeters><HeartRateBpm><Value>179</Value></HeartRateBpm><Cadence>81</Cadence><SensorState>Present</SensorState><Extensions><TPX xmlns="http://www.garmin.com/xmlschemas/ActivityExtension/v2"><Watts>338</Watts></TPX></Extensions></Trackpoint><Trackpoint xmlns="http://www.garmin.com/xmlschemas/TrainingCenterDatabase/v2"><Time>2026-08-29T07:08:44.055Z</Time><Position><LatitudeDegrees>52.33460667</LatitudeDegrees><LongitudeDegrees>12.99922167</LongitudeDegrees></Position><AltitudeMeters>45.873</AltitudeMeters><DistanceMeters>995.5999755859375</DistanceMeters><HeartRateBpm><Value>179</Value></HeartRateBpm><Cadence>81</Cadence><SensorState>Present</SensorState><Extensions><TPX xmlns="http://www.garmin.com/xmlschemas/ActivityExtension/v2"><Watts>330</Watts></TPX></Extensions></Trackpoint><Trackpoint xmlns="http://www.garmin.com/xmlschemas/TrainingCenterDatabase/v2"><Time>2026-08-29T07:08:45.055Z</Time><Position><LatitudeDegrees>52.33458</LatitudeDegrees><LongitudeDegrees>12.99915333</LongitudeDegrees></Position><AltitudeMeters>45.873</AltitudeMeters><DistanceMeters>997.5</DistanceMeters><HeartRateBpm><Value>179</Value></HeartRateBpm><Cadence>81</Cadence><SensorState>Present</SensorState><Extensions><TPX xmlns="http://www.garmin.com/xmlschemas/ActivityExtension/v2"><Watts>334</Watts></TPX></Extensions></Trackpoint><Trackpoint xmlns="http://www.garmin.com/xmlschemas/TrainingCenterDatabase/v2"><Time>2026-08-29T07:08:46.055Z</Time><Position><LatitudeDegrees>52.33455833</LatitudeDegrees><LongitudeDegrees>12.99909</LongitudeDegrees></Position><AltitudeMeters>45.873</AltitudeMeters><DistanceMeters>1000.5999755859375</DistanceMeters><HeartRateBpm><Value>179</Value></HeartRateBpm><Cadence>81</Cadence><SensorState>Present</SensorState><Extensions><TPX xmlns="http://www.garmin.com/xmlschemas/ActivityExtension/v2"><Watts>346</Watts></TPX></Extensions></Trackpoint><Trackpoint xmlns="http://www.garmin.com/xmlschemas/TrainingCenterDatabase/v2"><Time>2026-08-29T07:08:47.055Z</Time><Position><LatitudeDegrees>52.33454333</LatitudeDegrees><LongitudeDegrees>12.99903333</LongitudeDegrees></Position><AltitudeMeters>45.873</AltitudeMeters><DistanceMeters>1005.2000122070312</DistanceMeters><HeartRateBpm><Value>179</Value></HeartRateBpm><Cadence>81</Cadence><SensorState>Present</SensorState><Extensions><TPX xmlns="http://www.garmin.com/xmlschemas/ActivityExtension/v2"><Watts>364</Watts></TPX></Extensions></Trackpoint><Trackpoint xmlns="http://www.garmin.com/xmlschemas/TrainingCenterDatabase/v2"><Time>2026-08-29T07:08:48.055Z</Time><Position><LatitudeDegrees>52.33453333</LatitudeDegrees><LongitudeDegrees>12.99898</LongitudeDegrees></Position><AltitudeMeters>45.873</AltitudeMeters><DistanceMeters>1010.0999755859375</DistanceMeters><HeartRateBpm><Value>179</Value></HeartRateBpm><Cadence>81</Cadence><SensorState>Present</SensorState><Extensions><TPX xmlns="http://www.garmin.com/xmlschemas/ActivityExtension/v2"><Watts>384</Watts></TPX></Extensions></Trackpoint></Track><Extensions xmlns="http://www.garmin.com/xmlschemas/TrainingCenterDatabase/v2"><LX xmlns="http://www.garmin.com/xmlschemas/ActivityExtension/v2"><AvgSpeed>3.222656514909532</AvgSpeed><AvgWatts>387</AvgWatts><MaxWatts>555</MaxWatts></LX></Extensions></Lap><Lap xmlns="http://www.garmin.com/xmlschemas/TrainingCenterDatabase/v2" StartTime="2026-08-29T07:08:49.055Z"><TotalTimeSeconds>314.0</TotalTimeSeconds><DistanceMeters>1000.0</DistanceMeters><MaximumSpeed>4.081202348073323</MaximumSpeed><Calories>0</Calories><AverageHeartRateBpm><Value>183</Value></AverageHeartRateBpm><MaximumHeartRateBpm><Value>190</Value></MaximumHeartRateBpm><Intensity>Active</Intensity><Cadence>81</Cadence><TriggerMethod>Distance</TriggerMethod><Track><Trackpoint><Time>2026-08-29T07:08:49.055Z</Time><Position><LatitudeDegrees>52.334525</LatitudeDegrees><LongitudeDegrees>12.99893</LongitudeDegrees></Position><AltitudeMeters>45.873</AltitudeMeters><DistanceMeters>1014.7000122070312</DistanceMeters><HeartRateBpm><Value>179</Value></HeartRateBpm><Cadence>81</Cadence><SensorState>Present</SensorState><Extensions><TPX xmlns="http://www.garmin.com/xmlschemas/ActivityExtension/v2"><Watts>400</Watts></TPX></Extensions></Trackpoint><Trackpoint xmlns="http://www.garmin.com/xmlschemas/TrainingCenterDatabase/v2"><Time>2026-08-29T07:08:50.055Z</Time><Position><LatitudeDegrees>52.33451667</LatitudeDegrees><LongitudeDegrees>12.998885</LongitudeDegrees></Position><AltitudeMeters>45.873</AltitudeMeters><DistanceMeters>1019.0</DistanceMeters><HeartRateBpm><Value>178</Value></HeartRateBpm><Cadence>80</Cadence><SensorState>Present</SensorState><Extensions><TPX xmlns="http://www.garmin.com/xmlschemas/ActivityExtension/v2"><Watts>406</Watts></TPX></Extensions></Trackpoint><Trackpoint xmlns="http://www.garmin.com/xmlschemas/TrainingCenterDatabase/v2"><Time>2026-08-29T07:08:51.055Z</Time><Position><LatitudeDegrees>52.33450833</LatitudeDegrees><LongitudeDegrees>12.99885333</LongitudeDegrees></Position><AltitudeMeters>45.873</AltitudeMeters><DistanceMeters>1023.5999755859375</DistanceMeters><HeartRateBpm><Value>178</Value></HeartRateBpm><Cadence>80</Cadence><SensorState>Present</SensorState><Extensions><TPX xmlns="http://www.garmin.com/xmlschemas/ActivityExtension/v2"><Watts>406</Watts></TPX></Extensions></Trackpoint><Trackpoint xmlns="http://www.garmin.com/xmlschemas/TrainingCenterDatabase/v2"><Time>2026-08-29T07:08:52.055Z</Time><Position><LatitudeDegrees>52.33449333</LatitudeDegrees><LongitudeDegrees>12.99881333</LongitudeDegrees></Position><AltitudeMeters>45.873</AltitudeMeters><DistanceMeters>1027.800048828125</DistanceMeters><HeartRateBpm><Value>178</Value></HeartRateBpm><Cadence>80</Cadence><SensorState>Present</SensorState><Extensions><TPX xmlns="http://www.garmin.com/xmlschemas/ActivityExtension/v2"><Watts>406</Watts></TPX></Extensions></Trackpoint><Trackpoint xmlns="http://www.garmin.com/xmlschemas/TrainingCenterDatabase/v2"><Time>2026-08-29T07:08:53.055Z</Time><Position><LatitudeDegrees>52.33447167</LatitudeDegrees><LongitudeDegrees>12.99878</LongitudeDegrees></Position><AltitudeMeters>45.873</AltitudeMeters><DistanceMeters>1031.300048828125</DistanceMeters><HeartRateBpm><Value>178</Value></HeartRateBpm><Cadence>81</Cadence><SensorState>Present</SensorState><Extensions><TPX xmlns="http://www.garmin.com/xmlschemas/ActivityExtension/v2"><Watts>404</Watts></TPX></Extensions></Trackpoint><Trackpoint xmlns="http://www.garmin.com/xmlschemas/TrainingCenterDatabase/v2"><Time>2026-08-29T07:08:54.055Z</Time><Position><LatitudeDegrees>52.33444667</LatitudeDegrees><LongitudeDegrees>12.99875167</LongitudeDegrees></Position><AltitudeMeters>45.873</AltitudeMeters><DistanceMeters>1035.0999755859375</DistanceMeters><HeartRateBpm><Value>178</Value></HeartRateBpm><Cadence>81</Cadence><SensorState>Present</SensorState><Extensions><TPX xmlns="http://www.garmin.com/xmlschemas/ActivityExtension/v2"><Watts>396</Watts></TPX></Extensions></Trackpoint><Trackpoint xmlns="http://www.garmin.com/xmlschemas/TrainingCenterDatabase/v2"><Time>2026-08-29T07:08:55.055Z</Time><Position><LatitudeDegrees>52.33442167</LatitudeDegrees><LongitudeDegrees>12.998725</LongitudeDegrees></Position><AltitudeMeters>45.873</AltitudeMeters><DistanceMeters>1038.5</DistanceMeters><HeartRateBpm><Value>178</Value></HeartRateBpm><Cadence>81</Cadence><SensorState>Present</SensorState><Extensions><TPX xmlns="http://www.garmin.com/xmlschemas/ActivityExtension/v2"><Watts>386</Watts></TPX></Extensions></Trackpoint><Trackpoint xmlns="http://www.garmin.com/xmlschemas/TrainingCenterDatabase/v2"><Time>2026-08-29T07:08:56.055Z</Time><Position><LatitudeDegrees>52.33439667</LatitudeDegrees><LongitudeDegrees>12.99870333</LongitudeDegrees></Position><AltitudeMeters>45.873</AltitudeMeters><DistanceMeters>1040.4000244140625</DistanceMeters><HeartRateBpm><Value>177</Value></HeartRateBpm><Cadence>81</Cadence><SensorState>Present</SensorState><Extensions><TPX xmlns="http://www.garmin.com/xmlschemas/ActivityExtension/v2"><Watts>376</Watts></TPX></Extensions></Trackpoint><Trackpoint xmlns="http://www.garmin.com/xmlschemas/TrainingCenterDatabase/v2"><Time>2026-08-29T07:08:57.055Z</Time><Position><LatitudeDegrees>52.33437667</LatitudeDegrees><LongitudeDegrees>12.99868333</LongitudeDegrees></Position><AltitudeMeters>45.873</AltitudeMeters><DistanceMeters>1042.800048828125</DistanceMeters><HeartRateBpm><Value>177</Value></HeartRateBpm><Cadence>81</Cadence><SensorState>Present</SensorState><Extensions><TPX xmlns="http://www.garmin.com/xmlschemas/ActivityExtension/v2"><Watts>372</Watts></TPX></Extensions></Trackpoint><Trackpoint xmlns="http://www.garmin.com/xmlschemas/TrainingCenterDatabase/v2"><Time>2026-08-29T07:08:58.055Z</Time><Position><LatitudeDegrees>52.334355</LatitudeDegrees><LongitudeDegrees>12.99866667</LongitudeDegrees></Position><AltitudeMeters>45.873</AltitudeMeters><DistanceMeters>1045.4000244140625</DistanceMeters><HeartRateBpm><Value>177</Value></HeartRateBpm><Cadence>81</Cadence><SensorState>Present</SensorState><Extensions><TPX xmlns="http://www.garmin.com/xmlschemas/ActivityExtension/v2"><Watts>364</Watts></TPX></Extensions></Trackpoint><Trackpoint xmlns="http://www.garmin.com/xmlschemas/TrainingCenterDatabase/v2"><Time>2026-08-29T07:08:59.055Z</Time><Position><LatitudeDegrees>52.334335</LatitudeDegrees><LongitudeDegrees>12.99865333</LongitudeDegrees></Position><AltitudeMeters>45.873</AltitudeMeters><DistanceMeters>1047.5</DistanceMeters><HeartRateBpm><Value>177</Value></HeartRateBpm><Cadence>81</Cadence><SensorState>Present</SensorState><Extensions><TPX xmlns="http://www.garmin.com/xmlschemas/ActivityExtension/v2"><Watts>350</Watts></TPX></Extensions></Trackpoint><Trackpoint xmlns="http://www.garmin.com/xmlschemas/TrainingCenterDatabase/v2"><Time>2026-08-29T07:09:00.055Z</Time><Position><LatitudeDegrees>52.33430667</LatitudeDegrees><LongitudeDegrees>12.99862833</LongitudeDegrees></Position><AltitudeMeters>45.873</AltitudeMeters><DistanceMeters>1049.9000244140625</DistanceMeters><HeartRateBpm><Value>177</Value></HeartRateBpm><Cadence>81</Cadence><SensorState>Present</SensorState><Extensions><TPX xmlns="http://www.garmin.com/xmlschemas/ActivityExtension/v2"><Watts>338</Watts></TPX></Extensions></Trackpoint><Trackpoint xmlns="http://www.garmin.com/xmlschemas/TrainingCenterDatabase/v2"><Time>2026-08-29T07:09:01.055Z</Time><Position><LatitudeDegrees>52.33428167</LatitudeDegrees><LongitudeDegrees>12.99860667</LongitudeDegrees></Position><AltitudeMeters>45.873</AltitudeMeters><DistanceMeters>1052.4000244140625</DistanceMeters><HeartRateBpm><Value>177</Value></HeartRateBpm><Cadence>81</Cadence><SensorState>Present</SensorState><Extensions><TPX xmlns="http://www.garmin.com/xmlschemas/ActivityExtension/v2"><Watts>330</Watts></TPX></Extensions></Trackpoint><Trackpoint xmlns="http://www.garmin.com/xmlschemas/TrainingCenterDatabase/v2"><Time>2026-08-29T07:09:02.055Z</Time><Position><LatitudeDegrees>52.33426</LatitudeDegrees><LongitudeDegrees>12.998585</LongitudeDegrees></Position><AltitudeMeters>45.873</AltitudeMeters><DistanceMeters>1055.9000244140625</DistanceMeters><HeartRateBpm><Value>177</Value></HeartRateBpm><Cadence>81</Cadence><SensorState>Present</SensorState><Extensions><TPX xmlns="http://www.garmin.com/xmlschemas/ActivityExtension/v2"><Watts>324</Watts></TPX></Extensions></Trackpoint><Trackpoint xmlns="http://www.garmin.com/xmlschemas/TrainingCenterDatabase/v2"><Time>2026-08-29T07:09:03.055Z</Time><Position><LatitudeDegrees>52.33424</LatitudeDegrees><LongitudeDegrees>12.99857333</LongitudeDegrees></Position><AltitudeMeters>45.873</AltitudeMeters><DistanceMeters>1059.0999755859375</DistanceMeters><HeartRateBpm><Value>177</Value></HeartRateBpm><Cadence>80</Cadence><SensorState>Present</SensorState><Extensions><TPX xmlns="http://www.garmin.com/xmlschemas/ActivityExtension/v2"><Watts>318</Watts></TPX></Extensions></Trackpoint><Trackpoint xmlns="http://www.garmin.com/xmlschemas/TrainingCenterDatabase/v2"><Time>2026-08-29T07:09:04.055Z</Time><Position><LatitudeDegrees>52.33421667</LatitudeDegrees><LongitudeDegrees>12.99856833</LongitudeDegrees></Position><AltitudeMeters>46.787</AltitudeMeters><DistanceMeters>1061.699951171875</DistanceMeters><HeartRateBpm><Value>177</Value></HeartRateBpm><Cadence>80</Cadence><SensorState>Present</SensorState><Extensions><TPX xmlns="http://www.garmin.com/xmlschemas/ActivityExtension/v2"><Watts>316</Watts></TPX></Extensions></Trackpoint><Trackpoint xmlns="http://www.garmin.com/xmlschemas/TrainingCenterDatabase/v2"><Time>2026-08-29T07:09:05.055Z</Time><Position><LatitudeDegrees>52.33418833</LatitudeDegrees><LongitudeDegrees>12.99856667</LongitudeDegrees></Position><AltitudeMeters>46.787</AltitudeMeters><DistanceMeters>1064.0999755859375</DistanceMeters><HeartRateBpm><Value>177</Value></HeartRateBpm><Cadence>81</Cadence><SensorState>Present</SensorState><Extensions><TPX xmlns="http://www.garmin.com/xmlschemas/ActivityExtension/v2"><Watts>314</Watts></TPX></Extensions></Trackpoint><Trackpoint xmlns="http://www.garmin.com/xmlschemas/TrainingCenterDatabase/v2"><Time>2026-08-29T07:09:06.055Z</Time><Position><LatitudeDegrees>52.33415833</LatitudeDegrees><LongitudeDegrees>12.99856667</LongitudeDegrees></Position><AltitudeMeters>46.787</AltitudeMeters><DistanceMeters>1066.5</DistanceMeters><HeartRateBpm><Value>177</Value></HeartRateBpm><Cadence>81</Cadence><SensorState>Present</SensorState><Extensions><TPX xmlns="http://www.garmin.com/xmlschemas/ActivityExtension/v2"><Watts>314</Watts></TPX></Extensions></Trackpoint><Trackpoint xmlns="http://www.garmin.com/xmlschemas/TrainingCenterDatabase/v2"><Time>2026-08-29T07:09:07.055Z</Time><Position><LatitudeDegrees>52.33412667</LatitudeDegrees><LongitudeDegrees>12.99856167</LongitudeDegrees></Position><AltitudeMeters>46.787</AltitudeMeters><DistanceMeters>1069.199951171875</DistanceMeters><HeartRateBpm><Value>178</Value></HeartRateBpm><Cadence>81</Cadence><SensorState>Present</SensorState><Extensions><TPX xmlns="http://www.garmin.com/xmlschemas/ActivityExtension/v2"><Watts>322</Watts></TPX></Extensions></Trackpoint><Trackpoint xmlns="http://www.garmin.com/xmlschemas/TrainingCenterDatabase/v2"><Time>2026-08-29T07:09:08.055Z</Time><Position><LatitudeDegrees>52.33409667</LatitudeDegrees><LongitudeDegrees>12.99855667</LongitudeDegrees></Position><AltitudeMeters>46.787</AltitudeMeters><DistanceMeters>1072.5</DistanceMeters><HeartRateBpm><Value>178</Value></HeartRateBpm><Cadence>81</Cadence><SensorState>Present</SensorState><Extensions><TPX xmlns="http://www.garmin.com/xmlschemas/ActivityExtension/v2"><Watts>338</Watts></TPX></Extensions></Trackpoint><Trackpoint xmlns="http://www.garmin.com/xmlschemas/TrainingCenterDatabase/v2"><Time>2026-08-29T07:09:09.055Z</Time><Position><LatitudeDegrees>52.334065</LatitudeDegrees><LongitudeDegrees>12.99854667</LongitudeDegrees></Position><AltitudeMeters>46.787</AltitudeMeters><DistanceMeters>1076.0</DistanceMeters><HeartRateBpm><Value>178</Value></HeartRateBpm><Cadence>81</Cadence><SensorState>Present</SensorState><Extensions><TPX xmlns="http://www.garmin.com/xmlschemas/ActivityExtension/v2"><Watts>348</Watts></TPX></Extensions></Trackpoint><Trackpoint xmlns="http://www.garmin.com/xmlschemas/TrainingCenterDatabase/v2"><Time>2026-08-29T07:09:10.055Z</Time><Position><LatitudeDegrees>52.334035</LatitudeDegrees><LongitudeDegrees>12.99853</LongitudeDegrees></Position><AltitudeMeters>47.854</AltitudeMeters><DistanceMeters>1079.5</DistanceMeters><HeartRateBpm><Value>179</Value></HeartRateBpm><Cadence>81</Cadence><SensorState>Present</SensorState><Extensions><TPX xmlns="http://www.garmin.com/xmlschemas/ActivityExtension/v2"><Watts>360</Watts></TPX></Extensions></Trackpoint><Trackpoint xmlns="http://www.garmin.com/xmlschemas/TrainingCenterDatabase/v2"><Time>2026-08-29T07:09:11.055Z</Time><Position><LatitudeDegrees>52.334005</LatitudeDegrees><LongitudeDegrees>12.99850667</LongitudeDegrees></Position><AltitudeMeters>47.854</AltitudeMeters><DistanceMeters>1082.5999755859375</DistanceMeters><HeartRateBpm><Value>179</Value></HeartRateBpm><Cadence>81</Cadence><SensorState>Present</SensorState><Extensions><TPX xmlns="http://www.garmin.com/xmlschemas/ActivityExtension/v2"><Watts>378</Watts></TPX></Extensions></Trackpoint><Trackpoint xmlns="http://www.garmin.com/xmlschemas/TrainingCenterDatabase/v2"><Time>2026-08-29T07:09:12.055Z</Time><Position><LatitudeDegrees>52.33397333</LatitudeDegrees><LongitudeDegrees>12.99847667</LongitudeDegrees></Position><AltitudeMeters>47.854</AltitudeMeters><DistanceMeters>1086.199951171875</DistanceMeters><HeartRateBpm><Value>179</Value></HeartRateBpm><Cadence>81</Cadence><SensorState>Present</SensorState><Extensions><TPX xmlns="http://www.garmin.com/xmlschemas/ActivityExtension/v2"><Watts>396</Watts></TPX></Extensions></Trackpoint><Trackpoint xmlns="http://www.garmin.com/xmlschemas/TrainingCenterDatabase/v2"><Time>2026-08-29T07:09:13.055Z</Time><Position><LatitudeDegrees>52.333945</LatitudeDegrees><LongitudeDegrees>12.99844667</LongitudeDegrees></Position><AltitudeMeters>47.854</AltitudeMeters><DistanceMeters>1090.199951171875</DistanceMeters><HeartRateBpm><Value>179</Value></HeartRateBpm><Cadence>81</Cadence><SensorState>Present</SensorState><Extensions><TPX xmlns="http://www.garmin.com/xmlschemas/ActivityExtension/v2"><Watts>414</Watts></TPX></Extensions></Trackpoint><Trackpoint xmlns="http://www.garmin.com/xmlschemas/TrainingCenterDatabase/v2"><Time>2026-08-29T07:09:14.055Z</Time><Position><LatitudeDegrees>52.333915</LatitudeDegrees><LongitudeDegrees>12.998415</LongitudeDegrees></Position><AltitudeMeters>48.769</AltitudeMeters><DistanceMeters>1094.5999755859375</DistanceMeters><HeartRateBpm><Value>179</Value></HeartRateBpm><Cadence>81</Cadence><SensorState>Present</SensorState><Extensions><TPX xmlns="http://www.garmin.com/xmlschemas/ActivityExtension/v2"><Watts>424</Watts></TPX></Extensions></Trackpoint><Trackpoint xmlns="http://www.garmin.com/xmlschemas/TrainingCenterDatabase/v2"><Time>2026-08-29T07:09:15.055Z</Time><Position><LatitudeDegrees>52.33389167</LatitudeDegrees><LongitudeDegrees>12.99839</LongitudeDegrees></Position><AltitudeMeters>48.769</AltitudeMeters><DistanceMeters>1098.9000244140625</DistanceMeters><HeartRateBpm><Value>179</Value></HeartRateBpm><Cadence>81</Cadence><SensorState>Present</SensorState><Extensions><TPX xmlns="http://www.garmin.com/xmlschemas/ActivityExtension/v2"><Watts>428</Watts></TPX></Extensions></Trackpoint><Trackpoint xmlns="http://www.garmin.com/xmlschemas/TrainingCenterDatabase/v2"><Time>2026-08-29T07:09:16.055Z</Time><Position><LatitudeDegrees>52.33386833</LatitudeDegrees><LongitudeDegrees>12.99836667</LongitudeDegrees></Position><AltitudeMeters>48.769</AltitudeMeters><DistanceMeters>1102.9000244140625</DistanceMeters><HeartRateBpm><Value>179</Value></HeartRateBpm><Cadence>81</Cadence><SensorState>Present</SensorState><Extensions><TPX xmlns="http://www.garmin.com/xmlschemas/ActivityExtension/v2"><Watts>430</Watts></TPX></Extensions></Trackpoint><Trackpoint xmlns="http://www.garmin.com/xmlschemas/TrainingCenterDatabase/v2"><Time>2026-08-29T07:09:17.055Z</Time><Position><LatitudeDegrees>52.33383833</LatitudeDegrees><LongitudeDegrees>12.99834167</LongitudeDegrees></Position><AltitudeMeters>48.769</AltitudeMeters><DistanceMeters>1106.4000244140625</DistanceMeters><HeartRateBpm><Value>179</Value></HeartRateBpm><Cadence>81</Cadence><SensorState>Present</SensorState><Extensions><TPX xmlns="http://www.garmin.com/xmlschemas/ActivityExtension/v2"><Watts>432</Watts></TPX></Extensions></Trackpoint><Trackpoint xmlns="http://www.garmin.com/xmlschemas/TrainingCenterDatabase/v2"><Time>2026-08-29T07:09:18.055Z</Time><Position><LatitudeDegrees>52.333815</LatitudeDegrees><LongitudeDegrees>12.998325</LongitudeDegrees></Position><AltitudeMeters>48.769</AltitudeMeters><DistanceMeters>1109.699951171875</DistanceMeters><HeartRateBpm><Value>180</Value></HeartRateBpm><Cadence>81</Cadence><SensorState>Present</SensorState><Extensions><TPX xmlns="http://www.garmin.com/xmlschemas/ActivityExtension/v2"><Watts>432</Watts></TPX></Extensions></Trackpoint><Trackpoint xmlns="http://www.garmin.com/xmlschemas/TrainingCenterDatabase/v2"><Time>2026-08-29T07:09:19.055Z</Time><Position><LatitudeDegrees>52.33379167</LatitudeDegrees><LongitudeDegrees>12.998305</LongitudeDegrees></Position><AltitudeMeters>48.769</AltitudeMeters><DistanceMeters>1113.5</DistanceMeters><HeartRateBpm><Value>180</Value></HeartRateBpm><Cadence>81</Cadence><SensorState>Present</SensorState><Extensions><TPX xmlns="http://www.garmin.com/xmlschemas/ActivityExtension/v2"><Watts>432</Watts></TPX></Extensions></Trackpoint><Trackpoint xmlns="http://www.garmin.com/xmlschemas/TrainingCenterDatabase/v2"><Time>2026-08-29T07:09:20.055Z</Time><Position><LatitudeDegrees>52.33377167</LatitudeDegrees><LongitudeDegrees>12.99828167</LongitudeDegrees></Position><AltitudeMeters>48.769</AltitudeMeters><DistanceMeters>1116.5999755859375</DistanceMeters><HeartRateBpm><Value>180</Value></HeartRateBpm><Cadence>81</Cadence><SensorState>Present</SensorState><Extensions><TPX xmlns="http://www.garmin.com/xmlschemas/ActivityExtension/v2"><Watts>432</Watts></TPX></Extensions></Trackpoint><Trackpoint xmlns="http://www.garmin.com/xmlschemas/TrainingCenterDatabase/v2"><Time>2026-08-29T07:09:21.055Z</Time><Position><LatitudeDegrees>52.33374667</LatitudeDegrees><LongitudeDegrees>12.99825667</LongitudeDegrees></Position><AltitudeMeters>48.769</AltitudeMeters><DistanceMeters>1119.800048828125</DistanceMeters><HeartRateBpm><Value>180</Value></HeartRateBpm><Cadence>80</Cadence><SensorState>Present</SensorState><Extensions><TPX xmlns="http://www.garmin.com/xmlschemas/ActivityExtension/v2"><Watts>424</Watts></TPX></Extensions></Trackpoint><Trackpoint xmlns="http://www.garmin.com/xmlschemas/TrainingCenterDatabase/v2"><Time>2026-08-29T07:09:22.055Z</Time><Position><LatitudeDegrees>52.333725</LatitudeDegrees><LongitudeDegrees>12.99823</LongitudeDegrees></Position><AltitudeMeters>48.769</AltitudeMeters><DistanceMeters>1122.4000244140625</DistanceMeters><HeartRateBpm><Value>180</Value></HeartRateBpm><Cadence>81</Cadence><SensorState>Present</SensorState><Extensions><TPX xmlns="http://www.garmin.com/xmlschemas/ActivityExtension/v2"><Watts>412</Watts></TPX></Extensions></Trackpoint><Trackpoint xmlns="http://www.garmin.com/xmlschemas/TrainingCenterDatabase/v2"><Time>2026-08-29T07:09:23.055Z</Time><Position><LatitudeDegrees>52.333705</LatitudeDegrees><LongitudeDegrees>12.99818833</LongitudeDegrees></Position><AltitudeMeters>48.769</AltitudeMeters><DistanceMeters>1125.199951171875</DistanceMeters><HeartRateBpm><Value>180</Value></HeartRateBpm><Cadence>81</Cadence><SensorState>Present</SensorState><Extensions><TPX xmlns="http://www.garmin.com/xmlschemas/ActivityExtension/v2"><Watts>400</Watts></TPX></Extensions></Trackpoint><Trackpoint xmlns="http://www.garmin.com/xmlschemas/TrainingCenterDatabase/v2"><Time>2026-08-29T07:09:24.055Z</Time><Position><LatitudeDegrees>52.33369167</LatitudeDegrees><LongitudeDegrees>12.99814333</LongitudeDegrees></Position><AltitudeMeters>49.835</AltitudeMeters><DistanceMeters>1127.800048828125</DistanceMeters><HeartRateBpm><Value>180</Value></HeartRateBpm><Cadence>81</Cadence><SensorState>Present</SensorState><Extensions><TPX xmlns="http://www.garmin.com/xmlschemas/ActivityExtension/v2"><Watts>392</Watts></TPX></Extensions></Trackpoint><Trackpoint xmlns="http://www.garmin.com/xmlschemas/TrainingCenterDatabase/v2"><Time>2026-08-29T07:09:25.055Z</Time><Position><LatitudeDegrees>52.33367667</LatitudeDegrees><LongitudeDegrees>12.99809667</LongitudeDegrees></Position><AltitudeMeters>49.835</AltitudeMeters><DistanceMeters>1130.699951171875</DistanceMeters><HeartRateBpm><Value>181</Value></HeartRateBpm><Cadence>81</Cadence><SensorState>Present</SensorState><Extensions><TPX xmlns="http://www.garmin.com/xmlschemas/ActivityExtension/v2"><Watts>392</Watts></TPX></Extensions></Trackpoint><Trackpoint xmlns="http://www.garmin.com/xmlschemas/TrainingCenterDatabase/v2"><Time>2026-08-29T07:09:26.055Z</Time><Position><LatitudeDegrees>52.33366167</LatitudeDegrees><LongitudeDegrees>12.99805167</LongitudeDegrees></Position><AltitudeMeters>49.835</AltitudeMeters><DistanceMeters>1133.800048828125</DistanceMeters><HeartRateBpm><Value>181</Value></HeartRateBpm><Cadence>81</Cadence><SensorState>Present</SensorState><Extensions><TPX xmlns="http://www.garmin.com/xmlschemas/ActivityExtension/v2"><Watts>400</Watts></TPX></Extensions></Trackpoint><Trackpoint xmlns="http://www.garmin.com/xmlschemas/TrainingCenterDatabase/v2"><Time>2026-08-29T07:09:27.055Z</Time><Position><LatitudeDegrees>52.33365</LatitudeDegrees><LongitudeDegrees>12.99801333</LongitudeDegrees></Position><AltitudeMeters>49.835</AltitudeMeters><DistanceMeters>1137.300048828125</DistanceMeters><HeartRateBpm><Value>181</Value></HeartRateBpm><Cadence>81</Cadence><SensorState>Present</SensorState><Extensions><TPX xmlns="http://www.garmin.com/xmlschemas/ActivityExtension/v2"><Watts>408</Watts></TPX></Extensions></Trackpoint><Trackpoint xmlns="http://www.garmin.com/xmlschemas/TrainingCenterDatabase/v2"><Time>2026-08-29T07:09:28.055Z</Time><Position><LatitudeDegrees>52.33363833</LatitudeDegrees><LongitudeDegrees>12.997975</LongitudeDegrees></Position><AltitudeMeters>49.835</AltitudeMeters><DistanceMeters>1140.5999755859375</DistanceMeters><HeartRateBpm><Value>181</Value></HeartRateBpm><Cadence>81</Cadence><SensorState>Present</SensorState><Extensions><TPX xmlns="http://www.garmin.com/xmlschemas/ActivityExtension/v2"><Watts>406</Watts></TPX></Extensions></Trackpoint><Trackpoint xmlns="http://www.garmin.com/xmlschemas/TrainingCenterDatabase/v2"><Time>2026-08-29T07:09:29.055Z</Time><Position><LatitudeDegrees>52.33362833</LatitudeDegrees><LongitudeDegrees>12.99793667</LongitudeDegrees></Position><AltitudeMeters>49.835</AltitudeMeters><DistanceMeters>1143.800048828125</DistanceMeters><HeartRateBpm><Value>181</Value></HeartRateBpm><Cadence>81</Cadence><SensorState>Present</SensorState><Extensions><TPX xmlns="http://www.garmin.com/xmlschemas/ActivityExtension/v2"><Watts>394</Watts></TPX></Extensions></Trackpoint><Trackpoint xmlns="http://www.garmin.com/xmlschemas/TrainingCenterDatabase/v2"><Time>2026-08-29T07:09:30.055Z</Time><Position><LatitudeDegrees>52.33362</LatitudeDegrees><LongitudeDegrees>12.9979</LongitudeDegrees></Position><AltitudeMeters>49.835</AltitudeMeters><DistanceMeters>1146.800048828125</DistanceMeters><HeartRateBpm><Value>181</Value></HeartRateBpm><Cadence>81</Cadence><SensorState>Present</SensorState><Extensions><TPX xmlns="http://www.garmin.com/xmlschemas/ActivityExtension/v2"><Watts>384</Watts></TPX></Extensions></Trackpoint><Trackpoint xmlns="http://www.garmin.com/xmlschemas/TrainingCenterDatabase/v2"><Time>2026-08-29T07:09:31.055Z</Time><Position><LatitudeDegrees>52.33361</LatitudeDegrees><LongitudeDegrees>12.99786333</LongitudeDegrees></Position><AltitudeMeters>49.835</AltitudeMeters><DistanceMeters>1150.0</DistanceMeters><HeartRateBpm><Value>181</Value></HeartRateBpm><Cadence>80</Cadence><SensorState>Present</SensorState><Extensions><TPX xmlns="http://www.garmin.com/xmlschemas/ActivityExtension/v2"><Watts>374</Watts></TPX></Extensions></Trackpoint><Trackpoint xmlns="http://www.garmin.com/xmlschemas/TrainingCenterDatabase/v2"><Time>2026-08-29T07:09:32.055Z</Time><Position><LatitudeDegrees>52.3336</LatitudeDegrees><LongitudeDegrees>12.99782833</LongitudeDegrees></Position><AltitudeMeters>49.835</AltitudeMeters><DistanceMeters>1152.800048828125</DistanceMeters><HeartRateBpm><Value>181</Value></HeartRateBpm><Cadence>81</Cadence><SensorState>Present</SensorState><Extensions><TPX xmlns="http://www.garmin.com/xmlschemas/ActivityExtension/v2"><Watts>368</Watts></TPX></Extensions></Trackpoint><Trackpoint xmlns="http://www.garmin.com/xmlschemas/TrainingCenterDatabase/v2"><Time>2026-08-29T07:09:33.055Z</Time><Position><LatitudeDegrees>52.33358833</LatitudeDegrees><LongitudeDegrees>12.99779833</LongitudeDegrees></Position><AltitudeMeters>49.835</AltitudeMeters><DistanceMeters>1155.800048828125</DistanceMeters><HeartRateBpm><Value>181</Value></HeartRateBpm><Cadence>80</Cadence><SensorState>Present</SensorState><Extensions><TPX xmlns="http://www.garmin.com/xmlschemas/ActivityExtension/v2"><Watts>362</Watts></TPX></Extensions></Trackpoint><Trackpoint xmlns="http://www.garmin.com/xmlschemas/TrainingCenterDatabase/v2"><Time>2026-08-29T07:09:34.055Z</Time><Position><LatitudeDegrees>52.33357667</LatitudeDegrees><LongitudeDegrees>12.99777333</LongitudeDegrees></Position><AltitudeMeters>50.902</AltitudeMeters><DistanceMeters>1158.199951171875</DistanceMeters><HeartRateBpm><Value>181</Value></HeartRateBpm><Cadence>81</Cadence><SensorState>Present</SensorState><Extensions><TPX xmlns="http://www.garmin.com/xmlschemas/ActivityExtension/v2"><Watts>358</Watts></TPX></Extensions></Trackpoint><Trackpoint xmlns="http://www.garmin.com/xmlschemas/TrainingCenterDatabase/v2"><Time>2026-08-29T07:09:35.055Z</Time><Position><LatitudeDegrees>52.333565</LatitudeDegrees><LongitudeDegrees>12.99775833</LongitudeDegrees></Position><AltitudeMeters>50.902</AltitudeMeters><DistanceMeters>1160.300048828125</DistanceMeters><HeartRateBpm><Value>181</Value></HeartRateBpm><Cadence>81</Cadence><SensorState>Present</SensorState><Extensions><TPX xmlns="http://www.garmin.com/xmlschemas/ActivityExtension/v2"><Watts>356</Watts></TPX></Extensions></Trackpoint><Trackpoint xmlns="http://www.garmin.com/xmlschemas/TrainingCenterDatabase/v2"><Time>2026-08-29T07:09:36.055Z</Time><Position><LatitudeDegrees>52.33355</LatitudeDegrees><LongitudeDegrees>12.99774333</LongitudeDegrees></Position><AltitudeMeters>50.902</AltitudeMeters><DistanceMeters>1162.300048828125</DistanceMeters><HeartRateBpm><Value>181</Value></HeartRateBpm><Cadence>81</Cadence><SensorState>Present</SensorState><Extensions><TPX xmlns="http://www.garmin.com/xmlschemas/ActivityExtension/v2"><Watts>346</Watts></TPX></Extensions></Trackpoint><Trackpoint xmlns="http://www.garmin.com/xmlschemas/TrainingCenterDatabase/v2"><Time>2026-08-29T07:09:37.055Z</Time><Position><LatitudeDegrees>52.33353333</LatitudeDegrees><LongitudeDegrees>12.99772833</LongitudeDegrees></Position><AltitudeMeters>50.902</AltitudeMeters><DistanceMeters>1163.699951171875</DistanceMeters><HeartRateBpm><Value>182</Value></HeartRateBpm><Cadence>81</Cadence><SensorState>Present</SensorState><Extensions><TPX xmlns="http://www.garmin.com/xmlschemas/ActivityExtension/v2"><Watts>330</Watts></TPX></Extensions></Trackpoint><Trackpoint xmlns="http://www.garmin.com/xmlschemas/TrainingCenterDatabase/v2"><Time>2026-08-29T07:09:38.055Z</Time><Position><LatitudeDegrees>52.33350833</LatitudeDegrees><LongitudeDegrees>12.99769667</LongitudeDegrees></Position><AltitudeMeters>50.902</AltitudeMeters><DistanceMeters>1165.300048828125</DistanceMeters><HeartRateBpm><Value>182</Value></HeartRateBpm><Cadence>81</Cadence><SensorState>Present</SensorState><Extensions><TPX xmlns="http://www.garmin.com/xmlschemas/ActivityExtension/v2"><Watts>324</Watts></TPX></Extensions></Trackpoint><Trackpoint xmlns="http://www.garmin.com/xmlschemas/TrainingCenterDatabase/v2"><Time>2026-08-29T07:09:39.055Z</Time><Position><LatitudeDegrees>52.33348333</LatitudeDegrees><LongitudeDegrees>12.99767</LongitudeDegrees></Position><AltitudeMeters>50.902</AltitudeMeters><DistanceMeters>1167.0999755859375</DistanceMeters><HeartRateBpm><Value>182</Value></HeartRateBpm><Cadence>81</Cadence><SensorState>Present</SensorState><Extensions><TPX xmlns="http://www.garmin.com/xmlschemas/ActivityExtension/v2"><Watts>330</Watts></TPX></Extensions></Trackpoint><Trackpoint xmlns="http://www.garmin.com/xmlschemas/TrainingCenterDatabase/v2"><Time>2026-08-29T07:09:40.055Z</Time><Position><LatitudeDegrees>52.33345667</LatitudeDegrees><LongitudeDegrees>12.99764833</LongitudeDegrees></Position><AltitudeMeters>51.817</AltitudeMeters><DistanceMeters>1169.800048828125</DistanceMeters><HeartRateBpm><Value>182</Value></HeartRateBpm><Cadence>81</Cadence><SensorState>Present</SensorState><Extensions><TPX xmlns="http://www.garmin.com/xmlschemas/ActivityExtension/v2"><Watts>342</Watts></TPX></Extensions></Trackpoint><Trackpoint xmlns="http://www.garmin.com/xmlschemas/TrainingCenterDatabase/v2"><Time>2026-08-29T07:09:41.055Z</Time><Position><LatitudeDegrees>52.33342333</LatitudeDegrees><LongitudeDegrees>12.99762833</LongitudeDegrees></Position><AltitudeMeters>51.817</AltitudeMeters><DistanceMeters>1172.5</DistanceMeters><HeartRateBpm><Value>182</Value></HeartRateBpm><Cadence>81</Cadence><SensorState>Present</SensorState><Extensions><TPX xmlns="http://www.garmin.com/xmlschemas/ActivityExtension/v2"><Watts>354</Watts></TPX></Extensions></Trackpoint><Trackpoint xmlns="http://www.garmin.com/xmlschemas/TrainingCenterDatabase/v2"><Time>2026-08-29T07:09:42.055Z</Time><Position><LatitudeDegrees>52.33339333</LatitudeDegrees><LongitudeDegrees>12.997605</LongitudeDegrees></Position><AltitudeMeters>51.817</AltitudeMeters><DistanceMeters>1175.5999755859375</DistanceMeters><HeartRateBpm><Value>182</Value></HeartRateBpm><Cadence>81</Cadence><SensorState>Present</SensorState><Extensions><TPX xmlns="http://www.garmin.com/xmlschemas/ActivityExtension/v2"><Watts>380</Watts></TPX></Extensions></Trackpoint><Trackpoint xmlns="http://www.garmin.com/xmlschemas/TrainingCenterDatabase/v2"><Time>2026-08-29T07:09:43.055Z</Time><Position><LatitudeDegrees>52.33336167</LatitudeDegrees><LongitudeDegrees>12.99758333</LongitudeDegrees></Position><AltitudeMeters>51.817</AltitudeMeters><DistanceMeters>1179.300048828125</DistanceMeters><HeartRateBpm><Value>182</Value></HeartRateBpm><Cadence>81</Cadence><SensorState>Present</SensorState><Extensions><TPX xmlns="http://www.garmin.com/xmlschemas/ActivityExtension/v2"><Watts>410</Watts></TPX></Extensions></Trackpoint><Trackpoint xmlns="http://www.garmin.com/xmlschemas/TrainingCenterDatabase/v2"><Time>2026-08-29T07:09:44.055Z</Time><Position><LatitudeDegrees>52.33333333</LatitudeDegrees><LongitudeDegrees>12.99756667</LongitudeDegrees></Position><AltitudeMeters>51.817</AltitudeMeters><DistanceMeters>1183.199951171875</DistanceMeters><HeartRateBpm><Value>182</Value></HeartRateBpm><Cadence>81</Cadence><SensorState>Present</SensorState><Extensions><TPX xmlns="http://www.garmin.com/xmlschemas/ActivityExtension/v2"><Watts>424</Watts></TPX></Extensions></Trackpoint><Trackpoint xmlns="http://www.garmin.com/xmlschemas/TrainingCenterDatabase/v2"><Time>2026-08-29T07:09:45.055Z</Time><Position><LatitudeDegrees>52.33331</LatitudeDegrees><LongitudeDegrees>12.99755667</LongitudeDegrees></Position><AltitudeMeters>51.817</AltitudeMeters><DistanceMeters>1187.5999755859375</DistanceMeters><HeartRateBpm><Value>181</Value></HeartRateBpm><Cadence>81</Cadence><SensorState>Present</SensorState><Extensions><TPX xmlns="http://www.garmin.com/xmlschemas/ActivityExtension/v2"><Watts>422</Watts></TPX></Extensions></Trackpoint><Trackpoint xmlns="http://www.garmin.com/xmlschemas/TrainingCenterDatabase/v2"><Time>2026-08-29T07:09:46.055Z</Time><Position><LatitudeDegrees>52.333275</LatitudeDegrees><LongitudeDegrees>12.99754333</LongitudeDegrees></Position><AltitudeMeters>51.817</AltitudeMeters><DistanceMeters>1191.9000244140625</DistanceMeters><HeartRateBpm><Value>181</Value></HeartRateBpm><Cadence>81</Cadence><SensorState>Present</SensorState><Extensions><TPX xmlns="http://www.garmin.com/xmlschemas/ActivityExtension/v2"><Watts>410</Watts></TPX></Extensions></Trackpoint><Trackpoint xmlns="http://www.garmin.com/xmlschemas/TrainingCenterDatabase/v2"><Time>2026-08-29T07:09:47.055Z</Time><Position><LatitudeDegrees>52.33324333</LatitudeDegrees><LongitudeDegrees>12.99753667</LongitudeDegrees></Position><AltitudeMeters>51.817</AltitudeMeters><DistanceMeters>1195.699951171875</DistanceMeters><HeartRateBpm><Value>181</Value></HeartRateBpm><Cadence>81</Cadence><SensorState>Present</SensorState><Extensions><TPX xmlns="http://www.garmin.com/xmlschemas/ActivityExtension/v2"><Watts>402</Watts></TPX></Extensions></Trackpoint><Trackpoint xmlns="http://www.garmin.com/xmlschemas/TrainingCenterDatabase/v2"><Time>2026-08-29T07:09:48.055Z</Time><Position><LatitudeDegrees>52.33321167</LatitudeDegrees><LongitudeDegrees>12.99752833</LongitudeDegrees></Position><AltitudeMeters>51.817</AltitudeMeters><DistanceMeters>1200.0999755859375</DistanceMeters><HeartRateBpm><Value>181</Value></HeartRateBpm><Cadence>81</Cadence><SensorState>Present</SensorState><Extensions><TPX xmlns="http://www.garmin.com/xmlschemas/ActivityExtension/v2"><Watts>398</Watts></TPX></Extensions></Trackpoint><Trackpoint xmlns="http://www.garmin.com/xmlschemas/TrainingCenterDatabase/v2"><Time>2026-08-29T07:09:49.055Z</Time><Position><LatitudeDegrees>52.33318</LatitudeDegrees><LongitudeDegrees>12.997515</LongitudeDegrees></Position><AltitudeMeters>51.817</AltitudeMeters><DistanceMeters>1203.800048828125</DistanceMeters><HeartRateBpm><Value>181</Value></HeartRateBpm><Cadence>81</Cadence><SensorState>Present</SensorState><Extensions><TPX xmlns="http://www.garmin.com/xmlschemas/ActivityExtension/v2"><Watts>394</Watts></TPX></Extensions></Trackpoint><Trackpoint xmlns="http://www.garmin.com/xmlschemas/TrainingCenterDatabase/v2"><Time>2026-08-29T07:09:50.055Z</Time><Position><LatitudeDegrees>52.33315</LatitudeDegrees><LongitudeDegrees>12.99750667</LongitudeDegrees></Position><AltitudeMeters>51.817</AltitudeMeters><DistanceMeters>1207.5</DistanceMeters><HeartRateBpm><Value>181</Value></HeartRateBpm><Cadence>81</Cadence><SensorState>Present</SensorState><Extensions><TPX xmlns="http://www.garmin.com/xmlschemas/ActivityExtension/v2"><Watts>392</Watts></TPX></Extensions></Trackpoint><Trackpoint xmlns="http://www.garmin.com/xmlschemas/TrainingCenterDatabase/v2"><Time>2026-08-29T07:09:51.055Z</Time><Position><LatitudeDegrees>52.33311333</LatitudeDegrees><LongitudeDegrees>12.99749333</LongitudeDegrees></Position><AltitudeMeters>51.817</AltitudeMeters><DistanceMeters>1211.199951171875</DistanceMeters><HeartRateBpm><Value>181</Value></HeartRateBpm><Cadence>81</Cadence><SensorState>Present</SensorState><Extensions><TPX xmlns="http://www.garmin.com/xmlschemas/ActivityExtension/v2"><Watts>390</Watts></TPX></Extensions></Trackpoint><Trackpoint xmlns="http://www.garmin.com/xmlschemas/TrainingCenterDatabase/v2"><Time>2026-08-29T07:09:52.055Z</Time><Position><LatitudeDegrees>52.333085</LatitudeDegrees><LongitudeDegrees>12.99747667</LongitudeDegrees></Position><AltitudeMeters>51.817</AltitudeMeters><DistanceMeters>1214.4000244140625</DistanceMeters><HeartRateBpm><Value>181</Value></HeartRateBpm><Cadence>81</Cadence><SensorState>Present</SensorState><Extensions><TPX xmlns="http://www.garmin.com/xmlschemas/ActivityExtension/v2"><Watts>390</Watts></TPX></Extensions></Trackpoint><Trackpoint xmlns="http://www.garmin.com/xmlschemas/TrainingCenterDatabase/v2"><Time>2026-08-29T07:09:53.055Z</Time><Position><LatitudeDegrees>52.33306</LatitudeDegrees><LongitudeDegrees>12.99745833</LongitudeDegrees></Position><AltitudeMeters>51.817</AltitudeMeters><DistanceMeters>1218.199951171875</DistanceMeters><HeartRateBpm><Value>181</Value></HeartRateBpm><Cadence>81</Cadence><SensorState>Present</SensorState><Extensions><TPX xmlns="http://www.garmin.com/xmlschemas/ActivityExtension/v2"><Watts>390</Watts></TPX></Extensions></Trackpoint><Trackpoint xmlns="http://www.garmin.com/xmlschemas/TrainingCenterDatabase/v2"><Time>2026-08-29T07:09:54.055Z</Time><Position><LatitudeDegrees>52.33303833</LatitudeDegrees><LongitudeDegrees>12.99744167</LongitudeDegrees></Position><AltitudeMeters>51.817</AltitudeMeters><DistanceMeters>1221.5999755859375</DistanceMeters><HeartRateBpm><Value>181</Value></HeartRateBpm><Cadence>80</Cadence><SensorState>Present</SensorState><Extensions><TPX xmlns="http://www.garmin.com/xmlschemas/ActivityExtension/v2"><Watts>390</Watts></TPX></Extensions></Trackpoint><Trackpoint xmlns="http://www.garmin.com/xmlschemas/TrainingCenterDatabase/v2"><Time>2026-08-29T07:09:55.055Z</Time><Position><LatitudeDegrees>52.33302333</LatitudeDegrees><LongitudeDegrees>12.997425</LongitudeDegrees></Position><AltitudeMeters>51.817</AltitudeMeters><DistanceMeters>1225.0</DistanceMeters><HeartRateBpm><Value>181</Value></HeartRateBpm><Cadence>80</Cadence><SensorState>Present</SensorState><Extensions><TPX xmlns="http://www.garmin.com/xmlschemas/ActivityExtension/v2"><Watts>382</Watts></TPX></Extensions></Trackpoint><Trackpoint xmlns="http://www.garmin.com/xmlschemas/TrainingCenterDatabase/v2"><Time>2026-08-29T07:09:56.055Z</Time><Position><LatitudeDegrees>52.33300833</LatitudeDegrees><LongitudeDegrees>12.99740667</LongitudeDegrees></Position><AltitudeMeters>51.817</AltitudeMeters><DistanceMeters>1228.199951171875</DistanceMeters><HeartRateBpm><Value>182</Value></HeartRateBpm><Cadence>80</Cadence><SensorState>Present</SensorState><Extensions><TPX xmlns="http://www.garmin.com/xmlschemas/ActivityExtension/v2"><Watts>364</Watts></TPX></Extensions></Trackpoint><Trackpoint xmlns="http://www.garmin.com/xmlschemas/TrainingCenterDatabase/v2"><Time>2026-08-29T07:09:57.055Z</Time><Position><LatitudeDegrees>52.33298667</LatitudeDegrees><LongitudeDegrees>12.997385</LongitudeDegrees></Position><AltitudeMeters>51.817</AltitudeMeters><DistanceMeters>1230.300048828125</DistanceMeters><HeartRateBpm><Value>182</Value></HeartRateBpm><Cadence>80</Cadence><SensorState>Present</SensorState><Extensions><TPX xmlns="http://www.garmin.com/xmlschemas/ActivityExtension/v2"><Watts>346</Watts></TPX></Extensions></Trackpoint><Trackpoint xmlns="http://www.garmin.com/xmlschemas/TrainingCenterDatabase/v2"><Time>2026-08-29T07:09:58.055Z</Time><Position><LatitudeDegrees>52.33296333</LatitudeDegrees><LongitudeDegrees>12.99736667</LongitudeDegrees></Position><AltitudeMeters>52.883</AltitudeMeters><DistanceMeters>1232.5</DistanceMeters><HeartRateBpm><Value>182</Value></HeartRateBpm><Cadence>80</Cadence><SensorState>Present</SensorState><Extensions><TPX xmlns="http://www.garmin.com/xmlschemas/ActivityExtension/v2"><Watts>336</Watts></TPX></Extensions></Trackpoint><Trackpoint xmlns="http://www.garmin.com/xmlschemas/TrainingCenterDatabase/v2"><Time>2026-08-29T07:09:59.055Z</Time><Position><LatitudeDegrees>52.33294167</LatitudeDegrees><LongitudeDegrees>12.99734667</LongitudeDegrees></Position><AltitudeMeters>52.883</AltitudeMeters><DistanceMeters>1234.800048828125</DistanceMeters><HeartRateBpm><Value>182</Value></HeartRateBpm><Cadence>80</Cadence><SensorState>Present</SensorState><Extensions><TPX xmlns="http://www.garmin.com/xmlschemas/ActivityExtension/v2"><Watts>338</Watts></TPX></Extensions></Trackpoint><Trackpoint xmlns="http://www.garmin.com/xmlschemas/TrainingCenterDatabase/v2"><Time>2026-08-29T07:10:00.055Z</Time><Position><LatitudeDegrees>52.33292167</LatitudeDegrees><LongitudeDegrees>12.997325</LongitudeDegrees></Position><AltitudeMeters>52.883</AltitudeMeters><DistanceMeters>1237.199951171875</DistanceMeters><HeartRateBpm><Value>182</Value></HeartRateBpm><Cadence>80</Cadence><SensorState>Present</SensorState><Extensions><TPX xmlns="http://www.garmin.com/xmlschemas/ActivityExtension/v2"><Watts>340</Watts></TPX></Extensions></Trackpoint><Trackpoint xmlns="http://www.garmin.com/xmlschemas/TrainingCenterDatabase/v2"><Time>2026-08-29T07:10:01.055Z</Time><Position><LatitudeDegrees>52.33290167</LatitudeDegrees><LongitudeDegrees>12.997295</LongitudeDegrees></Position><AltitudeMeters>52.883</AltitudeMeters><DistanceMeters>1239.5</DistanceMeters><HeartRateBpm><Value>182</Value></HeartRateBpm><Cadence>80</Cadence><SensorState>Present</SensorState><Extensions><TPX xmlns="http://www.garmin.com/xmlschemas/ActivityExtension/v2"><Watts>338</Watts></TPX></Extensions></Trackpoint><Trackpoint xmlns="http://www.garmin.com/xmlschemas/TrainingCenterDatabase/v2"><Time>2026-08-29T07:10:02.055Z</Time><Position><LatitudeDegrees>52.33287833</LatitudeDegrees><LongitudeDegrees>12.997265</LongitudeDegrees></Position><AltitudeMeters>52.883</AltitudeMeters><DistanceMeters>1241.4000244140625</DistanceMeters><HeartRateBpm><Value>182</Value></HeartRateBpm><Cadence>80</Cadence><SensorState>Present</SensorState><Extensions><TPX xmlns="http://www.garmin.com/xmlschemas/ActivityExtension/v2"><Watts>334</Watts></TPX></Extensions></Trackpoint><Trackpoint xmlns="http://www.garmin.com/xmlschemas/TrainingCenterDatabase/v2"><Time>2026-08-29T07:10:03.055Z</Time><Position><LatitudeDegrees>52.33285667</LatitudeDegrees><LongitudeDegrees>12.997235</LongitudeDegrees></Position><AltitudeMeters>52.883</AltitudeMeters><DistanceMeters>1243.9000244140625</DistanceMeters><HeartRateBpm><Value>182</Value></HeartRateBpm><Cadence>80</Cadence><SensorState>Present</SensorState><Extensions><TPX xmlns="http://www.garmin.com/xmlschemas/ActivityExtension/v2"><Watts>330</Watts></TPX></Extensions></Trackpoint><Trackpoint xmlns="http://www.garmin.com/xmlschemas/TrainingCenterDatabase/v2"><Time>2026-08-29T07:10:04.055Z</Time><Position><LatitudeDegrees>52.332845</LatitudeDegrees><LongitudeDegrees>12.99720667</LongitudeDegrees></Position><AltitudeMeters>52.883</AltitudeMeters><DistanceMeters>1246.9000244140625</DistanceMeters><HeartRateBpm><Value>182</Value></HeartRateBpm><Cadence>80</Cadence><SensorState>Present</SensorState><Extensions><TPX xmlns="http://www.garmin.com/xmlschemas/ActivityExtension/v2"><Watts>332</Watts></TPX></Extensions></Trackpoint><Trackpoint xmlns="http://www.garmin.com/xmlschemas/TrainingCenterDatabase/v2"><Time>2026-08-29T07:10:05.055Z</Time><Position><LatitudeDegrees>52.33283333</LatitudeDegrees><LongitudeDegrees>12.99718167</LongitudeDegrees></Position><AltitudeMeters>52.883</AltitudeMeters><DistanceMeters>1250.0</DistanceMeters><HeartRateBpm><Value>182</Value></HeartRateBpm><Cadence>80</Cadence><SensorState>Present</SensorState><Extensions><TPX xmlns="http://www.garmin.com/xmlschemas/ActivityExtension/v2"><Watts>340</Watts></TPX></Extensions></Trackpoint><Trackpoint xmlns="http://www.garmin.com/xmlschemas/TrainingCenterDatabase/v2"><Time>2026-08-29T07:10:06.055Z</Time><Position><LatitudeDegrees>52.33282</LatitudeDegrees><LongitudeDegrees>12.997155</LongitudeDegrees></Position><AltitudeMeters>52.883</AltitudeMeters><DistanceMeters>1252.9000244140625</DistanceMeters><HeartRateBpm><Value>182</Value></HeartRateBpm><Cadence>80</Cadence><SensorState>Present</SensorState><Extensions><TPX xmlns="http://www.garmin.com/xmlschemas/ActivityExtension/v2"><Watts>334</Watts></TPX></Extensions></Trackpoint><Trackpoint xmlns="http://www.garmin.com/xmlschemas/TrainingCenterDatabase/v2"><Time>2026-08-29T07:10:07.055Z</Time><Position><LatitudeDegrees>52.332805</LatitudeDegrees><LongitudeDegrees>12.99713333</LongitudeDegrees></Position><AltitudeMeters>52.883</AltitudeMeters><DistanceMeters>1255.699951171875</DistanceMeters><HeartRateBpm><Value>182</Value></HeartRateBpm><Cadence>80</Cadence><SensorState>Present</SensorState><Extensions><TPX xmlns="http://www.garmin.com/xmlschemas/ActivityExtension/v2"><Watts>316</Watts></TPX></Extensions></Trackpoint><Trackpoint xmlns="http://www.garmin.com/xmlschemas/TrainingCenterDatabase/v2"><Time>2026-08-29T07:10:08.055Z</Time><Position><LatitudeDegrees>52.332785</LatitudeDegrees><LongitudeDegrees>12.997115</LongitudeDegrees></Position><AltitudeMeters>52.883</AltitudeMeters><DistanceMeters>1258.0999755859375</DistanceMeters><HeartRateBpm><Value>182</Value></HeartRateBpm><Cadence>80</Cadence><SensorState>Present</SensorState><Extensions><TPX xmlns="http://www.garmin.com/xmlschemas/ActivityExtension/v2"><Watts>306</Watts></TPX></Extensions></Trackpoint><Trackpoint xmlns="http://www.garmin.com/xmlschemas/TrainingCenterDatabase/v2"><Time>2026-08-29T07:10:09.055Z</Time><Position><LatitudeDegrees>52.33276167</LatitudeDegrees><LongitudeDegrees>12.99709</LongitudeDegrees></Position><AltitudeMeters>52.883</AltitudeMeters><DistanceMeters>1260.300048828125</DistanceMeters><HeartRateBpm><Value>182</Value></HeartRateBpm><Cadence>80</Cadence><SensorState>Present</SensorState><Extensions><TPX xmlns="http://www.garmin.com/xmlschemas/ActivityExtension/v2"><Watts>306</Watts></TPX></Extensions></Trackpoint><Trackpoint xmlns="http://www.garmin.com/xmlschemas/TrainingCenterDatabase/v2"><Time>2026-08-29T07:10:10.055Z</Time><Position><LatitudeDegrees>52.33274167</LatitudeDegrees><LongitudeDegrees>12.99706333</LongitudeDegrees></Position><AltitudeMeters>52.883</AltitudeMeters><DistanceMeters>1262.800048828125</DistanceMeters><HeartRateBpm><Value>183</Value></HeartRateBpm><Cadence>81</Cadence><SensorState>Present</SensorState><Extensions><TPX xmlns="http://www.garmin.com/xmlschemas/ActivityExtension/v2"><Watts>308</Watts></TPX></Extensions></Trackpoint><Trackpoint xmlns="http://www.garmin.com/xmlschemas/TrainingCenterDatabase/v2"><Time>2026-08-29T07:10:11.055Z</Time><Position><LatitudeDegrees>52.33272167</LatitudeDegrees><LongitudeDegrees>12.99704167</LongitudeDegrees></Position><AltitudeMeters>52.883</AltitudeMeters><DistanceMeters>1265.5999755859375</DistanceMeters><HeartRateBpm><Value>183</Value></HeartRateBpm><Cadence>81</Cadence><SensorState>Present</SensorState><Extensions><TPX xmlns="http://www.garmin.com/xmlschemas/ActivityExtension/v2"><Watts>316</Watts></TPX></Extensions></Trackpoint><Trackpoint xmlns="http://www.garmin.com/xmlschemas/TrainingCenterDatabase/v2"><Time>2026-08-29T07:10:12.055Z</Time><Position><LatitudeDegrees>52.3327</LatitudeDegrees><LongitudeDegrees>12.99701667</LongitudeDegrees></Position><AltitudeMeters>52.883</AltitudeMeters><DistanceMeters>1268.199951171875</DistanceMeters><HeartRateBpm><Value>183</Value></HeartRateBpm><Cadence>81</Cadence><SensorState>Present</SensorState><Extensions><TPX xmlns="http://www.garmin.com/xmlschemas/ActivityExtension/v2"><Watts>322</Watts></TPX></Extensions></Trackpoint><Trackpoint xmlns="http://www.garmin.com/xmlschemas/TrainingCenterDatabase/v2"><Time>2026-08-29T07:10:13.055Z</Time><Position><LatitudeDegrees>52.33267833</LatitudeDegrees><LongitudeDegrees>12.99698</LongitudeDegrees></Position><AltitudeMeters>52.883</AltitudeMeters><DistanceMeters>1270.5</DistanceMeters><HeartRateBpm><Value>183</Value></HeartRateBpm><Cadence>81</Cadence><SensorState>Present</SensorState><Extensions><TPX xmlns="http://www.garmin.com/xmlschemas/ActivityExtension/v2"><Watts>326</Watts></TPX></Extensions></Trackpoint><Trackpoint xmlns="http://www.garmin.com/xmlschemas/TrainingCenterDatabase/v2"><Time>2026-08-29T07:10:14.055Z</Time><Position><LatitudeDegrees>52.33265667</LatitudeDegrees><LongitudeDegrees>12.99694167</LongitudeDegrees></Position><AltitudeMeters>52.883</AltitudeMeters><DistanceMeters>1273.0</DistanceMeters><HeartRateBpm><Value>183</Value></HeartRateBpm><Cadence>80</Cadence><SensorState>Present</SensorState><Extensions><TPX xmlns="http://www.garmin.com/xmlschemas/ActivityExtension/v2"><Watts>330</Watts></TPX></Extensions></Trackpoint><Trackpoint xmlns="http://www.garmin.com/xmlschemas/TrainingCenterDatabase/v2"><Time>2026-08-29T07:10:15.055Z</Time><Position><LatitudeDegrees>52.332635</LatitudeDegrees><LongitudeDegrees>12.99690833</LongitudeDegrees></Position><AltitudeMeters>52.883</AltitudeMeters><DistanceMeters>1276.5</DistanceMeters><HeartRateBpm><Value>183</Value></HeartRateBpm><Cadence>80</Cadence><SensorState>Present</SensorState><Extensions><TPX xmlns="http://www.garmin.com/xmlschemas/ActivityExtension/v2"><Watts>334</Watts></TPX></Extensions></Trackpoint><Trackpoint xmlns="http://www.garmin.com/xmlschemas/TrainingCenterDatabase/v2"><Time>2026-08-29T07:10:16.055Z</Time><Position><LatitudeDegrees>52.33261</LatitudeDegrees><LongitudeDegrees>12.996875</LongitudeDegrees></Position><AltitudeMeters>52.883</AltitudeMeters><DistanceMeters>1280.199951171875</DistanceMeters><HeartRateBpm><Value>183</Value></HeartRateBpm><Cadence>80</Cadence><SensorState>Present</SensorState><Extensions><TPX xmlns="http://www.garmin.com/xmlschemas/ActivityExtension/v2"><Watts>340</Watts></TPX></Extensions></Trackpoint><Trackpoint xmlns="http://www.garmin.com/xmlschemas/TrainingCenterDatabase/v2"><Time>2026-08-29T07:10:17.055Z</Time><Position><LatitudeDegrees>52.33258667</LatitudeDegrees><LongitudeDegrees>12.99684</LongitudeDegrees></Position><AltitudeMeters>52.883</AltitudeMeters><DistanceMeters>1283.9000244140625</DistanceMeters><HeartRateBpm><Value>183</Value></HeartRateBpm><Cadence>80</Cadence><SensorState>Present</SensorState><Extensions><TPX xmlns="http://www.garmin.com/xmlschemas/ActivityExtension/v2"><Watts>342</Watts></TPX></Extensions></Trackpoint><Trackpoint xmlns="http://www.garmin.com/xmlschemas/TrainingCenterDatabase/v2"><Time>2026-08-29T07:10:18.055Z</Time><Position><LatitudeDegrees>52.33256</LatitudeDegrees><LongitudeDegrees>12.99680333</LongitudeDegrees></Position><AltitudeMeters>52.883</AltitudeMeters><DistanceMeters>1287.9000244140625</DistanceMeters><HeartRateBpm><Value>183</Value></HeartRateBpm><Cadence>80</Cadence><SensorState>Present</SensorState><Extensions><TPX xmlns="http://www.garmin.com/xmlschemas/ActivityExtension/v2"><Watts>342</Watts></TPX></Extensions></Trackpoint><Trackpoint xmlns="http://www.garmin.com/xmlschemas/TrainingCenterDatabase/v2"><Time>2026-08-29T07:10:19.055Z</Time><Position><LatitudeDegrees>52.33253333</LatitudeDegrees><LongitudeDegrees>12.99676667</LongitudeDegrees></Position><AltitudeMeters>52.883</AltitudeMeters><DistanceMeters>1291.800048828125</DistanceMeters><HeartRateBpm><Value>183</Value></HeartRateBpm><Cadence>80</Cadence><SensorState>Present</SensorState><Extensions><TPX xmlns="http://www.garmin.com/xmlschemas/ActivityExtension/v2"><Watts>348</Watts></TPX></Extensions></Trackpoint><Trackpoint xmlns="http://www.garmin.com/xmlschemas/TrainingCenterDatabase/v2"><Time>2026-08-29T07:10:20.055Z</Time><Position><LatitudeDegrees>52.33251</LatitudeDegrees><LongitudeDegrees>12.99674</LongitudeDegrees></Position><AltitudeMeters>52.883</AltitudeMeters><DistanceMeters>1295.5999755859375</DistanceMeters><HeartRateBpm><Value>183</Value></HeartRateBpm><Cadence>81</Cadence><SensorState>Present</SensorState><Extensions><TPX xmlns="http://www.garmin.com/xmlschemas/ActivityExtension/v2"><Watts>352</Watts></TPX></Extensions></Trackpoint><Trackpoint xmlns="http://www.garmin.com/xmlschemas/TrainingCenterDatabase/v2"><Time>2026-08-29T07:10:21.055Z</Time><Position><LatitudeDegrees>52.33248667</LatitudeDegrees><LongitudeDegrees>12.99670667</LongitudeDegrees></Position><AltitudeMeters>52.883</AltitudeMeters><DistanceMeters>1299.699951171875</DistanceMeters><HeartRateBpm><Value>183</Value></HeartRateBpm><Cadence>81</Cadence><SensorState>Present</SensorState><Extensions><TPX xmlns="http://www.garmin.com/xmlschemas/ActivityExtension/v2"><Watts>360</Watts></TPX></Extensions></Trackpoint><Trackpoint xmlns="http://www.garmin.com/xmlschemas/TrainingCenterDatabase/v2"><Time>2026-08-29T07:10:22.055Z</Time><Position><LatitudeDegrees>52.33246167</LatitudeDegrees><LongitudeDegrees>12.99667</LongitudeDegrees></Position><AltitudeMeters>52.883</AltitudeMeters><DistanceMeters>1303.5999755859375</DistanceMeters><HeartRateBpm><Value>183</Value></HeartRateBpm><Cadence>81</Cadence><SensorState>Present</SensorState><Extensions><TPX xmlns="http://www.garmin.com/xmlschemas/ActivityExtension/v2"><Watts>372</Watts></TPX></Extensions></Trackpoint><Trackpoint xmlns="http://www.garmin.com/xmlschemas/TrainingCenterDatabase/v2"><Time>2026-08-29T07:10:23.055Z</Time><Position><LatitudeDegrees>52.33243667</LatitudeDegrees><LongitudeDegrees>12.99663167</LongitudeDegrees></Position><AltitudeMeters>52.883</AltitudeMeters><DistanceMeters>1307.5</DistanceMeters><HeartRateBpm><Value>183</Value></HeartRateBpm><Cadence>81</Cadence><SensorState>Present</SensorState><Extensions><TPX xmlns="http://www.garmin.com/xmlschemas/ActivityExtension/v2"><Watts>374</Watts></TPX></Extensions></Trackpoint><Trackpoint xmlns="http://www.garmin.com/xmlschemas/TrainingCenterDatabase/v2"><Time>2026-08-29T07:10:24.055Z</Time><Position><LatitudeDegrees>52.33241167</LatitudeDegrees><LongitudeDegrees>12.99658333</LongitudeDegrees></Position><AltitudeMeters>52.883</AltitudeMeters><DistanceMeters>1311.300048828125</DistanceMeters><HeartRateBpm><Value>183</Value></HeartRateBpm><Cadence>81</Cadence><SensorState>Present</SensorState><Extensions><TPX xmlns="http://www.garmin.com/xmlschemas/ActivityExtension/v2"><Watts>370</Watts></TPX></Extensions></Trackpoint><Trackpoint xmlns="http://www.garmin.com/xmlschemas/TrainingCenterDatabase/v2"><Time>2026-08-29T07:10:25.055Z</Time><Position><LatitudeDegrees>52.33239</LatitudeDegrees><LongitudeDegrees>12.99654833</LongitudeDegrees></Position><AltitudeMeters>52.883</AltitudeMeters><DistanceMeters>1315.0</DistanceMeters><HeartRateBpm><Value>183</Value></HeartRateBpm><Cadence>80</Cadence><SensorState>Present</SensorState><Extensions><TPX xmlns="http://www.garmin.com/xmlschemas/ActivityExtension/v2"><Watts>368</Watts></TPX></Extensions></Trackpoint><Trackpoint xmlns="http://www.garmin.com/xmlschemas/TrainingCenterDatabase/v2"><Time>2026-08-29T07:10:26.055Z</Time><Position><LatitudeDegrees>52.33237167</LatitudeDegrees><LongitudeDegrees>12.99651833</LongitudeDegrees></Position><AltitudeMeters>52.883</AltitudeMeters><DistanceMeters>1319.199951171875</DistanceMeters><HeartRateBpm><Value>183</Value></HeartRateBpm><Cadence>80</Cadence><SensorState>Present</SensorState><Extensions><TPX xmlns="http://www.garmin.com/xmlschemas/ActivityExtension/v2"><Watts>372</Watts></TPX></Extensions></Trackpoint><Trackpoint xmlns="http://www.garmin.com/xmlschemas/TrainingCenterDatabase/v2"><Time>2026-08-29T07:10:27.055Z</Time><Position><LatitudeDegrees>52.33235333</LatitudeDegrees><LongitudeDegrees>12.99649333</LongitudeDegrees></Position><AltitudeMeters>52.883</AltitudeMeters><DistanceMeters>1322.800048828125</DistanceMeters><HeartRateBpm><Value>183</Value></HeartRateBpm><Cadence>81</Cadence><SensorState>Present</SensorState><Extensions><TPX xmlns="http://www.garmin.com/xmlschemas/ActivityExtension/v2"><Watts>374</Watts></TPX></Extensions></Trackpoint><Trackpoint xmlns="http://www.garmin.com/xmlschemas/TrainingCenterDatabase/v2"><Time>2026-08-29T07:10:28.055Z</Time><Position><LatitudeDegrees>52.33233833</LatitudeDegrees><LongitudeDegrees>12.99646667</LongitudeDegrees></Position><AltitudeMeters>52.883</AltitudeMeters><DistanceMeters>1326.0</DistanceMeters><HeartRateBpm><Value>183</Value></HeartRateBpm><Cadence>81</Cadence><SensorState>Present</SensorState><Extensions><TPX xmlns="http://www.garmin.com/xmlschemas/ActivityExtension/v2"><Watts>374</Watts></TPX></Extensions></Trackpoint><Trackpoint xmlns="http://www.garmin.com/xmlschemas/TrainingCenterDatabase/v2"><Time>2026-08-29T07:10:29.055Z</Time><Position><LatitudeDegrees>52.33232333</LatitudeDegrees><LongitudeDegrees>12.99643667</LongitudeDegrees></Position><AltitudeMeters>52.883</AltitudeMeters><DistanceMeters>1328.9000244140625</DistanceMeters><HeartRateBpm><Value>183</Value></HeartRateBpm><Cadence>81</Cadence><SensorState>Present</SensorState><Extensions><TPX xmlns="http://www.garmin.com/xmlschemas/ActivityExtension/v2"><Watts>372</Watts></TPX></Extensions></Trackpoint><Trackpoint xmlns="http://www.garmin.com/xmlschemas/TrainingCenterDatabase/v2"><Time>2026-08-29T07:10:30.055Z</Time><Position><LatitudeDegrees>52.33230667</LatitudeDegrees><LongitudeDegrees>12.99641</LongitudeDegrees></Position><AltitudeMeters>52.883</AltitudeMeters><DistanceMeters>1331.5</DistanceMeters><HeartRateBpm><Value>183</Value></HeartRateBpm><Cadence>81</Cadence><SensorState>Present</SensorState><Extensions><TPX xmlns="http://www.garmin.com/xmlschemas/ActivityExtension/v2"><Watts>364</Watts></TPX></Extensions></Trackpoint><Trackpoint xmlns="http://www.garmin.com/xmlschemas/TrainingCenterDatabase/v2"><Time>2026-08-29T07:10:31.055Z</Time><Position><LatitudeDegrees>52.33229</LatitudeDegrees><LongitudeDegrees>12.99639</LongitudeDegrees></Position><AltitudeMeters>52.883</AltitudeMeters><DistanceMeters>1334.199951171875</DistanceMeters><HeartRateBpm><Value>183</Value></HeartRateBpm><Cadence>81</Cadence><SensorState>Present</SensorState><Extensions><TPX xmlns="http://www.garmin.com/xmlschemas/ActivityExtension/v2"><Watts>354</Watts></TPX></Extensions></Trackpoint><Trackpoint xmlns="http://www.garmin.com/xmlschemas/TrainingCenterDatabase/v2"><Time>2026-08-29T07:10:32.055Z</Time><Position><LatitudeDegrees>52.33227667</LatitudeDegrees><LongitudeDegrees>12.996375</LongitudeDegrees></Position><AltitudeMeters>52.883</AltitudeMeters><DistanceMeters>1336.699951171875</DistanceMeters><HeartRateBpm><Value>183</Value></HeartRateBpm><Cadence>81</Cadence><SensorState>Present</SensorState><Extensions><TPX xmlns="http://www.garmin.com/xmlschemas/ActivityExtension/v2"><Watts>344</Watts></TPX></Extensions></Trackpoint><Trackpoint xmlns="http://www.garmin.com/xmlschemas/TrainingCenterDatabase/v2"><Time>2026-08-29T07:10:33.055Z</Time><Position><LatitudeDegrees>52.33225333</LatitudeDegrees><LongitudeDegrees>12.996355</LongitudeDegrees></Position><AltitudeMeters>52.883</AltitudeMeters><DistanceMeters>1338.5999755859375</DistanceMeters><HeartRateBpm><Value>183</Value></HeartRateBpm><Cadence>81</Cadence><SensorState>Present</SensorState><Extensions><TPX xmlns="http://www.garmin.com/xmlschemas/ActivityExtension/v2"><Watts>336</Watts></TPX></Extensions></Trackpoint><Trackpoint xmlns="http://www.garmin.com/xmlschemas/TrainingCenterDatabase/v2"><Time>2026-08-29T07:10:34.055Z</Time><Position><LatitudeDegrees>52.33223333</LatitudeDegrees><LongitudeDegrees>12.99633667</LongitudeDegrees></Position><AltitudeMeters>52.883</AltitudeMeters><DistanceMeters>1340.199951171875</DistanceMeters><HeartRateBpm><Value>183</Value></HeartRateBpm><Cadence>81</Cadence><SensorState>Present</SensorState><Extensions><TPX xmlns="http://www.garmin.com/xmlschemas/ActivityExtension/v2"><Watts>326</Watts></TPX></Extensions></Trackpoint><Trackpoint xmlns="http://www.garmin.com/xmlschemas/TrainingCenterDatabase/v2"><Time>2026-08-29T07:10:35.055Z</Time><Position><LatitudeDegrees>52.33221333</LatitudeDegrees><LongitudeDegrees>12.99631667</LongitudeDegrees></Position><AltitudeMeters>52.883</AltitudeMeters><DistanceMeters>1341.9000244140625</DistanceMeters><HeartRateBpm><Value>183</Value></HeartRateBpm><Cadence>81</Cadence><SensorState>Present</SensorState><Extensions><TPX xmlns="http://www.garmin.com/xmlschemas/ActivityExtension/v2"><Watts>318</Watts></TPX></Extensions></Trackpoint><Trackpoint xmlns="http://www.garmin.com/xmlschemas/TrainingCenterDatabase/v2"><Time>2026-08-29T07:10:36.055Z</Time><Position><LatitudeDegrees>52.332195</LatitudeDegrees><LongitudeDegrees>12.99629667</LongitudeDegrees></Position><AltitudeMeters>52.883</AltitudeMeters><DistanceMeters>1343.9000244140625</DistanceMeters><HeartRateBpm><Value>183</Value></HeartRateBpm><Cadence>81</Cadence><SensorState>Present</SensorState><Extensions><TPX xmlns="http://www.garmin.com/xmlschemas/ActivityExtension/v2"><Watts>308</Watts></TPX></Extensions></Trackpoint><Trackpoint xmlns="http://www.garmin.com/xmlschemas/TrainingCenterDatabase/v2"><Time>2026-08-29T07:10:37.055Z</Time><Position><LatitudeDegrees>52.33218167</LatitudeDegrees><LongitudeDegrees>12.99627833</LongitudeDegrees></Position><AltitudeMeters>52.883</AltitudeMeters><DistanceMeters>1346.199951171875</DistanceMeters><HeartRateBpm><Value>183</Value></HeartRateBpm><Cadence>81</Cadence><SensorState>Present</SensorState><Extensions><TPX xmlns="http://www.garmin.com/xmlschemas/ActivityExtension/v2"><Watts>300</Watts></TPX></Extensions></Trackpoint><Trackpoint xmlns="http://www.garmin.com/xmlschemas/TrainingCenterDatabase/v2"><Time>2026-08-29T07:10:38.055Z</Time><Position><LatitudeDegrees>52.33216167</LatitudeDegrees><LongitudeDegrees>12.99625</LongitudeDegrees></Position><AltitudeMeters>52.883</AltitudeMeters><DistanceMeters>1348.5</DistanceMeters><HeartRateBpm><Value>183</Value></HeartRateBpm><Cadence>80</Cadence><SensorState>Present</SensorState><Extensions><TPX xmlns="http://www.garmin.com/xmlschemas/ActivityExtension/v2"><Watts>290</Watts></TPX></Extensions></Trackpoint><Trackpoint xmlns="http://www.garmin.com/xmlschemas/TrainingCenterDatabase/v2"><Time>2026-08-29T07:10:39.055Z</Time><Position><LatitudeDegrees>52.33214167</LatitudeDegrees><LongitudeDegrees>12.996225</LongitudeDegrees></Position><AltitudeMeters>52.883</AltitudeMeters><DistanceMeters>1350.5999755859375</DistanceMeters><HeartRateBpm><Value>183</Value></HeartRateBpm><Cadence>80</Cadence><SensorState>Present</SensorState><Extensions><TPX xmlns="http://www.garmin.com/xmlschemas/ActivityExtension/v2"><Watts>284</Watts></TPX></Extensions></Trackpoint><Trackpoint xmlns="http://www.garmin.com/xmlschemas/TrainingCenterDatabase/v2"><Time>2026-08-29T07:10:40.055Z</Time><Position><LatitudeDegrees>52.33212333</LatitudeDegrees><LongitudeDegrees>12.99619667</LongitudeDegrees></Position><AltitudeMeters>52.883</AltitudeMeters><DistanceMeters>1353.300048828125</DistanceMeters><HeartRateBpm><Value>183</Value></HeartRateBpm><Cadence>80</Cadence><SensorState>Present</SensorState><Extensions><TPX xmlns="http://www.garmin.com/xmlschemas/ActivityExtension/v2"><Watts>286</Watts></TPX></Extensions></Trackpoint><Trackpoint xmlns="http://www.garmin.com/xmlschemas/TrainingCenterDatabase/v2"><Time>2026-08-29T07:10:41.055Z</Time><Position><LatitudeDegrees>52.332105</LatitudeDegrees><LongitudeDegrees>12.99616667</LongitudeDegrees></Position><AltitudeMeters>52.883</AltitudeMeters><DistanceMeters>1356.0</DistanceMeters><HeartRateBpm><Value>183</Value></HeartRateBpm><Cadence>80</Cadence><SensorState>Present</SensorState><Extensions><TPX xmlns="http://www.garmin.com/xmlschemas/ActivityExtension/v2"><Watts>296</Watts></TPX></Extensions></Trackpoint><Trackpoint xmlns="http://www.garmin.com/xmlschemas/TrainingCenterDatabase/v2"><Time>2026-08-29T07:10:42.055Z</Time><Position><LatitudeDegrees>52.33208167</LatitudeDegrees><LongitudeDegrees>12.99613667</LongitudeDegrees></Position><AltitudeMeters>52.883</AltitudeMeters><DistanceMeters>1358.9000244140625</DistanceMeters><HeartRateBpm><Value>183</Value></HeartRateBpm><Cadence>80</Cadence><SensorState>Present</SensorState><Extensions><TPX xmlns="http://www.garmin.com/xmlschemas/ActivityExtension/v2"><Watts>296</Watts></TPX></Extensions></Trackpoint><Trackpoint xmlns="http://www.garmin.com/xmlschemas/TrainingCenterDatabase/v2"><Time>2026-08-29T07:10:43.055Z</Time><Position><LatitudeDegrees>52.33205833</LatitudeDegrees><LongitudeDegrees>12.99610333</LongitudeDegrees></Position><AltitudeMeters>52.883</AltitudeMeters><DistanceMeters>1362.0999755859375</DistanceMeters><HeartRateBpm><Value>183</Value></HeartRateBpm><Cadence>80</Cadence><SensorState>Present</SensorState><Extensions><TPX xmlns="http://www.garmin.com/xmlschemas/ActivityExtension/v2"><Watts>296</Watts></TPX></Extensions></Trackpoint><Trackpoint xmlns="http://www.garmin.com/xmlschemas/TrainingCenterDatabase/v2"><Time>2026-08-29T07:10:44.055Z</Time><Position><LatitudeDegrees>52.33203667</LatitudeDegrees><LongitudeDegrees>12.99607667</LongitudeDegrees></Position><AltitudeMeters>52.883</AltitudeMeters><DistanceMeters>1365.0999755859375</DistanceMeters><HeartRateBpm><Value>183</Value></HeartRateBpm><Cadence>80</Cadence><SensorState>Present</SensorState><Extensions><TPX xmlns="http://www.garmin.com/xmlschemas/ActivityExtension/v2"><Watts>304</Watts></TPX></Extensions></Trackpoint><Trackpoint xmlns="http://www.garmin.com/xmlschemas/TrainingCenterDatabase/v2"><Time>2026-08-29T07:10:45.055Z</Time><Position><LatitudeDegrees>52.332015</LatitudeDegrees><LongitudeDegrees>12.99604667</LongitudeDegrees></Position><AltitudeMeters>52.883</AltitudeMeters><DistanceMeters>1368.4000244140625</DistanceMeters><HeartRateBpm><Value>183</Value></HeartRateBpm><Cadence>80</Cadence><SensorState>Present</SensorState><Extensions><TPX xmlns="http://www.garmin.com/xmlschemas/ActivityExtension/v2"><Watts>310</Watts></TPX></Extensions></Trackpoint><Trackpoint xmlns="http://www.garmin.com/xmlschemas/TrainingCenterDatabase/v2"><Time>2026-08-29T07:10:46.055Z</Time><Position><LatitudeDegrees>52.33199167</LatitudeDegrees><LongitudeDegrees>12.99601667</LongitudeDegrees></Position><AltitudeMeters>52.883</AltitudeMeters><DistanceMeters>1371.699951171875</DistanceMeters><HeartRateBpm><Value>183</Value></HeartRateBpm><Cadence>81</Cadence><SensorState>Present</SensorState><Extensions><TPX xmlns="http://www.garmin.com/xmlschemas/ActivityExtension/v2"><Watts>314</Watts></TPX></Extensions></Trackpoint><Trackpoint xmlns="http://www.garmin.com/xmlschemas/TrainingCenterDatabase/v2"><Time>2026-08-29T07:10:47.055Z</Time><Position><LatitudeDegrees>52.33196833</LatitudeDegrees><LongitudeDegrees>12.99598333</LongitudeDegrees></Position><AltitudeMeters>52.883</AltitudeMeters><DistanceMeters>1375.199951171875</DistanceMeters><HeartRateBpm><Value>183</Value></HeartRateBpm><Cadence>81</Cadence><SensorState>Present</SensorState><Extensions><TPX xmlns="http://www.garmin.com/xmlschemas/ActivityExtension/v2"><Watts>318</Watts></TPX></Extensions></Trackpoint><Trackpoint xmlns="http://www.garmin.com/xmlschemas/TrainingCenterDatabase/v2"><Time>2026-08-29T07:10:48.055Z</Time><Position><LatitudeDegrees>52.33195333</LatitudeDegrees><LongitudeDegrees>12.995945</LongitudeDegrees></Position><AltitudeMeters>52.883</AltitudeMeters><DistanceMeters>1379.0999755859375</DistanceMeters><HeartRateBpm><Value>183</Value></HeartRateBpm><Cadence>81</Cadence><SensorState>Present</SensorState><Extensions><TPX xmlns="http://www.garmin.com/xmlschemas/ActivityExtension/v2"><Watts>320</Watts></TPX></Extensions></Trackpoint><Trackpoint xmlns="http://www.garmin.com/xmlschemas/TrainingCenterDatabase/v2"><Time>2026-08-29T07:10:49.055Z</Time><Position><LatitudeDegrees>52.33194167</LatitudeDegrees><LongitudeDegrees>12.995895</LongitudeDegrees></Position><AltitudeMeters>52.883</AltitudeMeters><DistanceMeters>1382.5999755859375</DistanceMeters><HeartRateBpm><Value>183</Value></HeartRateBpm><Cadence>81</Cadence><SensorState>Present</SensorState><Extensions><TPX xmlns="http://www.garmin.com/xmlschemas/ActivityExtension/v2"><Watts>324</Watts></TPX></Extensions></Trackpoint><Trackpoint xmlns="http://www.garmin.com/xmlschemas/TrainingCenterDatabase/v2"><Time>2026-08-29T07:10:50.055Z</Time><Position><LatitudeDegrees>52.33193833</LatitudeDegrees><LongitudeDegrees>12.99584833</LongitudeDegrees></Position><AltitudeMeters>52.883</AltitudeMeters><DistanceMeters>1385.9000244140625</DistanceMeters><HeartRateBpm><Value>183</Value></HeartRateBpm><Cadence>81</Cadence><SensorState>Present</SensorState><Extensions><TPX xmlns="http://www.garmin.com/xmlschemas/ActivityExtension/v2"><Watts>322</Watts></TPX></Extensions></Trackpoint><Trackpoint xmlns="http://www.garmin.com/xmlschemas/TrainingCenterDatabase/v2"><Time>2026-08-29T07:10:51.055Z</Time><Position><LatitudeDegrees>52.33193667</LatitudeDegrees><LongitudeDegrees>12.99577833</LongitudeDegrees></Position><AltitudeMeters>52.883</AltitudeMeters><DistanceMeters>1389.5</DistanceMeters><HeartRateBpm><Value>183</Value></HeartRateBpm><Cadence>81</Cadence><SensorState>Present</SensorState><Extensions><TPX xmlns="http://www.garmin.com/xmlschemas/ActivityExtension/v2"><Watts>314</Watts></TPX></Extensions></Trackpoint><Trackpoint xmlns="http://www.garmin.com/xmlschemas/TrainingCenterDatabase/v2"><Time>2026-08-29T07:10:52.055Z</Time><Position><LatitudeDegrees>52.33192833</LatitudeDegrees><LongitudeDegrees>12.99570667</LongitudeDegrees></Position><AltitudeMeters>52.883</AltitudeMeters><DistanceMeters>1392.699951171875</DistanceMeters><HeartRateBpm><Value>183</Value></HeartRateBpm><Cadence>81</Cadence><SensorState>Present</SensorState><Extensions><TPX xmlns="http://www.garmin.com/xmlschemas/ActivityExtension/v2"><Watts>316</Watts></TPX></Extensions></Trackpoint><Trackpoint xmlns="http://www.garmin.com/xmlschemas/TrainingCenterDatabase/v2"><Time>2026-08-29T07:10:53.055Z</Time><Position><LatitudeDegrees>52.33192833</LatitudeDegrees><LongitudeDegrees>12.99563167</LongitudeDegrees></Position><AltitudeMeters>52.883</AltitudeMeters><DistanceMeters>1396.9000244140625</DistanceMeters><HeartRateBpm><Value>183</Value></HeartRateBpm><Cadence>80</Cadence><SensorState>Present</SensorState><Extensions><TPX xmlns="http://www.garmin.com/xmlschemas/ActivityExtension/v2"><Watts>332</Watts></TPX></Extensions></Trackpoint><Trackpoint xmlns="http://www.garmin.com/xmlschemas/TrainingCenterDatabase/v2"><Time>2026-08-29T07:10:54.055Z</Time><Position><LatitudeDegrees>52.33193167</LatitudeDegrees><LongitudeDegrees>12.99557167</LongitudeDegrees></Position><AltitudeMeters>52.883</AltitudeMeters><DistanceMeters>1401.5</DistanceMeters><HeartRateBpm><Value>183</Value></HeartRateBpm><Cadence>80</Cadence><SensorState>Present</SensorState><Extensions><TPX xmlns="http://www.garmin.com/xmlschemas/ActivityExtension/v2"><Watts>350</Watts></TPX></Extensions></Trackpoint><Trackpoint xmlns="http://www.garmin.com/xmlschemas/TrainingCenterDatabase/v2"><Time>2026-08-29T07:10:55.055Z</Time><Position><LatitudeDegrees>52.33193333</LatitudeDegrees><LongitudeDegrees>12.99551667</LongitudeDegrees></Position><AltitudeMeters>52.883</AltitudeMeters><DistanceMeters>1406.4000244140625</DistanceMeters><HeartRateBpm><Value>183</Value></HeartRateBpm><Cadence>80</Cadence><SensorState>Present</SensorState><Extensions><TPX xmlns="http://www.garmin.com/xmlschemas/ActivityExtension/v2"><Watts>362</Watts></TPX></Extensions></Trackpoint><Trackpoint xmlns="http://www.garmin.com/xmlschemas/TrainingCenterDatabase/v2"><Time>2026-08-29T07:10:56.055Z</Time><Position><LatitudeDegrees>52.33193333</LatitudeDegrees><LongitudeDegrees>12.99545833</LongitudeDegrees></Position><AltitudeMeters>52.883</AltitudeMeters><DistanceMeters>1410.800048828125</DistanceMeters><HeartRateBpm><Value>183</Value></HeartRateBpm><Cadence>80</Cadence><SensorState>Present</SensorState><Extensions><TPX xmlns="http://www.garmin.com/xmlschemas/ActivityExtension/v2"><Watts>370</Watts></TPX></Extensions></Trackpoint><Trackpoint xmlns="http://www.garmin.com/xmlschemas/TrainingCenterDatabase/v2"><Time>2026-08-29T07:10:57.055Z</Time><Position><LatitudeDegrees>52.33193333</LatitudeDegrees><LongitudeDegrees>12.99540667</LongitudeDegrees></Position><AltitudeMeters>52.883</AltitudeMeters><DistanceMeters>1415.300048828125</DistanceMeters><HeartRateBpm><Value>183</Value></HeartRateBpm><Cadence>80</Cadence><SensorState>Present</SensorState><Extensions><TPX xmlns="http://www.garmin.com/xmlschemas/ActivityExtension/v2"><Watts>374</Watts></TPX></Extensions></Trackpoint><Trackpoint xmlns="http://www.garmin.com/xmlschemas/TrainingCenterDatabase/v2"><Time>2026-08-29T07:10:58.055Z</Time><Position><LatitudeDegrees>52.331935</LatitudeDegrees><LongitudeDegrees>12.99536</LongitudeDegrees></Position><AltitudeMeters>52.883</AltitudeMeters><DistanceMeters>1420.199951171875</DistanceMeters><HeartRateBpm><Value>182</Value></HeartRateBpm><Cadence>81</Cadence><SensorState>Present</SensorState><Extensions><TPX xmlns="http://www.garmin.com/xmlschemas/ActivityExtension/v2"><Watts>368</Watts></TPX></Extensions></Trackpoint><Trackpoint xmlns="http://www.garmin.com/xmlschemas/TrainingCenterDatabase/v2"><Time>2026-08-29T07:10:59.055Z</Time><Position><LatitudeDegrees>52.33193833</LatitudeDegrees><LongitudeDegrees>12.99532167</LongitudeDegrees></Position><AltitudeMeters>52.883</AltitudeMeters><DistanceMeters>1424.699951171875</DistanceMeters><HeartRateBpm><Value>182</Value></HeartRateBpm><Cadence>80</Cadence><SensorState>Present</SensorState><Extensions><TPX xmlns="http://www.garmin.com/xmlschemas/ActivityExtension/v2"><Watts>352</Watts></TPX></Extensions></Trackpoint><Trackpoint xmlns="http://www.garmin.com/xmlschemas/TrainingCenterDatabase/v2"><Time>2026-08-29T07:11:00.055Z</Time><Position><LatitudeDegrees>52.33194</LatitudeDegrees><LongitudeDegrees>12.995285</LongitudeDegrees></Position><AltitudeMeters>52.883</AltitudeMeters><DistanceMeters>1428.300048828125</DistanceMeters><HeartRateBpm><Value>182</Value></HeartRateBpm><Cadence>80</Cadence><SensorState>Present</SensorState><Extensions><TPX xmlns="http://www.garmin.com/xmlschemas/ActivityExtension/v2"><Watts>340</Watts></TPX></Extensions></Trackpoint><Trackpoint xmlns="http://www.garmin.com/xmlschemas/TrainingCenterDatabase/v2"><Time>2026-08-29T07:11:01.055Z</Time><Position><LatitudeDegrees>52.331945</LatitudeDegrees><LongitudeDegrees>12.995245</LongitudeDegrees></Position><AltitudeMeters>52.883</AltitudeMeters><DistanceMeters>1431.800048828125</DistanceMeters><HeartRateBpm><Value>182</Value></HeartRateBpm><Cadence>80</Cadence><SensorState>Present</SensorState><Extensions><TPX xmlns="http://www.garmin.com/xmlschemas/ActivityExtension/v2"><Watts>330</Watts></TPX></Extensions></Trackpoint><Trackpoint xmlns="http://www.garmin.com/xmlschemas/TrainingCenterDatabase/v2"><Time>2026-08-29T07:11:02.055Z</Time><Position><LatitudeDegrees>52.33195167</LatitudeDegrees><LongitudeDegrees>12.99519833</LongitudeDegrees></Position><AltitudeMeters>52.883</AltitudeMeters><DistanceMeters>1434.0</DistanceMeters><HeartRateBpm><Value>182</Value></HeartRateBpm><Cadence>80</Cadence><SensorState>Present</SensorState><Extensions><TPX xmlns="http://www.garmin.com/xmlschemas/ActivityExtension/v2"><Watts>322</Watts></TPX></Extensions></Trackpoint><Trackpoint xmlns="http://www.garmin.com/xmlschemas/TrainingCenterDatabase/v2"><Time>2026-08-29T07:11:03.055Z</Time><Position><LatitudeDegrees>52.33196</LatitudeDegrees><LongitudeDegrees>12.99514167</LongitudeDegrees></Position><AltitudeMeters>52.883</AltitudeMeters><DistanceMeters>1436.0999755859375</DistanceMeters><HeartRateBpm><Value>182</Value></HeartRateBpm><Cadence>80</Cadence><SensorState>Present</SensorState><Extensions><TPX xmlns="http://www.garmin.com/xmlschemas/ActivityExtension/v2"><Watts>316</Watts></TPX></Extensions></Trackpoint><Trackpoint xmlns="http://www.garmin.com/xmlschemas/TrainingCenterDatabase/v2"><Time>2026-08-29T07:11:04.055Z</Time><Position><LatitudeDegrees>52.331965</LatitudeDegrees><LongitudeDegrees>12.99507167</LongitudeDegrees></Position><AltitudeMeters>52.883</AltitudeMeters><DistanceMeters>1438.4000244140625</DistanceMeters><HeartRateBpm><Value>182</Value></HeartRateBpm><Cadence>80</Cadence><SensorState>Present</SensorState><Extensions><TPX xmlns="http://www.garmin.com/xmlschemas/ActivityExtension/v2"><Watts>312</Watts></TPX></Extensions></Trackpoint><Trackpoint xmlns="http://www.garmin.com/xmlschemas/TrainingCenterDatabase/v2"><Time>2026-08-29T07:11:05.055Z</Time><Position><LatitudeDegrees>52.33196667</LatitudeDegrees><LongitudeDegrees>12.995</LongitudeDegrees></Position><AltitudeMeters>52.883</AltitudeMeters><DistanceMeters>1441.4000244140625</DistanceMeters><HeartRateBpm><Value>182</Value></HeartRateBpm><Cadence>80</Cadence><SensorState>Present</SensorState><Extensions><TPX xmlns="http://www.garmin.com/xmlschemas/ActivityExtension/v2"><Watts>318</Watts></TPX></Extensions></Trackpoint><Trackpoint xmlns="http://www.garmin.com/xmlschemas/TrainingCenterDatabase/v2"><Time>2026-08-29T07:11:06.055Z</Time><Position><LatitudeDegrees>52.33196333</LatitudeDegrees><LongitudeDegrees>12.99493833</LongitudeDegrees></Position><AltitudeMeters>52.883</AltitudeMeters><DistanceMeters>1445.4000244140625</DistanceMeters><HeartRateBpm><Value>182</Value></HeartRateBpm><Cadence>80</Cadence><SensorState>Present</SensorState><Extensions><TPX xmlns="http://www.garmin.com/xmlschemas/ActivityExtension/v2"><Watts>334</Watts></TPX></Extensions></Trackpoint><Trackpoint xmlns="http://www.garmin.com/xmlschemas/TrainingCenterDatabase/v2"><Time>2026-08-29T07:11:07.055Z</Time><Position><LatitudeDegrees>52.33196333</LatitudeDegrees><LongitudeDegrees>12.99487833</LongitudeDegrees></Position><AltitudeMeters>52.883</AltitudeMeters><DistanceMeters>1449.5</DistanceMeters><HeartRateBpm><Value>182</Value></HeartRateBpm><Cadence>80</Cadence><SensorState>Present</SensorState><Extensions><TPX xmlns="http://www.garmin.com/xmlschemas/ActivityExtension/v2"><Watts>350</Watts></TPX></Extensions></Trackpoint><Trackpoint xmlns="http://www.garmin.com/xmlschemas/TrainingCenterDatabase/v2"><Time>2026-08-29T07:11:08.055Z</Time><Position><LatitudeDegrees>52.33196833</LatitudeDegrees><LongitudeDegrees>12.99481333</LongitudeDegrees></Position><AltitudeMeters>51.817</AltitudeMeters><DistanceMeters>1453.800048828125</DistanceMeters><HeartRateBpm><Value>182</Value></HeartRateBpm><Cadence>80</Cadence><SensorState>Present</SensorState><Extensions><TPX xmlns="http://www.garmin.com/xmlschemas/ActivityExtension/v2"><Watts>364</Watts></TPX></Extensions></Trackpoint><Trackpoint xmlns="http://www.garmin.com/xmlschemas/TrainingCenterDatabase/v2"><Time>2026-08-29T07:11:09.055Z</Time><Position><LatitudeDegrees>52.33197167</LatitudeDegrees><LongitudeDegrees>12.994755</LongitudeDegrees></Position><AltitudeMeters>51.817</AltitudeMeters><DistanceMeters>1458.4000244140625</DistanceMeters><HeartRateBpm><Value>182</Value></HeartRateBpm><Cadence>80</Cadence><SensorState>Present</SensorState><Extensions><TPX xmlns="http://www.garmin.com/xmlschemas/ActivityExtension/v2"><Watts>376</Watts></TPX></Extensions></Trackpoint><Trackpoint xmlns="http://www.garmin.com/xmlschemas/TrainingCenterDatabase/v2"><Time>2026-08-29T07:11:10.055Z</Time><Position><LatitudeDegrees>52.33197167</LatitudeDegrees><LongitudeDegrees>12.99471333</LongitudeDegrees></Position><AltitudeMeters>51.817</AltitudeMeters><DistanceMeters>1463.5999755859375</DistanceMeters><HeartRateBpm><Value>182</Value></HeartRateBpm><Cadence>80</Cadence><SensorState>Present</SensorState><Extensions><TPX xmlns="http://www.garmin.com/xmlschemas/ActivityExtension/v2"><Watts>384</Watts></TPX></Extensions></Trackpoint><Trackpoint xmlns="http://www.garmin.com/xmlschemas/TrainingCenterDatabase/v2"><Time>2026-08-29T07:11:11.055Z</Time><Position><LatitudeDegrees>52.33197</LatitudeDegrees><LongitudeDegrees>12.99467667</LongitudeDegrees></Position><AltitudeMeters>51.817</AltitudeMeters><DistanceMeters>1468.5</DistanceMeters><HeartRateBpm><Value>182</Value></HeartRateBpm><Cadence>81</Cadence><SensorState>Present</SensorState><Extensions><TPX xmlns="http://www.garmin.com/xmlschemas/ActivityExtension/v2"><Watts>388</Watts></TPX></Extensions></Trackpoint><Trackpoint xmlns="http://www.garmin.com/xmlschemas/TrainingCenterDatabase/v2"><Time>2026-08-29T07:11:12.055Z</Time><Position><LatitudeDegrees>52.331965</LatitudeDegrees><LongitudeDegrees>12.99463667</LongitudeDegrees></Position><AltitudeMeters>51.817</AltitudeMeters><DistanceMeters>1472.5999755859375</DistanceMeters><HeartRateBpm><Value>182</Value></HeartRateBpm><Cadence>81</Cadence><SensorState>Present</SensorState><Extensions><TPX xmlns="http://www.garmin.com/xmlschemas/ActivityExtension/v2"><Watts>378</Watts></TPX></Extensions></Trackpoint><Trackpoint xmlns="http://www.garmin.com/xmlschemas/TrainingCenterDatabase/v2"><Time>2026-08-29T07:11:13.055Z</Time><Position><LatitudeDegrees>52.33195667</LatitudeDegrees><LongitudeDegrees>12.99459333</LongitudeDegrees></Position><AltitudeMeters>51.817</AltitudeMeters><DistanceMeters>1476.0</DistanceMeters><HeartRateBpm><Value>182</Value></HeartRateBpm><Cadence>81</Cadence><SensorState>Present</SensorState><Extensions><TPX xmlns="http://www.garmin.com/xmlschemas/ActivityExtension/v2"><Watts>356</Watts></TPX></Extensions></Trackpoint><Trackpoint xmlns="http://www.garmin.com/xmlschemas/TrainingCenterDatabase/v2"><Time>2026-08-29T07:11:14.055Z</Time><Position><LatitudeDegrees>52.33195167</LatitudeDegrees><LongitudeDegrees>12.99456333</LongitudeDegrees></Position><AltitudeMeters>51.817</AltitudeMeters><DistanceMeters>1478.800048828125</DistanceMeters><HeartRateBpm><Value>182</Value></HeartRateBpm><Cadence>81</Cadence><SensorState>Present</SensorState><Extensions><TPX xmlns="http://www.garmin.com/xmlschemas/ActivityExtension/v2"><Watts>340</Watts></TPX></Extensions></Trackpoint><Trackpoint xmlns="http://www.garmin.com/xmlschemas/TrainingCenterDatabase/v2"><Time>2026-08-29T07:11:15.055Z</Time><Position><LatitudeDegrees>52.33194167</LatitudeDegrees><LongitudeDegrees>12.99453333</LongitudeDegrees></Position><AltitudeMeters>51.817</AltitudeMeters><DistanceMeters>1481.199951171875</DistanceMeters><HeartRateBpm><Value>182</Value></HeartRateBpm><Cadence>81</Cadence><SensorState>Present</SensorState><Extensions><TPX xmlns="http://www.garmin.com/xmlschemas/ActivityExtension/v2"><Watts>326</Watts></TPX></Extensions></Trackpoint><Trackpoint xmlns="http://www.garmin.com/xmlschemas/TrainingCenterDatabase/v2"><Time>2026-08-29T07:11:16.055Z</Time><Position><LatitudeDegrees>52.33192333</LatitudeDegrees><LongitudeDegrees>12.994495</LongitudeDegrees></Position><AltitudeMeters>51.817</AltitudeMeters><DistanceMeters>1482.800048828125</DistanceMeters><HeartRateBpm><Value>182</Value></HeartRateBpm><Cadence>81</Cadence><SensorState>Present</SensorState><Extensions><TPX xmlns="http://www.garmin.com/xmlschemas/ActivityExtension/v2"><Watts>312</Watts></TPX></Extensions></Trackpoint><Trackpoint xmlns="http://www.garmin.com/xmlschemas/TrainingCenterDatabase/v2"><Time>2026-08-29T07:11:17.055Z</Time><Position><LatitudeDegrees>52.33189833</LatitudeDegrees><LongitudeDegrees>12.99443333</LongitudeDegrees></Position><AltitudeMeters>51.817</AltitudeMeters><DistanceMeters>1484.5999755859375</DistanceMeters><HeartRateBpm><Value>182</Value></HeartRateBpm><Cadence>81</Cadence><SensorState>Present</SensorState><Extensions><TPX xmlns="http://www.garmin.com/xmlschemas/ActivityExtension/v2"><Watts>304</Watts></TPX></Extensions></Trackpoint><Trackpoint xmlns="http://www.garmin.com/xmlschemas/TrainingCenterDatabase/v2"><Time>2026-08-29T07:11:18.055Z</Time><Position><LatitudeDegrees>52.33187667</LatitudeDegrees><LongitudeDegrees>12.99437167</LongitudeDegrees></Position><AltitudeMeters>51.817</AltitudeMeters><DistanceMeters>1486.9000244140625</DistanceMeters><HeartRateBpm><Value>182</Value></HeartRateBpm><Cadence>81</Cadence><SensorState>Present</SensorState><Extensions><TPX xmlns="http://www.garmin.com/xmlschemas/ActivityExtension/v2"><Watts>306</Watts></TPX></Extensions></Trackpoint><Trackpoint xmlns="http://www.garmin.com/xmlschemas/TrainingCenterDatabase/v2"><Time>2026-08-29T07:11:19.055Z</Time><Position><LatitudeDegrees>52.33185</LatitudeDegrees><LongitudeDegrees>12.99431667</LongitudeDegrees></Position><AltitudeMeters>51.817</AltitudeMeters><DistanceMeters>1490.199951171875</DistanceMeters><HeartRateBpm><Value>182</Value></HeartRateBpm><Cadence>81</Cadence><SensorState>Present</SensorState><Extensions><TPX xmlns="http://www.garmin.com/xmlschemas/ActivityExtension/v2"><Watts>324</Watts></TPX></Extensions></Trackpoint><Trackpoint xmlns="http://www.garmin.com/xmlschemas/TrainingCenterDatabase/v2"><Time>2026-08-29T07:11:20.055Z</Time><Position><LatitudeDegrees>52.33181333</LatitudeDegrees><LongitudeDegrees>12.99427167</LongitudeDegrees></Position><AltitudeMeters>50.902</AltitudeMeters><DistanceMeters>1494.0999755859375</DistanceMeters><HeartRateBpm><Value>182</Value></HeartRateBpm><Cadence>81</Cadence><SensorState>Present</SensorState><Extensions><TPX xmlns="http://www.garmin.com/xmlschemas/ActivityExtension/v2"><Watts>346</Watts></TPX></Extensions></Trackpoint><Trackpoint xmlns="http://www.garmin.com/xmlschemas/TrainingCenterDatabase/v2"><Time>2026-08-29T07:11:21.055Z</Time><Position><LatitudeDegrees>52.33177667</LatitudeDegrees><LongitudeDegrees>12.99423833</LongitudeDegrees></Position><AltitudeMeters>50.902</AltitudeMeters><DistanceMeters>1498.9000244140625</DistanceMeters><HeartRateBpm><Value>182</Value></HeartRateBpm><Cadence>81</Cadence><SensorState>Present</SensorState><Extensions><TPX xmlns="http://www.garmin.com/xmlschemas/ActivityExtension/v2"><Watts>366</Watts></TPX></Extensions></Trackpoint><Trackpoint xmlns="http://www.garmin.com/xmlschemas/TrainingCenterDatabase/v2"><Time>2026-08-29T07:11:22.055Z</Time><Position><LatitudeDegrees>52.33175333</LatitudeDegrees><LongitudeDegrees>12.99421167</LongitudeDegrees></Position><AltitudeMeters>50.902</AltitudeMeters><DistanceMeters>1504.199951171875</DistanceMeters><HeartRateBpm><Value>182</Value></HeartRateBpm><Cadence>81</Cadence><SensorState>Present</SensorState><Extensions><TPX xmlns="http://www.garmin.com/xmlschemas/ActivityExtension/v2"><Watts>386</Watts></TPX></Extensions></Trackpoint><Trackpoint xmlns="http://www.garmin.com/xmlschemas/TrainingCenterDatabase/v2"><Time>2026-08-29T07:11:23.055Z</Time><Position><LatitudeDegrees>52.33173333</LatitudeDegrees><LongitudeDegrees>12.99418833</LongitudeDegrees></Position><AltitudeMeters>50.902</AltitudeMeters><DistanceMeters>1509.300048828125</DistanceMeters><HeartRateBpm><Value>182</Value></HeartRateBpm><Cadence>81</Cadence><SensorState>Present</SensorState><Extensions><TPX xmlns="http://www.garmin.com/xmlschemas/ActivityExtension/v2"><Watts>400</Watts></TPX></Extensions></Trackpoint><Trackpoint xmlns="http://www.garmin.com/xmlschemas/TrainingCenterDatabase/v2"><Time>2026-08-29T07:11:24.055Z</Time><Position><LatitudeDegrees>52.33172</LatitudeDegrees><LongitudeDegrees>12.99414</LongitudeDegrees></Position><AltitudeMeters>50.902</AltitudeMeters><DistanceMeters>1513.699951171875</DistanceMeters><HeartRateBpm><Value>182</Value></HeartRateBpm><Cadence>80</Cadence><SensorState>Present</SensorState><Extensions><TPX xmlns="http://www.garmin.com/xmlschemas/ActivityExtension/v2"><Watts>404</Watts></TPX></Extensions></Trackpoint><Trackpoint xmlns="http://www.garmin.com/xmlschemas/TrainingCenterDatabase/v2"><Time>2026-08-29T07:11:25.055Z</Time><Position><LatitudeDegrees>52.33171</LatitudeDegrees><LongitudeDegrees>12.99408667</LongitudeDegrees></Position><AltitudeMeters>50.902</AltitudeMeters><DistanceMeters>1518.300048828125</DistanceMeters><HeartRateBpm><Value>182</Value></HeartRateBpm><Cadence>81</Cadence><SensorState>Present</SensorState><Extensions><TPX xmlns="http://www.garmin.com/xmlschemas/ActivityExtension/v2"><Watts>406</Watts></TPX></Extensions></Trackpoint><Trackpoint xmlns="http://www.garmin.com/xmlschemas/TrainingCenterDatabase/v2"><Time>2026-08-29T07:11:26.055Z</Time><Position><LatitudeDegrees>52.33168333</LatitudeDegrees><LongitudeDegrees>12.99403</LongitudeDegrees></Position><AltitudeMeters>50.902</AltitudeMeters><DistanceMeters>1522.5999755859375</DistanceMeters><HeartRateBpm><Value>183</Value></HeartRateBpm><Cadence>81</Cadence><SensorState>Present</SensorState><Extensions><TPX xmlns="http://www.garmin.com/xmlschemas/ActivityExtension/v2"><Watts>410</Watts></TPX></Extensions></Trackpoint><Trackpoint xmlns="http://www.garmin.com/xmlschemas/TrainingCenterDatabase/v2"><Time>2026-08-29T07:11:27.055Z</Time><Position><LatitudeDegrees>52.331655</LatitudeDegrees><LongitudeDegrees>12.993985</LongitudeDegrees></Position><AltitudeMeters>50.902</AltitudeMeters><DistanceMeters>1526.5999755859375</DistanceMeters><HeartRateBpm><Value>183</Value></HeartRateBpm><Cadence>81</Cadence><SensorState>Present</SensorState><Extensions><TPX xmlns="http://www.garmin.com/xmlschemas/ActivityExtension/v2"><Watts>420</Watts></TPX></Extensions></Trackpoint><Trackpoint xmlns="http://www.garmin.com/xmlschemas/TrainingCenterDatabase/v2"><Time>2026-08-29T07:11:28.055Z</Time><Position><LatitudeDegrees>52.33163333</LatitudeDegrees><LongitudeDegrees>12.993945</LongitudeDegrees></Position><AltitudeMeters>50.902</AltitudeMeters><DistanceMeters>1530.5</DistanceMeters><HeartRateBpm><Value>183</Value></HeartRateBpm><Cadence>81</Cadence><SensorState>Present</SensorState><Extensions><TPX xmlns="http://www.garmin.com/xmlschemas/ActivityExtension/v2"><Watts>428</Watts></TPX></Extensions></Trackpoint><Trackpoint xmlns="http://www.garmin.com/xmlschemas/TrainingCenterDatabase/v2"><Time>2026-08-29T07:11:29.055Z</Time><Position><LatitudeDegrees>52.331605</LatitudeDegrees><LongitudeDegrees>12.99389167</LongitudeDegrees></Position><AltitudeMeters>50.902</AltitudeMeters><DistanceMeters>1534.300048828125</DistanceMeters><HeartRateBpm><Value>183</Value></HeartRateBpm><Cadence>81</Cadence><SensorState>Present</SensorState><Extensions><TPX xmlns="http://www.garmin.com/xmlschemas/ActivityExtension/v2"><Watts>442</Watts></TPX></Extensions></Trackpoint><Trackpoint xmlns="http://www.garmin.com/xmlschemas/TrainingCenterDatabase/v2"><Time>2026-08-29T07:11:30.055Z</Time><Position><LatitudeDegrees>52.33157</LatitudeDegrees><LongitudeDegrees>12.99383833</LongitudeDegrees></Position><AltitudeMeters>50.902</AltitudeMeters><DistanceMeters>1537.5999755859375</DistanceMeters><HeartRateBpm><Value>183</Value></HeartRateBpm><Cadence>81</Cadence><SensorState>Present</SensorState><Extensions><TPX xmlns="http://www.garmin.com/xmlschemas/ActivityExtension/v2"><Watts>458</Watts></TPX></Extensions></Trackpoint><Trackpoint xmlns="http://www.garmin.com/xmlschemas/TrainingCenterDatabase/v2"><Time>2026-08-29T07:11:31.055Z</Time><Position><LatitudeDegrees>52.33154</LatitudeDegrees><LongitudeDegrees>12.99376833</LongitudeDegrees></Position><AltitudeMeters>50.902</AltitudeMeters><DistanceMeters>1541.4000244140625</DistanceMeters><HeartRateBpm><Value>182</Value></HeartRateBpm><Cadence>81</Cadence><SensorState>Present</SensorState><Extensions><TPX xmlns="http://www.garmin.com/xmlschemas/ActivityExtension/v2"><Watts>476</Watts></TPX></Extensions></Trackpoint><Trackpoint xmlns="http://www.garmin.com/xmlschemas/TrainingCenterDatabase/v2"><Time>2026-08-29T07:11:32.055Z</Time><Position><LatitudeDegrees>52.33152333</LatitudeDegrees><LongitudeDegrees>12.99373</LongitudeDegrees></Position><AltitudeMeters>50.902</AltitudeMeters><DistanceMeters>1546.199951171875</DistanceMeters><HeartRateBpm><Value>182</Value></HeartRateBpm><Cadence>81</Cadence><SensorState>Present</SensorState><Extensions><TPX xmlns="http://www.garmin.com/xmlschemas/ActivityExtension/v2"><Watts>494</Watts></TPX></Extensions></Trackpoint><Trackpoint xmlns="http://www.garmin.com/xmlschemas/TrainingCenterDatabase/v2"><Time>2026-08-29T07:11:33.055Z</Time><Position><LatitudeDegrees>52.331505</LatitudeDegrees><LongitudeDegrees>12.993695</LongitudeDegrees></Position><AltitudeMeters>50.902</AltitudeMeters><DistanceMeters>1552.0999755859375</DistanceMeters><HeartRateBpm><Value>182</Value></HeartRateBpm><Cadence>81</Cadence><SensorState>Present</SensorState><Extensions><TPX xmlns="http://www.garmin.com/xmlschemas/ActivityExtension/v2"><Watts>506</Watts></TPX></Extensions></Trackpoint><Trackpoint xmlns="http://www.garmin.com/xmlschemas/TrainingCenterDatabase/v2"><Time>2026-08-29T07:11:34.055Z</Time><Position><LatitudeDegrees>52.33148167</LatitudeDegrees><LongitudeDegrees>12.99364167</LongitudeDegrees></Position><AltitudeMeters>50.902</AltitudeMeters><DistanceMeters>1557.0999755859375</DistanceMeters><HeartRateBpm><Value>182</Value></HeartRateBpm><Cadence>81</Cadence><SensorState>Present</SensorState><Extensions><TPX xmlns="http://www.garmin.com/xmlschemas/ActivityExtension/v2"><Watts>508</Watts></TPX></Extensions></Trackpoint><Trackpoint xmlns="http://www.garmin.com/xmlschemas/TrainingCenterDatabase/v2"><Time>2026-08-29T07:11:35.055Z</Time><Position><LatitudeDegrees>52.33146</LatitudeDegrees><LongitudeDegrees>12.993595</LongitudeDegrees></Position><AltitudeMeters>50.902</AltitudeMeters><DistanceMeters>1561.300048828125</DistanceMeters><HeartRateBpm><Value>182</Value></HeartRateBpm><Cadence>81</Cadence><SensorState>Present</SensorState><Extensions><TPX xmlns="http://www.garmin.com/xmlschemas/ActivityExtension/v2"><Watts>502</Watts></TPX></Extensions></Trackpoint><Trackpoint xmlns="http://www.garmin.com/xmlschemas/TrainingCenterDatabase/v2"><Time>2026-08-29T07:11:36.055Z</Time><Position><LatitudeDegrees>52.33145</LatitudeDegrees><LongitudeDegrees>12.99355667</LongitudeDegrees></Position><AltitudeMeters>50.902</AltitudeMeters><DistanceMeters>1566.199951171875</DistanceMeters><HeartRateBpm><Value>182</Value></HeartRateBpm><Cadence>81</Cadence><SensorState>Present</SensorState><Extensions><TPX xmlns="http://www.garmin.com/xmlschemas/ActivityExtension/v2"><Watts>496</Watts></TPX></Extensions></Trackpoint><Trackpoint xmlns="http://www.garmin.com/xmlschemas/TrainingCenterDatabase/v2"><Time>2026-08-29T07:11:37.055Z</Time><Position><LatitudeDegrees>52.33143167</LatitudeDegrees><LongitudeDegrees>12.99349167</LongitudeDegrees></Position><AltitudeMeters>50.902</AltitudeMeters><DistanceMeters>1569.9000244140625</DistanceMeters><HeartRateBpm><Value>182</Value></HeartRateBpm><Cadence>80</Cadence><SensorState>Present</SensorState><Extensions><TPX xmlns="http://www.garmin.com/xmlschemas/ActivityExtension/v2"><Watts>496</Watts></TPX></Extensions></Trackpoint><Trackpoint xmlns="http://www.garmin.com/xmlschemas/TrainingCenterDatabase/v2"><Time>2026-08-29T07:11:38.055Z</Time><Position><LatitudeDegrees>52.33142</LatitudeDegrees><LongitudeDegrees>12.99342333</LongitudeDegrees></Position><AltitudeMeters>50.902</AltitudeMeters><DistanceMeters>1573.199951171875</DistanceMeters><HeartRateBpm><Value>183</Value></HeartRateBpm><Cadence>81</Cadence><SensorState>Present</SensorState><Extensions><TPX xmlns="http://www.garmin.com/xmlschemas/ActivityExtension/v2"><Watts>500</Watts></TPX></Extensions></Trackpoint><Trackpoint xmlns="http://www.garmin.com/xmlschemas/TrainingCenterDatabase/v2"><Time>2026-08-29T07:11:39.055Z</Time><Position><LatitudeDegrees>52.33141167</LatitudeDegrees><LongitudeDegrees>12.99335833</LongitudeDegrees></Position><AltitudeMeters>50.902</AltitudeMeters><DistanceMeters>1577.9000244140625</DistanceMeters><HeartRateBpm><Value>183</Value></HeartRateBpm><Cadence>81</Cadence><SensorState>Present</SensorState><Extensions><TPX xmlns="http://www.garmin.com/xmlschemas/ActivityExtension/v2"><Watts>506</Watts></TPX></Extensions></Trackpoint><Trackpoint xmlns="http://www.garmin.com/xmlschemas/TrainingCenterDatabase/v2"><Time>2026-08-29T07:11:40.055Z</Time><Position><LatitudeDegrees>52.33141</LatitudeDegrees><LongitudeDegrees>12.993305</LongitudeDegrees></Position><AltitudeMeters>50.902</AltitudeMeters><DistanceMeters>1582.0</DistanceMeters><HeartRateBpm><Value>183</Value></HeartRateBpm><Cadence>81</Cadence><SensorState>Present</SensorState><Extensions><TPX xmlns="http://www.garmin.com/xmlschemas/ActivityExtension/v2"><Watts>514</Watts></TPX></Extensions></Trackpoint><Trackpoint xmlns="http://www.garmin.com/xmlschemas/TrainingCenterDatabase/v2"><Time>2026-08-29T07:11:41.055Z</Time><Position><LatitudeDegrees>52.33140833</LatitudeDegrees><LongitudeDegrees>12.99326667</LongitudeDegrees></Position><AltitudeMeters>50.902</AltitudeMeters><DistanceMeters>1585.800048828125</DistanceMeters><HeartRateBpm><Value>183</Value></HeartRateBpm><Cadence>81</Cadence><SensorState>Present</SensorState><Extensions><TPX xmlns="http://www.garmin.com/xmlschemas/ActivityExtension/v2"><Watts>514</Watts></TPX></Extensions></Trackpoint><Trackpoint xmlns="http://www.garmin.com/xmlschemas/TrainingCenterDatabase/v2"><Time>2026-08-29T07:11:42.055Z</Time><Position><LatitudeDegrees>52.33140667</LatitudeDegrees><LongitudeDegrees>12.993225</LongitudeDegrees></Position><AltitudeMeters>50.902</AltitudeMeters><DistanceMeters>1588.5999755859375</DistanceMeters><HeartRateBpm><Value>183</Value></HeartRateBpm><Cadence>81</Cadence><SensorState>Present</SensorState><Extensions><TPX xmlns="http://www.garmin.com/xmlschemas/ActivityExtension/v2"><Watts>492</Watts></TPX></Extensions></Trackpoint><Trackpoint xmlns="http://www.garmin.com/xmlschemas/TrainingCenterDatabase/v2"><Time>2026-08-29T07:11:43.055Z</Time><Position><LatitudeDegrees>52.33141667</LatitudeDegrees><LongitudeDegrees>12.993205</LongitudeDegrees></Position><AltitudeMeters>50.902</AltitudeMeters><DistanceMeters>1592.0</DistanceMeters><HeartRateBpm><Value>183</Value></HeartRateBpm><Cadence>81</Cadence><SensorState>Present</SensorState><Extensions><TPX xmlns="http://www.garmin.com/xmlschemas/ActivityExtension/v2"><Watts>454</Watts></TPX></Extensions></Trackpoint><Trackpoint xmlns="http://www.garmin.com/xmlschemas/TrainingCenterDatabase/v2"><Time>2026-08-29T07:11:44.055Z</Time><Position><LatitudeDegrees>52.33140833</LatitudeDegrees><LongitudeDegrees>12.99316</LongitudeDegrees></Position><AltitudeMeters>50.902</AltitudeMeters><DistanceMeters>1595.300048828125</DistanceMeters><HeartRateBpm><Value>183</Value></HeartRateBpm><Cadence>81</Cadence><SensorState>Present</SensorState><Extensions><TPX xmlns="http://www.garmin.com/xmlschemas/ActivityExtension/v2"><Watts>426</Watts></TPX></Extensions></Trackpoint><Trackpoint xmlns="http://www.garmin.com/xmlschemas/TrainingCenterDatabase/v2"><Time>2026-08-29T07:11:45.055Z</Time><Position><LatitudeDegrees>52.33138833</LatitudeDegrees><LongitudeDegrees>12.993095</LongitudeDegrees></Position><AltitudeMeters>50.902</AltitudeMeters><DistanceMeters>1596.9000244140625</DistanceMeters><HeartRateBpm><Value>184</Value></HeartRateBpm><Cadence>80</Cadence><SensorState>Present</SensorState><Extensions><TPX xmlns="http://www.garmin.com/xmlschemas/ActivityExtension/v2"><Watts>402</Watts></TPX></Extensions></Trackpoint><Trackpoint xmlns="http://www.garmin.com/xmlschemas/TrainingCenterDatabase/v2"><Time>2026-08-29T07:11:46.055Z</Time><Position><LatitudeDegrees>52.33137667</LatitudeDegrees><LongitudeDegrees>12.99303167</LongitudeDegrees></Position><AltitudeMeters>50.902</AltitudeMeters><DistanceMeters>1599.5</DistanceMeters><HeartRateBpm><Value>184</Value></HeartRateBpm><Cadence>80</Cadence><SensorState>Present</SensorState><Extensions><TPX xmlns="http://www.garmin.com/xmlschemas/ActivityExtension/v2"><Watts>398</Watts></TPX></Extensions></Trackpoint><Trackpoint xmlns="http://www.garmin.com/xmlschemas/TrainingCenterDatabase/v2"><Time>2026-08-29T07:11:47.055Z</Time><Position><LatitudeDegrees>52.33137167</LatitudeDegrees><LongitudeDegrees>12.992975</LongitudeDegrees></Position><AltitudeMeters>50.902</AltitudeMeters><DistanceMeters>1603.699951171875</DistanceMeters><HeartRateBpm><Value>184</Value></HeartRateBpm><Cadence>81</Cadence><SensorState>Present</SensorState><Extensions><TPX xmlns="http://www.garmin.com/xmlschemas/ActivityExtension/v2"><Watts>408</Watts></TPX></Extensions></Trackpoint><Trackpoint xmlns="http://www.garmin.com/xmlschemas/TrainingCenterDatabase/v2"><Time>2026-08-29T07:11:48.055Z</Time><Position><LatitudeDegrees>52.331365</LatitudeDegrees><LongitudeDegrees>12.99291333</LongitudeDegrees></Position><AltitudeMeters>51.817</AltitudeMeters><DistanceMeters>1607.0</DistanceMeters><HeartRateBpm><Value>184</Value></HeartRateBpm><Cadence>81</Cadence><SensorState>Present</SensorState><Extensions><TPX xmlns="http://www.garmin.com/xmlschemas/ActivityExtension/v2"><Watts>420</Watts></TPX></Extensions></Trackpoint><Trackpoint xmlns="http://www.garmin.com/xmlschemas/TrainingCenterDatabase/v2"><Time>2026-08-29T07:11:49.055Z</Time><Position><LatitudeDegrees>52.33137167</LatitudeDegrees><LongitudeDegrees>12.99285833</LongitudeDegrees></Position><AltitudeMeters>51.817</AltitudeMeters><DistanceMeters>1610.0999755859375</DistanceMeters><HeartRateBpm><Value>184</Value></HeartRateBpm><Cadence>81</Cadence><SensorState>Present</SensorState><Extensions><TPX xmlns="http://www.garmin.com/xmlschemas/ActivityExtension/v2"><Watts>428</Watts></TPX></Extensions></Trackpoint><Trackpoint xmlns="http://www.garmin.com/xmlschemas/TrainingCenterDatabase/v2"><Time>2026-08-29T07:11:50.055Z</Time><Position><LatitudeDegrees>52.33138333</LatitudeDegrees><LongitudeDegrees>12.99280333</LongitudeDegrees></Position><AltitudeMeters>51.817</AltitudeMeters><DistanceMeters>1613.5999755859375</DistanceMeters><HeartRateBpm><Value>184</Value></HeartRateBpm><Cadence>81</Cadence><SensorState>Present</SensorState><Extensions><TPX xmlns="http://www.garmin.com/xmlschemas/ActivityExtension/v2"><Watts>436</Watts></TPX></Extensions></Trackpoint><Trackpoint xmlns="http://www.garmin.com/xmlschemas/TrainingCenterDatabase/v2"><Time>2026-08-29T07:11:51.055Z</Time><Position><LatitudeDegrees>52.331385</LatitudeDegrees><LongitudeDegrees>12.99274833</LongitudeDegrees></Position><AltitudeMeters>51.817</AltitudeMeters><DistanceMeters>1617.300048828125</DistanceMeters><HeartRateBpm><Value>184</Value></HeartRateBpm><Cadence>81</Cadence><SensorState>Present</SensorState><Extensions><TPX xmlns="http://www.garmin.com/xmlschemas/ActivityExtension/v2"><Watts>444</Watts></TPX></Extensions></Trackpoint><Trackpoint xmlns="http://www.garmin.com/xmlschemas/TrainingCenterDatabase/v2"><Time>2026-08-29T07:11:52.055Z</Time><Position><LatitudeDegrees>52.33138833</LatitudeDegrees><LongitudeDegrees>12.992695</LongitudeDegrees></Position><AltitudeMeters>51.817</AltitudeMeters><DistanceMeters>1621.699951171875</DistanceMeters><HeartRateBpm><Value>184</Value></HeartRateBpm><Cadence>81</Cadence><SensorState>Present</SensorState><Extensions><TPX xmlns="http://www.garmin.com/xmlschemas/ActivityExtension/v2"><Watts>448</Watts></TPX></Extensions></Trackpoint><Trackpoint xmlns="http://www.garmin.com/xmlschemas/TrainingCenterDatabase/v2"><Time>2026-08-29T07:11:53.055Z</Time><Position><LatitudeDegrees>52.3314</LatitudeDegrees><LongitudeDegrees>12.99265667</LongitudeDegrees></Position><AltitudeMeters>51.817</AltitudeMeters><DistanceMeters>1626.199951171875</DistanceMeters><HeartRateBpm><Value>184</Value></HeartRateBpm><Cadence>81</Cadence><SensorState>Present</SensorState><Extensions><TPX xmlns="http://www.garmin.com/xmlschemas/ActivityExtension/v2"><Watts>450</Watts></TPX></Extensions></Trackpoint><Trackpoint xmlns="http://www.garmin.com/xmlschemas/TrainingCenterDatabase/v2"><Time>2026-08-29T07:11:54.055Z</Time><Position><LatitudeDegrees>52.33141333</LatitudeDegrees><LongitudeDegrees>12.99258833</LongitudeDegrees></Position><AltitudeMeters>51.817</AltitudeMeters><DistanceMeters>1631.4000244140625</DistanceMeters><HeartRateBpm><Value>184</Value></HeartRateBpm><Cadence>81</Cadence><SensorState>Present</SensorState><Extensions><TPX xmlns="http://www.garmin.com/xmlschemas/ActivityExtension/v2"><Watts>452</Watts></TPX></Extensions></Trackpoint><Trackpoint xmlns="http://www.garmin.com/xmlschemas/TrainingCenterDatabase/v2"><Time>2026-08-29T07:11:55.055Z</Time><Position><LatitudeDegrees>52.33142333</LatitudeDegrees><LongitudeDegrees>12.992505</LongitudeDegrees></Position><AltitudeMeters>51.817</AltitudeMeters><DistanceMeters>1634.9000244140625</DistanceMeters><HeartRateBpm><Value>184</Value></HeartRateBpm><Cadence>81</Cadence><SensorState>Present</SensorState><Extensions><TPX xmlns="http://www.garmin.com/xmlschemas/ActivityExtension/v2"><Watts>450</Watts></TPX></Extensions></Trackpoint><Trackpoint xmlns="http://www.garmin.com/xmlschemas/TrainingCenterDatabase/v2"><Time>2026-08-29T07:11:56.055Z</Time><Position><LatitudeDegrees>52.33143333</LatitudeDegrees><LongitudeDegrees>12.99245</LongitudeDegrees></Position><AltitudeMeters>51.817</AltitudeMeters><DistanceMeters>1638.800048828125</DistanceMeters><HeartRateBpm><Value>184</Value></HeartRateBpm><Cadence>81</Cadence><SensorState>Present</SensorState><Extensions><TPX xmlns="http://www.garmin.com/xmlschemas/ActivityExtension/v2"><Watts>448</Watts></TPX></Extensions></Trackpoint><Trackpoint xmlns="http://www.garmin.com/xmlschemas/TrainingCenterDatabase/v2"><Time>2026-08-29T07:11:57.055Z</Time><Position><LatitudeDegrees>52.33144833</LatitudeDegrees><LongitudeDegrees>12.99239667</LongitudeDegrees></Position><AltitudeMeters>51.817</AltitudeMeters><DistanceMeters>1643.5</DistanceMeters><HeartRateBpm><Value>184</Value></HeartRateBpm><Cadence>80</Cadence><SensorState>Present</SensorState><Extensions><TPX xmlns="http://www.garmin.com/xmlschemas/ActivityExtension/v2"><Watts>448</Watts></TPX></Extensions></Trackpoint><Trackpoint xmlns="http://www.garmin.com/xmlschemas/TrainingCenterDatabase/v2"><Time>2026-08-29T07:11:58.055Z</Time><Position><LatitudeDegrees>52.33146167</LatitudeDegrees><LongitudeDegrees>12.99234833</LongitudeDegrees></Position><AltitudeMeters>50.902</AltitudeMeters><DistanceMeters>1647.800048828125</DistanceMeters><HeartRateBpm><Value>184</Value></HeartRateBpm><Cadence>80</Cadence><SensorState>Present</SensorState><Extensions><TPX xmlns="http://www.garmin.com/xmlschemas/ActivityExtension/v2"><Watts>448</Watts></TPX></Extensions></Trackpoint><Trackpoint xmlns="http://www.garmin.com/xmlschemas/TrainingCenterDatabase/v2"><Time>2026-08-29T07:11:59.055Z</Time><Position><LatitudeDegrees>52.33147667</LatitudeDegrees><LongitudeDegrees>12.99230333</LongitudeDegrees></Position><AltitudeMeters>50.902</AltitudeMeters><DistanceMeters>1651.800048828125</DistanceMeters><HeartRateBpm><Value>184</Value></HeartRateBpm><Cadence>80</Cadence><SensorState>Present</SensorState><Extensions><TPX xmlns="http://www.garmin.com/xmlschemas/ActivityExtension/v2"><Watts>446</Watts></TPX></Extensions></Trackpoint><Trackpoint xmlns="http://www.garmin.com/xmlschemas/TrainingCenterDatabase/v2"><Time>2026-08-29T07:12:00.055Z</Time><Position><LatitudeDegrees>52.33149833</LatitudeDegrees><LongitudeDegrees>12.99227333</LongitudeDegrees></Position><AltitudeMeters>50.902</AltitudeMeters><DistanceMeters>1655.9000244140625</DistanceMeters><HeartRateBpm><Value>184</Value></HeartRateBpm><Cadence>80</Cadence><SensorState>Present</SensorState><Extensions><TPX xmlns="http://www.garmin.com/xmlschemas/ActivityExtension/v2"><Watts>444</Watts></TPX></Extensions></Trackpoint><Trackpoint xmlns="http://www.garmin.com/xmlschemas/TrainingCenterDatabase/v2"><Time>2026-08-29T07:12:01.055Z</Time><Position><LatitudeDegrees>52.33151667</LatitudeDegrees><LongitudeDegrees>12.99224333</LongitudeDegrees></Position><AltitudeMeters>50.902</AltitudeMeters><DistanceMeters>1659.699951171875</DistanceMeters><HeartRateBpm><Value>184</Value></HeartRateBpm><Cadence>77</Cadence><SensorState>Present</SensorState><Extensions><TPX xmlns="http://www.garmin.com/xmlschemas/ActivityExtension/v2"><Watts>436</Watts></TPX></Extensions></Trackpoint><Trackpoint xmlns="http://www.garmin.com/xmlschemas/TrainingCenterDatabase/v2"><Time>2026-08-29T07:12:02.055Z</Time><Position><LatitudeDegrees>52.33153</LatitudeDegrees><LongitudeDegrees>12.992205</LongitudeDegrees></Position><AltitudeMeters>50.902</AltitudeMeters><DistanceMeters>1663.199951171875</DistanceMeters><HeartRateBpm><Value>184</Value></HeartRateBpm><Cadence>76</Cadence><SensorState>Present</SensorState><Extensions><TPX xmlns="http://www.garmin.com/xmlschemas/ActivityExtension/v2"><Watts>426</Watts></TPX></Extensions></Trackpoint><Trackpoint xmlns="http://www.garmin.com/xmlschemas/TrainingCenterDatabase/v2"><Time>2026-08-29T07:12:03.055Z</Time><Position><LatitudeDegrees>52.331545</LatitudeDegrees><LongitudeDegrees>12.992175</LongitudeDegrees></Position><AltitudeMeters>50.902</AltitudeMeters><DistanceMeters>1666.5</DistanceMeters><HeartRateBpm><Value>184</Value></HeartRateBpm><Cadence>76</Cadence><SensorState>Present</SensorState><Extensions><TPX xmlns="http://www.garmin.com/xmlschemas/ActivityExtension/v2"><Watts>414</Watts></TPX></Extensions></Trackpoint><Trackpoint xmlns="http://www.garmin.com/xmlschemas/TrainingCenterDatabase/v2"><Time>2026-08-29T07:12:04.055Z</Time><Position><LatitudeDegrees>52.331555</LatitudeDegrees><LongitudeDegrees>12.99215333</LongitudeDegrees></Position><AltitudeMeters>50.902</AltitudeMeters><DistanceMeters>1670.0</DistanceMeters><HeartRateBpm><Value>184</Value></HeartRateBpm><Cadence>76</Cadence><SensorState>Present</SensorState><Extensions><TPX xmlns="http://www.garmin.com/xmlschemas/ActivityExtension/v2"><Watts>402</Watts></TPX></Extensions></Trackpoint><Trackpoint xmlns="http://www.garmin.com/xmlschemas/TrainingCenterDatabase/v2"><Time>2026-08-29T07:12:05.055Z</Time><Position><LatitudeDegrees>52.33155833</LatitudeDegrees><LongitudeDegrees>12.99211833</LongitudeDegrees></Position><AltitudeMeters>50.902</AltitudeMeters><DistanceMeters>1671.9000244140625</DistanceMeters><HeartRateBpm><Value>183</Value></HeartRateBpm><Cadence>76</Cadence><SensorState>Present</SensorState><Extensions><TPX xmlns="http://www.garmin.com/xmlschemas/ActivityExtension/v2"><Watts>392</Watts></TPX></Extensions></Trackpoint><Trackpoint xmlns="http://www.garmin.com/xmlschemas/TrainingCenterDatabase/v2"><Time>2026-08-29T07:12:06.055Z</Time><Position><LatitudeDegrees>52.331575</LatitudeDegrees><LongitudeDegrees>12.99212333</LongitudeDegrees></Position><AltitudeMeters>50.902</AltitudeMeters><DistanceMeters>1672.800048828125</DistanceMeters><HeartRateBpm><Value>183</Value></HeartRateBpm><Cadence>76</Cadence><SensorState>Present</SensorState><Extensions><TPX xmlns="http://www.garmin.com/xmlschemas/ActivityExtension/v2"><Watts>374</Watts></TPX></Extensions></Trackpoint><Trackpoint xmlns="http://www.garmin.com/xmlschemas/TrainingCenterDatabase/v2"><Time>2026-08-29T07:12:07.055Z</Time><Position><LatitudeDegrees>52.33159</LatitudeDegrees><LongitudeDegrees>12.99212</LongitudeDegrees></Position><AltitudeMeters>50.902</AltitudeMeters><DistanceMeters>1674.5</DistanceMeters><HeartRateBpm><Value>183</Value></HeartRateBpm><Cadence>76</Cadence><SensorState>Present</SensorState><Extensions><TPX xmlns="http://www.garmin.com/xmlschemas/ActivityExtension/v2"><Watts>344</Watts></TPX></Extensions></Trackpoint><Trackpoint xmlns="http://www.garmin.com/xmlschemas/TrainingCenterDatabase/v2"><Time>2026-08-29T07:12:08.055Z</Time><Position><LatitudeDegrees>52.33159667</LatitudeDegrees><LongitudeDegrees>12.992085</LongitudeDegrees></Position><AltitudeMeters>50.902</AltitudeMeters><DistanceMeters>1674.9000244140625</DistanceMeters><HeartRateBpm><Value>183</Value></HeartRateBpm><Cadence>79</Cadence><SensorState>Present</SensorState><Extensions><TPX xmlns="http://www.garmin.com/xmlschemas/ActivityExtension/v2"><Watts>326</Watts></TPX></Extensions></Trackpoint><Trackpoint xmlns="http://www.garmin.com/xmlschemas/TrainingCenterDatabase/v2"><Time>2026-08-29T07:12:09.055Z</Time><Position><LatitudeDegrees>52.33160667</LatitudeDegrees><LongitudeDegrees>12.99205667</LongitudeDegrees></Position><AltitudeMeters>50.902</AltitudeMeters><DistanceMeters>1675.9000244140625</DistanceMeters><HeartRateBpm><Value>183</Value></HeartRateBpm><Cadence>79</Cadence><SensorState>Present</SensorState><Extensions><TPX xmlns="http://www.garmin.com/xmlschemas/ActivityExtension/v2"><Watts>312</Watts></TPX></Extensions></Trackpoint><Trackpoint xmlns="http://www.garmin.com/xmlschemas/TrainingCenterDatabase/v2"><Time>2026-08-29T07:12:10.055Z</Time><Position><LatitudeDegrees>52.33162</LatitudeDegrees><LongitudeDegrees>12.99203333</LongitudeDegrees></Position><AltitudeMeters>50.902</AltitudeMeters><DistanceMeters>1677.300048828125</DistanceMeters><HeartRateBpm><Value>183</Value></HeartRateBpm><Cadence>79</Cadence><SensorState>Present</SensorState><Extensions><TPX xmlns="http://www.garmin.com/xmlschemas/ActivityExtension/v2"><Watts>294</Watts></TPX></Extensions></Trackpoint><Trackpoint xmlns="http://www.garmin.com/xmlschemas/TrainingCenterDatabase/v2"><Time>2026-08-29T07:12:11.055Z</Time><Position><LatitudeDegrees>52.33162333</LatitudeDegrees><LongitudeDegrees>12.99200333</LongitudeDegrees></Position><AltitudeMeters>50.902</AltitudeMeters><DistanceMeters>1678.800048828125</DistanceMeters><HeartRateBpm><Value>183</Value></HeartRateBpm><Cadence>80</Cadence><SensorState>Present</SensorState><Extensions><TPX xmlns="http://www.garmin.com/xmlschemas/ActivityExtension/v2"><Watts>280</Watts></TPX></Extensions></Trackpoint><Trackpoint xmlns="http://www.garmin.com/xmlschemas/TrainingCenterDatabase/v2"><Time>2026-08-29T07:12:12.055Z</Time><Position><LatitudeDegrees>52.33163833</LatitudeDegrees><LongitudeDegrees>12.99196667</LongitudeDegrees></Position><AltitudeMeters>50.902</AltitudeMeters><DistanceMeters>1680.0999755859375</DistanceMeters><HeartRateBpm><Value>184</Value></HeartRateBpm><Cadence>80</Cadence><SensorState>Present</SensorState><Extensions><TPX xmlns="http://www.garmin.com/xmlschemas/ActivityExtension/v2"><Watts>270</Watts></TPX></Extensions></Trackpoint><Trackpoint xmlns="http://www.garmin.com/xmlschemas/TrainingCenterDatabase/v2"><Time>2026-08-29T07:12:13.055Z</Time><Position><LatitudeDegrees>52.33165</LatitudeDegrees><LongitudeDegrees>12.991935</LongitudeDegrees></Position><AltitudeMeters>50.902</AltitudeMeters><DistanceMeters>1681.5</DistanceMeters><HeartRateBpm><Value>184</Value></HeartRateBpm><Cadence>81</Cadence><SensorState>Present</SensorState><Extensions><TPX xmlns="http://www.garmin.com/xmlschemas/ActivityExtension/v2"><Watts>258</Watts></TPX></Extensions></Trackpoint><Trackpoint xmlns="http://www.garmin.com/xmlschemas/TrainingCenterDatabase/v2"><Time>2026-08-29T07:12:14.055Z</Time><Position><LatitudeDegrees>52.33165167</LatitudeDegrees><LongitudeDegrees>12.991905</LongitudeDegrees></Position><AltitudeMeters>49.835</AltitudeMeters><DistanceMeters>1683.5</DistanceMeters><HeartRateBpm><Value>184</Value></HeartRateBpm><Cadence>81</Cadence><SensorState>Present</SensorState><Extensions><TPX xmlns="http://www.garmin.com/xmlschemas/ActivityExtension/v2"><Watts>256</Watts></TPX></Extensions></Trackpoint><Trackpoint xmlns="http://www.garmin.com/xmlschemas/TrainingCenterDatabase/v2"><Time>2026-08-29T07:12:15.055Z</Time><Position><LatitudeDegrees>52.33166167</LatitudeDegrees><LongitudeDegrees>12.99187</LongitudeDegrees></Position><AltitudeMeters>49.835</AltitudeMeters><DistanceMeters>1686.0999755859375</DistanceMeters><HeartRateBpm><Value>184</Value></HeartRateBpm><Cadence>81</Cadence><SensorState>Present</SensorState><Extensions><TPX xmlns="http://www.garmin.com/xmlschemas/ActivityExtension/v2"><Watts>262</Watts></TPX></Extensions></Trackpoint><Trackpoint xmlns="http://www.garmin.com/xmlschemas/TrainingCenterDatabase/v2"><Time>2026-08-29T07:12:16.055Z</Time><Position><LatitudeDegrees>52.33166333</LatitudeDegrees><LongitudeDegrees>12.99182</LongitudeDegrees></Position><AltitudeMeters>49.835</AltitudeMeters><DistanceMeters>1688.300048828125</DistanceMeters><HeartRateBpm><Value>184</Value></HeartRateBpm><Cadence>81</Cadence><SensorState>Present</SensorState><Extensions><TPX xmlns="http://www.garmin.com/xmlschemas/ActivityExtension/v2"><Watts>268</Watts></TPX></Extensions></Trackpoint><Trackpoint xmlns="http://www.garmin.com/xmlschemas/TrainingCenterDatabase/v2"><Time>2026-08-29T07:12:17.055Z</Time><Position><LatitudeDegrees>52.33165833</LatitudeDegrees><LongitudeDegrees>12.99178167</LongitudeDegrees></Position><AltitudeMeters>49.835</AltitudeMeters><DistanceMeters>1691.5</DistanceMeters><HeartRateBpm><Value>184</Value></HeartRateBpm><Cadence>81</Cadence><SensorState>Present</SensorState><Extensions><TPX xmlns="http://www.garmin.com/xmlschemas/ActivityExtension/v2"><Watts>270</Watts></TPX></Extensions></Trackpoint><Trackpoint xmlns="http://www.garmin.com/xmlschemas/TrainingCenterDatabase/v2"><Time>2026-08-29T07:12:18.055Z</Time><Position><LatitudeDegrees>52.33166167</LatitudeDegrees><LongitudeDegrees>12.99176</LongitudeDegrees></Position><AltitudeMeters>49.835</AltitudeMeters><DistanceMeters>1695.0999755859375</DistanceMeters><HeartRateBpm><Value>184</Value></HeartRateBpm><Cadence>81</Cadence><SensorState>Present</SensorState><Extensions><TPX xmlns="http://www.garmin.com/xmlschemas/ActivityExtension/v2"><Watts>270</Watts></TPX></Extensions></Trackpoint><Trackpoint xmlns="http://www.garmin.com/xmlschemas/TrainingCenterDatabase/v2"><Time>2026-08-29T07:12:19.055Z</Time><Position><LatitudeDegrees>52.33165667</LatitudeDegrees><LongitudeDegrees>12.991735</LongitudeDegrees></Position><AltitudeMeters>49.835</AltitudeMeters><DistanceMeters>1697.699951171875</DistanceMeters><HeartRateBpm><Value>184</Value></HeartRateBpm><Cadence>81</Cadence><SensorState>Present</SensorState><Extensions><TPX xmlns="http://www.garmin.com/xmlschemas/ActivityExtension/v2"><Watts>270</Watts></TPX></Extensions></Trackpoint><Trackpoint xmlns="http://www.garmin.com/xmlschemas/TrainingCenterDatabase/v2"><Time>2026-08-29T07:12:20.055Z</Time><Position><LatitudeDegrees>52.331655</LatitudeDegrees><LongitudeDegrees>12.99170333</LongitudeDegrees></Position><AltitudeMeters>49.835</AltitudeMeters><DistanceMeters>1699.5999755859375</DistanceMeters><HeartRateBpm><Value>184</Value></HeartRateBpm><Cadence>81</Cadence><SensorState>Present</SensorState><Extensions><TPX xmlns="http://www.garmin.com/xmlschemas/ActivityExtension/v2"><Watts>270</Watts></TPX></Extensions></Trackpoint><Trackpoint xmlns="http://www.garmin.com/xmlschemas/TrainingCenterDatabase/v2"><Time>2026-08-29T07:12:21.055Z</Time><Position><LatitudeDegrees>52.33164833</LatitudeDegrees><LongitudeDegrees>12.991675</LongitudeDegrees></Position><AltitudeMeters>49.835</AltitudeMeters><DistanceMeters>1701.9000244140625</DistanceMeters><HeartRateBpm><Value>184</Value></HeartRateBpm><Cadence>81</Cadence><SensorState>Present</SensorState><Extensions><TPX xmlns="http://www.garmin.com/xmlschemas/ActivityExtension/v2"><Watts>270</Watts></TPX></Extensions></Trackpoint><Trackpoint xmlns="http://www.garmin.com/xmlschemas/TrainingCenterDatabase/v2"><Time>2026-08-29T07:12:22.055Z</Time><Position><LatitudeDegrees>52.331645</LatitudeDegrees><LongitudeDegrees>12.991645</LongitudeDegrees></Position><AltitudeMeters>49.835</AltitudeMeters><DistanceMeters>1704.0999755859375</DistanceMeters><HeartRateBpm><Value>184</Value></HeartRateBpm><Cadence>81</Cadence><SensorState>Present</SensorState><Extensions><TPX xmlns="http://www.garmin.com/xmlschemas/ActivityExtension/v2"><Watts>272</Watts></TPX></Extensions></Trackpoint><Trackpoint xmlns="http://www.garmin.com/xmlschemas/TrainingCenterDatabase/v2"><Time>2026-08-29T07:12:23.055Z</Time><Position><LatitudeDegrees>52.33163667</LatitudeDegrees><LongitudeDegrees>12.99160667</LongitudeDegrees></Position><AltitudeMeters>49.835</AltitudeMeters><DistanceMeters>1705.800048828125</DistanceMeters><HeartRateBpm><Value>184</Value></HeartRateBpm><Cadence>81</Cadence><SensorState>Present</SensorState><Extensions><TPX xmlns="http://www.garmin.com/xmlschemas/ActivityExtension/v2"><Watts>272</Watts></TPX></Extensions></Trackpoint><Trackpoint xmlns="http://www.garmin.com/xmlschemas/TrainingCenterDatabase/v2"><Time>2026-08-29T07:12:24.055Z</Time><Position><LatitudeDegrees>52.33162833</LatitudeDegrees><LongitudeDegrees>12.991565</LongitudeDegrees></Position><AltitudeMeters>49.835</AltitudeMeters><DistanceMeters>1707.9000244140625</DistanceMeters><HeartRateBpm><Value>184</Value></HeartRateBpm><Cadence>81</Cadence><SensorState>Present</SensorState><Extensions><TPX xmlns="http://www.garmin.com/xmlschemas/ActivityExtension/v2"><Watts>272</Watts></TPX></Extensions></Trackpoint><Trackpoint xmlns="http://www.garmin.com/xmlschemas/TrainingCenterDatabase/v2"><Time>2026-08-29T07:12:25.055Z</Time><Position><LatitudeDegrees>52.33161667</LatitudeDegrees><LongitudeDegrees>12.99152667</LongitudeDegrees></Position><AltitudeMeters>49.835</AltitudeMeters><DistanceMeters>1710.4000244140625</DistanceMeters><HeartRateBpm><Value>185</Value></HeartRateBpm><Cadence>81</Cadence><SensorState>Present</SensorState><Extensions><TPX xmlns="http://www.garmin.com/xmlschemas/ActivityExtension/v2"><Watts>274</Watts></TPX></Extensions></Trackpoint><Trackpoint xmlns="http://www.garmin.com/xmlschemas/TrainingCenterDatabase/v2"><Time>2026-08-29T07:12:26.055Z</Time><Position><LatitudeDegrees>52.331605</LatitudeDegrees><LongitudeDegrees>12.99148667</LongitudeDegrees></Position><AltitudeMeters>49.835</AltitudeMeters><DistanceMeters>1713.0</DistanceMeters><HeartRateBpm><Value>185</Value></HeartRateBpm><Cadence>81</Cadence><SensorState>Present</SensorState><Extensions><TPX xmlns="http://www.garmin.com/xmlschemas/ActivityExtension/v2"><Watts>276</Watts></TPX></Extensions></Trackpoint><Trackpoint xmlns="http://www.garmin.com/xmlschemas/TrainingCenterDatabase/v2"><Time>2026-08-29T07:12:27.055Z</Time><Position><LatitudeDegrees>52.33159167</LatitudeDegrees><LongitudeDegrees>12.99144667</LongitudeDegrees></Position><AltitudeMeters>49.835</AltitudeMeters><DistanceMeters>1715.0999755859375</DistanceMeters><HeartRateBpm><Value>185</Value></HeartRateBpm><Cadence>81</Cadence><SensorState>Present</SensorState><Extensions><TPX xmlns="http://www.garmin.com/xmlschemas/ActivityExtension/v2"><Watts>278</Watts></TPX></Extensions></Trackpoint><Trackpoint xmlns="http://www.garmin.com/xmlschemas/TrainingCenterDatabase/v2"><Time>2026-08-29T07:12:28.055Z</Time><Position><LatitudeDegrees>52.33158</LatitudeDegrees><LongitudeDegrees>12.99141</LongitudeDegrees></Position><AltitudeMeters>49.835</AltitudeMeters><DistanceMeters>1717.800048828125</DistanceMeters><HeartRateBpm><Value>185</Value></HeartRateBpm><Cadence>81</Cadence><SensorState>Present</SensorState><Extensions><TPX xmlns="http://www.garmin.com/xmlschemas/ActivityExtension/v2"><Watts>280</Watts></TPX></Extensions></Trackpoint><Trackpoint xmlns="http://www.garmin.com/xmlschemas/TrainingCenterDatabase/v2"><Time>2026-08-29T07:12:29.055Z</Time><Position><LatitudeDegrees>52.33155167</LatitudeDegrees><LongitudeDegrees>12.99136333</LongitudeDegrees></Position><AltitudeMeters>49.835</AltitudeMeters><DistanceMeters>1721.4000244140625</DistanceMeters><HeartRateBpm><Value>185</Value></HeartRateBpm><Cadence>81</Cadence><SensorState>Present</SensorState><Extensions><TPX xmlns="http://www.garmin.com/xmlschemas/ActivityExtension/v2"><Watts>282</Watts></TPX></Extensions></Trackpoint><Trackpoint xmlns="http://www.garmin.com/xmlschemas/TrainingCenterDatabase/v2"><Time>2026-08-29T07:12:30.055Z</Time><Position><LatitudeDegrees>52.33153833</LatitudeDegrees><LongitudeDegrees>12.99133</LongitudeDegrees></Position><AltitudeMeters>49.835</AltitudeMeters><DistanceMeters>1724.800048828125</DistanceMeters><HeartRateBpm><Value>185</Value></HeartRateBpm><Cadence>81</Cadence><SensorState>Present</SensorState><Extensions><TPX xmlns="http://www.garmin.com/xmlschemas/ActivityExtension/v2"><Watts>288</Watts></TPX></Extensions></Trackpoint><Trackpoint xmlns="http://www.garmin.com/xmlschemas/TrainingCenterDatabase/v2"><Time>2026-08-29T07:12:31.055Z</Time><Position><LatitudeDegrees>52.33152333</LatitudeDegrees><LongitudeDegrees>12.99128833</LongitudeDegrees></Position><AltitudeMeters>49.835</AltitudeMeters><DistanceMeters>1728.800048828125</DistanceMeters><HeartRateBpm><Value>185</Value></HeartRateBpm><Cadence>81</Cadence><SensorState>Present</SensorState><Extensions><TPX xmlns="http://www.garmin.com/xmlschemas/ActivityExtension/v2"><Watts>294</Watts></TPX></Extensions></Trackpoint><Trackpoint xmlns="http://www.garmin.com/xmlschemas/TrainingCenterDatabase/v2"><Time>2026-08-29T07:12:32.055Z</Time><Position><LatitudeDegrees>52.33151833</LatitudeDegrees><LongitudeDegrees>12.99124167</LongitudeDegrees></Position><AltitudeMeters>49.835</AltitudeMeters><DistanceMeters>1732.300048828125</DistanceMeters><HeartRateBpm><Value>185</Value></HeartRateBpm><Cadence>81</Cadence><SensorState>Present</SensorState><Extensions><TPX xmlns="http://www.garmin.com/xmlschemas/ActivityExtension/v2"><Watts>300</Watts></TPX></Extensions></Trackpoint><Trackpoint xmlns="http://www.garmin.com/xmlschemas/TrainingCenterDatabase/v2"><Time>2026-08-29T07:12:33.055Z</Time><Position><LatitudeDegrees>52.33151667</LatitudeDegrees><LongitudeDegrees>12.99119167</LongitudeDegrees></Position><AltitudeMeters>49.835</AltitudeMeters><DistanceMeters>1736.0999755859375</DistanceMeters><HeartRateBpm><Value>185</Value></HeartRateBpm><Cadence>80</Cadence><SensorState>Present</SensorState><Extensions><TPX xmlns="http://www.garmin.com/xmlschemas/ActivityExtension/v2"><Watts>308</Watts></TPX></Extensions></Trackpoint><Trackpoint xmlns="http://www.garmin.com/xmlschemas/TrainingCenterDatabase/v2"><Time>2026-08-29T07:12:34.055Z</Time><Position><LatitudeDegrees>52.33151833</LatitudeDegrees><LongitudeDegrees>12.99114333</LongitudeDegrees></Position><AltitudeMeters>49.835</AltitudeMeters><DistanceMeters>1739.5</DistanceMeters><HeartRateBpm><Value>185</Value></HeartRateBpm><Cadence>80</Cadence><SensorState>Present</SensorState><Extensions><TPX xmlns="http://www.garmin.com/xmlschemas/ActivityExtension/v2"><Watts>314</Watts></TPX></Extensions></Trackpoint><Trackpoint xmlns="http://www.garmin.com/xmlschemas/TrainingCenterDatabase/v2"><Time>2026-08-29T07:12:35.055Z</Time><Position><LatitudeDegrees>52.33152833</LatitudeDegrees><LongitudeDegrees>12.99109667</LongitudeDegrees></Position><AltitudeMeters>49.835</AltitudeMeters><DistanceMeters>1742.9000244140625</DistanceMeters><HeartRateBpm><Value>185</Value></HeartRateBpm><Cadence>80</Cadence><SensorState>Present</SensorState><Extensions><TPX xmlns="http://www.garmin.com/xmlschemas/ActivityExtension/v2"><Watts>318</Watts></TPX></Extensions></Trackpoint><Trackpoint xmlns="http://www.garmin.com/xmlschemas/TrainingCenterDatabase/v2"><Time>2026-08-29T07:12:36.055Z</Time><Position><LatitudeDegrees>52.33152833</LatitudeDegrees><LongitudeDegrees>12.99101333</LongitudeDegrees></Position><AltitudeMeters>49.835</AltitudeMeters><DistanceMeters>1746.199951171875</DistanceMeters><HeartRateBpm><Value>185</Value></HeartRateBpm><Cadence>80</Cadence><SensorState>Present</SensorState><Extensions><TPX xmlns="http://www.garmin.com/xmlschemas/ActivityExtension/v2"><Watts>324</Watts></TPX></Extensions></Trackpoint><Trackpoint xmlns="http://www.garmin.com/xmlschemas/TrainingCenterDatabase/v2"><Time>2026-08-29T07:12:37.055Z</Time><Position><LatitudeDegrees>52.33154167</LatitudeDegrees><LongitudeDegrees>12.990955</LongitudeDegrees></Position><AltitudeMeters>49.835</AltitudeMeters><DistanceMeters>1749.699951171875</DistanceMeters><HeartRateBpm><Value>185</Value></HeartRateBpm><Cadence>81</Cadence><SensorState>Present</SensorState><Extensions><TPX xmlns="http://www.garmin.com/xmlschemas/ActivityExtension/v2"><Watts>328</Watts></TPX></Extensions></Trackpoint><Trackpoint xmlns="http://www.garmin.com/xmlschemas/TrainingCenterDatabase/v2"><Time>2026-08-29T07:12:38.055Z</Time><Position><LatitudeDegrees>52.331555</LatitudeDegrees><LongitudeDegrees>12.99090667</LongitudeDegrees></Position><AltitudeMeters>49.835</AltitudeMeters><DistanceMeters>1754.300048828125</DistanceMeters><HeartRateBpm><Value>185</Value></HeartRateBpm><Cadence>81</Cadence><SensorState>Present</SensorState><Extensions><TPX xmlns="http://www.garmin.com/xmlschemas/ActivityExtension/v2"><Watts>340</Watts></TPX></Extensions></Trackpoint><Trackpoint xmlns="http://www.garmin.com/xmlschemas/TrainingCenterDatabase/v2"><Time>2026-08-29T07:12:39.055Z</Time><Position><LatitudeDegrees>52.33157</LatitudeDegrees><LongitudeDegrees>12.99086167</LongitudeDegrees></Position><AltitudeMeters>49.835</AltitudeMeters><DistanceMeters>1758.5</DistanceMeters><HeartRateBpm><Value>185</Value></HeartRateBpm><Cadence>81</Cadence><SensorState>Present</SensorState><Extensions><TPX xmlns="http://www.garmin.com/xmlschemas/ActivityExtension/v2"><Watts>356</Watts></TPX></Extensions></Trackpoint><Trackpoint xmlns="http://www.garmin.com/xmlschemas/TrainingCenterDatabase/v2"><Time>2026-08-29T07:12:40.055Z</Time><Position><LatitudeDegrees>52.33158333</LatitudeDegrees><LongitudeDegrees>12.99081833</LongitudeDegrees></Position><AltitudeMeters>49.835</AltitudeMeters><DistanceMeters>1762.0</DistanceMeters><HeartRateBpm><Value>185</Value></HeartRateBpm><Cadence>81</Cadence><SensorState>Present</SensorState><Extensions><TPX xmlns="http://www.garmin.com/xmlschemas/ActivityExtension/v2"><Watts>360</Watts></TPX></Extensions></Trackpoint><Trackpoint xmlns="http://www.garmin.com/xmlschemas/TrainingCenterDatabase/v2"><Time>2026-08-29T07:12:41.055Z</Time><Position><LatitudeDegrees>52.33159833</LatitudeDegrees><LongitudeDegrees>12.99078333</LongitudeDegrees></Position><AltitudeMeters>49.835</AltitudeMeters><DistanceMeters>1766.0</DistanceMeters><HeartRateBpm><Value>185</Value></HeartRateBpm><Cadence>81</Cadence><SensorState>Present</SensorState><Extensions><TPX xmlns="http://www.garmin.com/xmlschemas/ActivityExtension/v2"><Watts>356</Watts></TPX></Extensions></Trackpoint><Trackpoint xmlns="http://www.garmin.com/xmlschemas/TrainingCenterDatabase/v2"><Time>2026-08-29T07:12:42.055Z</Time><Position><LatitudeDegrees>52.33161333</LatitudeDegrees><LongitudeDegrees>12.99074833</LongitudeDegrees></Position><AltitudeMeters>49.835</AltitudeMeters><DistanceMeters>1770.0999755859375</DistanceMeters><HeartRateBpm><Value>185</Value></HeartRateBpm><Cadence>81</Cadence><SensorState>Present</SensorState><Extensions><TPX xmlns="http://www.garmin.com/xmlschemas/ActivityExtension/v2"><Watts>352</Watts></TPX></Extensions></Trackpoint><Trackpoint xmlns="http://www.garmin.com/xmlschemas/TrainingCenterDatabase/v2"><Time>2026-08-29T07:12:43.055Z</Time><Position><LatitudeDegrees>52.33162833</LatitudeDegrees><LongitudeDegrees>12.990715</LongitudeDegrees></Position><AltitudeMeters>49.835</AltitudeMeters><DistanceMeters>1773.5999755859375</DistanceMeters><HeartRateBpm><Value>185</Value></HeartRateBpm><Cadence>81</Cadence><SensorState>Present</SensorState><Extensions><TPX xmlns="http://www.garmin.com/xmlschemas/ActivityExtension/v2"><Watts>348</Watts></TPX></Extensions></Trackpoint><Trackpoint xmlns="http://www.garmin.com/xmlschemas/TrainingCenterDatabase/v2"><Time>2026-08-29T07:12:44.055Z</Time><Position><LatitudeDegrees>52.33164333</LatitudeDegrees><LongitudeDegrees>12.990675</LongitudeDegrees></Position><AltitudeMeters>49.835</AltitudeMeters><DistanceMeters>1776.800048828125</DistanceMeters><HeartRateBpm><Value>185</Value></HeartRateBpm><Cadence>81</Cadence><SensorState>Present</SensorState><Extensions><TPX xmlns="http://www.garmin.com/xmlschemas/ActivityExtension/v2"><Watts>342</Watts></TPX></Extensions></Trackpoint><Trackpoint xmlns="http://www.garmin.com/xmlschemas/TrainingCenterDatabase/v2"><Time>2026-08-29T07:12:45.055Z</Time><Position><LatitudeDegrees>52.33165833</LatitudeDegrees><LongitudeDegrees>12.99063333</LongitudeDegrees></Position><AltitudeMeters>49.835</AltitudeMeters><DistanceMeters>1779.9000244140625</DistanceMeters><HeartRateBpm><Value>185</Value></HeartRateBpm><Cadence>80</Cadence><SensorState>Present</SensorState><Extensions><TPX xmlns="http://www.garmin.com/xmlschemas/ActivityExtension/v2"><Watts>334</Watts></TPX></Extensions></Trackpoint><Trackpoint xmlns="http://www.garmin.com/xmlschemas/TrainingCenterDatabase/v2"><Time>2026-08-29T07:12:46.055Z</Time><Position><LatitudeDegrees>52.33166833</LatitudeDegrees><LongitudeDegrees>12.99059</LongitudeDegrees></Position><AltitudeMeters>49.835</AltitudeMeters><DistanceMeters>1783.0999755859375</DistanceMeters><HeartRateBpm><Value>186</Value></HeartRateBpm><Cadence>80</Cadence><SensorState>Present</SensorState><Extensions><TPX xmlns="http://www.garmin.com/xmlschemas/ActivityExtension/v2"><Watts>328</Watts></TPX></Extensions></Trackpoint><Trackpoint xmlns="http://www.garmin.com/xmlschemas/TrainingCenterDatabase/v2"><Time>2026-08-29T07:12:47.055Z</Time><Position><LatitudeDegrees>52.33168333</LatitudeDegrees><LongitudeDegrees>12.99055</LongitudeDegrees></Position><AltitudeMeters>49.835</AltitudeMeters><DistanceMeters>1785.0999755859375</DistanceMeters><HeartRateBpm><Value>186</Value></HeartRateBpm><Cadence>80</Cadence><SensorState>Present</SensorState><Extensions><TPX xmlns="http://www.garmin.com/xmlschemas/ActivityExtension/v2"><Watts>322</Watts></TPX></Extensions></Trackpoint><Trackpoint xmlns="http://www.garmin.com/xmlschemas/TrainingCenterDatabase/v2"><Time>2026-08-29T07:12:48.055Z</Time><Position><LatitudeDegrees>52.33169833</LatitudeDegrees><LongitudeDegrees>12.99052</LongitudeDegrees></Position><AltitudeMeters>49.835</AltitudeMeters><DistanceMeters>1787.699951171875</DistanceMeters><HeartRateBpm><Value>186</Value></HeartRateBpm><Cadence>80</Cadence><SensorState>Present</SensorState><Extensions><TPX xmlns="http://www.garmin.com/xmlschemas/ActivityExtension/v2"><Watts>320</Watts></TPX></Extensions></Trackpoint><Trackpoint xmlns="http://www.garmin.com/xmlschemas/TrainingCenterDatabase/v2"><Time>2026-08-29T07:12:49.055Z</Time><Position><LatitudeDegrees>52.331715</LatitudeDegrees><LongitudeDegrees>12.99048667</LongitudeDegrees></Position><AltitudeMeters>49.835</AltitudeMeters><DistanceMeters>1790.5999755859375</DistanceMeters><HeartRateBpm><Value>186</Value></HeartRateBpm><Cadence>80</Cadence><SensorState>Present</SensorState><Extensions><TPX xmlns="http://www.garmin.com/xmlschemas/ActivityExtension/v2"><Watts>316</Watts></TPX></Extensions></Trackpoint><Trackpoint xmlns="http://www.garmin.com/xmlschemas/TrainingCenterDatabase/v2"><Time>2026-08-29T07:12:50.055Z</Time><Position><LatitudeDegrees>52.33173</LatitudeDegrees><LongitudeDegrees>12.99045333</LongitudeDegrees></Position><AltitudeMeters>49.835</AltitudeMeters><DistanceMeters>1793.0999755859375</DistanceMeters><HeartRateBpm><Value>185</Value></HeartRateBpm><Cadence>81</Cadence><SensorState>Present</SensorState><Extensions><TPX xmlns="http://www.garmin.com/xmlschemas/ActivityExtension/v2"><Watts>314</Watts></TPX></Extensions></Trackpoint><Trackpoint xmlns="http://www.garmin.com/xmlschemas/TrainingCenterDatabase/v2"><Time>2026-08-29T07:12:51.055Z</Time><Position><LatitudeDegrees>52.33174667</LatitudeDegrees><LongitudeDegrees>12.99042333</LongitudeDegrees></Position><AltitudeMeters>49.835</AltitudeMeters><DistanceMeters>1795.9000244140625</DistanceMeters><HeartRateBpm><Value>185</Value></HeartRateBpm><Cadence>81</Cadence><SensorState>Present</SensorState><Extensions><TPX xmlns="http://www.garmin.com/xmlschemas/ActivityExtension/v2"><Watts>314</Watts></TPX></Extensions></Trackpoint><Trackpoint xmlns="http://www.garmin.com/xmlschemas/TrainingCenterDatabase/v2"><Time>2026-08-29T07:12:52.055Z</Time><Position><LatitudeDegrees>52.331765</LatitudeDegrees><LongitudeDegrees>12.99039667</LongitudeDegrees></Position><AltitudeMeters>49.835</AltitudeMeters><DistanceMeters>1798.9000244140625</DistanceMeters><HeartRateBpm><Value>185</Value></HeartRateBpm><Cadence>81</Cadence><SensorState>Present</SensorState><Extensions><TPX xmlns="http://www.garmin.com/xmlschemas/ActivityExtension/v2"><Watts>316</Watts></TPX></Extensions></Trackpoint><Trackpoint xmlns="http://www.garmin.com/xmlschemas/TrainingCenterDatabase/v2"><Time>2026-08-29T07:12:53.055Z</Time><Position><LatitudeDegrees>52.33178</LatitudeDegrees><LongitudeDegrees>12.99036</LongitudeDegrees></Position><AltitudeMeters>49.835</AltitudeMeters><DistanceMeters>1801.800048828125</DistanceMeters><HeartRateBpm><Value>185</Value></HeartRateBpm><Cadence>81</Cadence><SensorState>Present</SensorState><Extensions><TPX xmlns="http://www.garmin.com/xmlschemas/ActivityExtension/v2"><Watts>320</Watts></TPX></Extensions></Trackpoint><Trackpoint xmlns="http://www.garmin.com/xmlschemas/TrainingCenterDatabase/v2"><Time>2026-08-29T07:12:54.055Z</Time><Position><LatitudeDegrees>52.33179667</LatitudeDegrees><LongitudeDegrees>12.99032333</LongitudeDegrees></Position><AltitudeMeters>50.902</AltitudeMeters><DistanceMeters>1804.5999755859375</DistanceMeters><HeartRateBpm><Value>186</Value></HeartRateBpm><Cadence>80</Cadence><SensorState>Present</SensorState><Extensions><TPX xmlns="http://www.garmin.com/xmlschemas/ActivityExtension/v2"><Watts>322</Watts></TPX></Extensions></Trackpoint><Trackpoint xmlns="http://www.garmin.com/xmlschemas/TrainingCenterDatabase/v2"><Time>2026-08-29T07:12:55.055Z</Time><Position><LatitudeDegrees>52.33180833</LatitudeDegrees><LongitudeDegrees>12.99029</LongitudeDegrees></Position><AltitudeMeters>50.902</AltitudeMeters><DistanceMeters>1807.4000244140625</DistanceMeters><HeartRateBpm><Value>186</Value></HeartRateBpm><Cadence>81</Cadence><SensorState>Present</SensorState><Extensions><TPX xmlns="http://www.garmin.com/xmlschemas/ActivityExtension/v2"><Watts>324</Watts></TPX></Extensions></Trackpoint><Trackpoint xmlns="http://www.garmin.com/xmlschemas/TrainingCenterDatabase/v2"><Time>2026-08-29T07:12:56.055Z</Time><Position><LatitudeDegrees>52.33182</LatitudeDegrees><LongitudeDegrees>12.99025667</LongitudeDegrees></Position><AltitudeMeters>50.902</AltitudeMeters><DistanceMeters>1810.199951171875</DistanceMeters><HeartRateBpm><Value>186</Value></HeartRateBpm><Cadence>81</Cadence><SensorState>Present</SensorState><Extensions><TPX xmlns="http://www.garmin.com/xmlschemas/ActivityExtension/v2"><Watts>328</Watts></TPX></Extensions></Trackpoint><Trackpoint xmlns="http://www.garmin.com/xmlschemas/TrainingCenterDatabase/v2"><Time>2026-08-29T07:12:57.055Z</Time><Position><LatitudeDegrees>52.33184333</LatitudeDegrees><LongitudeDegrees>12.990205</LongitudeDegrees></Position><AltitudeMeters>50.902</AltitudeMeters><DistanceMeters>1812.800048828125</DistanceMeters><HeartRateBpm><Value>186</Value></HeartRateBpm><Cadence>81</Cadence><SensorState>Present</SensorState><Extensions><TPX xmlns="http://www.garmin.com/xmlschemas/ActivityExtension/v2"><Watts>332</Watts></TPX></Extensions></Trackpoint><Trackpoint xmlns="http://www.garmin.com/xmlschemas/TrainingCenterDatabase/v2"><Time>2026-08-29T07:12:58.055Z</Time><Position><LatitudeDegrees>52.33186167</LatitudeDegrees><LongitudeDegrees>12.99016</LongitudeDegrees></Position><AltitudeMeters>50.902</AltitudeMeters><DistanceMeters>1815.4000244140625</DistanceMeters><HeartRateBpm><Value>186</Value></HeartRateBpm><Cadence>81</Cadence><SensorState>Present</SensorState><Extensions><TPX xmlns="http://www.garmin.com/xmlschemas/ActivityExtension/v2"><Watts>336</Watts></TPX></Extensions></Trackpoint><Trackpoint xmlns="http://www.garmin.com/xmlschemas/TrainingCenterDatabase/v2"><Time>2026-08-29T07:12:59.055Z</Time><Position><LatitudeDegrees>52.33187667</LatitudeDegrees><LongitudeDegrees>12.99012333</LongitudeDegrees></Position><AltitudeMeters>50.902</AltitudeMeters><DistanceMeters>1819.300048828125</DistanceMeters><HeartRateBpm><Value>186</Value></HeartRateBpm><Cadence>81</Cadence><SensorState>Present</SensorState><Extensions><TPX xmlns="http://www.garmin.com/xmlschemas/ActivityExtension/v2"><Watts>344</Watts></TPX></Extensions></Trackpoint><Trackpoint xmlns="http://www.garmin.com/xmlschemas/TrainingCenterDatabase/v2"><Time>2026-08-29T07:13:00.055Z</Time><Position><LatitudeDegrees>52.33189333</LatitudeDegrees><LongitudeDegrees>12.99008167</LongitudeDegrees></Position><AltitudeMeters>51.817</AltitudeMeters><DistanceMeters>1822.800048828125</DistanceMeters><HeartRateBpm><Value>186</Value></HeartRateBpm><Cadence>81</Cadence><SensorState>Present</SensorState><Extensions><TPX xmlns="http://www.garmin.com/xmlschemas/ActivityExtension/v2"><Watts>350</Watts></TPX></Extensions></Trackpoint><Trackpoint xmlns="http://www.garmin.com/xmlschemas/TrainingCenterDatabase/v2"><Time>2026-08-29T07:13:01.055Z</Time><Position><LatitudeDegrees>52.33190667</LatitudeDegrees><LongitudeDegrees>12.99005333</LongitudeDegrees></Position><AltitudeMeters>51.817</AltitudeMeters><DistanceMeters>1826.0999755859375</DistanceMeters><HeartRateBpm><Value>186</Value></HeartRateBpm><Cadence>81</Cadence><SensorState>Present</SensorState><Extensions><TPX xmlns="http://www.garmin.com/xmlschemas/ActivityExtension/v2"><Watts>358</Watts></TPX></Extensions></Trackpoint><Trackpoint xmlns="http://www.garmin.com/xmlschemas/TrainingCenterDatabase/v2"><Time>2026-08-29T07:13:02.055Z</Time><Position><LatitudeDegrees>52.331925</LatitudeDegrees><LongitudeDegrees>12.99002167</LongitudeDegrees></Position><AltitudeMeters>51.817</AltitudeMeters><DistanceMeters>1829.5999755859375</DistanceMeters><HeartRateBpm><Value>187</Value></HeartRateBpm><Cadence>81</Cadence><SensorState>Present</SensorState><Extensions><TPX xmlns="http://www.garmin.com/xmlschemas/ActivityExtension/v2"><Watts>364</Watts></TPX></Extensions></Trackpoint><Trackpoint xmlns="http://www.garmin.com/xmlschemas/TrainingCenterDatabase/v2"><Time>2026-08-29T07:13:03.055Z</Time><Position><LatitudeDegrees>52.33195167</LatitudeDegrees><LongitudeDegrees>12.98998167</LongitudeDegrees></Position><AltitudeMeters>51.817</AltitudeMeters><DistanceMeters>1832.699951171875</DistanceMeters><HeartRateBpm><Value>187</Value></HeartRateBpm><Cadence>81</Cadence><SensorState>Present</SensorState><Extensions><TPX xmlns="http://www.garmin.com/xmlschemas/ActivityExtension/v2"><Watts>372</Watts></TPX></Extensions></Trackpoint><Trackpoint xmlns="http://www.garmin.com/xmlschemas/TrainingCenterDatabase/v2"><Time>2026-08-29T07:13:04.055Z</Time><Position><LatitudeDegrees>52.33197</LatitudeDegrees><LongitudeDegrees>12.98995333</LongitudeDegrees></Position><AltitudeMeters>51.817</AltitudeMeters><DistanceMeters>1836.0</DistanceMeters><HeartRateBpm><Value>187</Value></HeartRateBpm><Cadence>81</Cadence><SensorState>Present</SensorState><Extensions><TPX xmlns="http://www.garmin.com/xmlschemas/ActivityExtension/v2"><Watts>374</Watts></TPX></Extensions></Trackpoint><Trackpoint xmlns="http://www.garmin.com/xmlschemas/TrainingCenterDatabase/v2"><Time>2026-08-29T07:13:05.055Z</Time><Position><LatitudeDegrees>52.33199</LatitudeDegrees><LongitudeDegrees>12.989925</LongitudeDegrees></Position><AltitudeMeters>51.817</AltitudeMeters><DistanceMeters>1839.699951171875</DistanceMeters><HeartRateBpm><Value>187</Value></HeartRateBpm><Cadence>81</Cadence><SensorState>Present</SensorState><Extensions><TPX xmlns="http://www.garmin.com/xmlschemas/ActivityExtension/v2"><Watts>376</Watts></TPX></Extensions></Trackpoint><Trackpoint xmlns="http://www.garmin.com/xmlschemas/TrainingCenterDatabase/v2"><Time>2026-08-29T07:13:06.055Z</Time><Position><LatitudeDegrees>52.33200333</LatitudeDegrees><LongitudeDegrees>12.989895</LongitudeDegrees></Position><AltitudeMeters>51.817</AltitudeMeters><DistanceMeters>1843.0999755859375</DistanceMeters><HeartRateBpm><Value>187</Value></HeartRateBpm><Cadence>81</Cadence><SensorState>Present</SensorState><Extensions><TPX xmlns="http://www.garmin.com/xmlschemas/ActivityExtension/v2"><Watts>374</Watts></TPX></Extensions></Trackpoint><Trackpoint xmlns="http://www.garmin.com/xmlschemas/TrainingCenterDatabase/v2"><Time>2026-08-29T07:13:07.055Z</Time><Position><LatitudeDegrees>52.33203167</LatitudeDegrees><LongitudeDegrees>12.98985667</LongitudeDegrees></Position><AltitudeMeters>51.817</AltitudeMeters><DistanceMeters>1846.5</DistanceMeters><HeartRateBpm><Value>187</Value></HeartRateBpm><Cadence>81</Cadence><SensorState>Present</SensorState><Extensions><TPX xmlns="http://www.garmin.com/xmlschemas/ActivityExtension/v2"><Watts>372</Watts></TPX></Extensions></Trackpoint><Trackpoint xmlns="http://www.garmin.com/xmlschemas/TrainingCenterDatabase/v2"><Time>2026-08-29T07:13:08.055Z</Time><Position><LatitudeDegrees>52.332055</LatitudeDegrees><LongitudeDegrees>12.98982333</LongitudeDegrees></Position><AltitudeMeters>51.817</AltitudeMeters><DistanceMeters>1848.5999755859375</DistanceMeters><HeartRateBpm><Value>186</Value></HeartRateBpm><Cadence>81</Cadence><SensorState>Present</SensorState><Extensions><TPX xmlns="http://www.garmin.com/xmlschemas/ActivityExtension/v2"><Watts>368</Watts></TPX></Extensions></Trackpoint><Trackpoint xmlns="http://www.garmin.com/xmlschemas/TrainingCenterDatabase/v2"><Time>2026-08-29T07:13:09.055Z</Time><Position><LatitudeDegrees>52.33207</LatitudeDegrees><LongitudeDegrees>12.989795</LongitudeDegrees></Position><AltitudeMeters>51.817</AltitudeMeters><DistanceMeters>1851.9000244140625</DistanceMeters><HeartRateBpm><Value>186</Value></HeartRateBpm><Cadence>81</Cadence><SensorState>Present</SensorState><Extensions><TPX xmlns="http://www.garmin.com/xmlschemas/ActivityExtension/v2"><Watts>368</Watts></TPX></Extensions></Trackpoint><Trackpoint xmlns="http://www.garmin.com/xmlschemas/TrainingCenterDatabase/v2"><Time>2026-08-29T07:13:10.055Z</Time><Position><LatitudeDegrees>52.33208667</LatitudeDegrees><LongitudeDegrees>12.98976667</LongitudeDegrees></Position><AltitudeMeters>51.817</AltitudeMeters><DistanceMeters>1855.4000244140625</DistanceMeters><HeartRateBpm><Value>186</Value></HeartRateBpm><Cadence>81</Cadence><SensorState>Present</SensorState><Extensions><TPX xmlns="http://www.garmin.com/xmlschemas/ActivityExtension/v2"><Watts>368</Watts></TPX></Extensions></Trackpoint><Trackpoint xmlns="http://www.garmin.com/xmlschemas/TrainingCenterDatabase/v2"><Time>2026-08-29T07:13:11.055Z</Time><Position><LatitudeDegrees>52.332095</LatitudeDegrees><LongitudeDegrees>12.989745</LongitudeDegrees></Position><AltitudeMeters>51.817</AltitudeMeters><DistanceMeters>1858.199951171875</DistanceMeters><HeartRateBpm><Value>186</Value></HeartRateBpm><Cadence>81</Cadence><SensorState>Present</SensorState><Extensions><TPX xmlns="http://www.garmin.com/xmlschemas/ActivityExtension/v2"><Watts>362</Watts></TPX></Extensions></Trackpoint><Trackpoint xmlns="http://www.garmin.com/xmlschemas/TrainingCenterDatabase/v2"><Time>2026-08-29T07:13:12.055Z</Time><Position><LatitudeDegrees>52.33211</LatitudeDegrees><LongitudeDegrees>12.98971333</LongitudeDegrees></Position><AltitudeMeters>51.817</AltitudeMeters><DistanceMeters>1861.4000244140625</DistanceMeters><HeartRateBpm><Value>186</Value></HeartRateBpm><Cadence>81</Cadence><SensorState>Present</SensorState><Extensions><TPX xmlns="http://www.garmin.com/xmlschemas/ActivityExtension/v2"><Watts>356</Watts></TPX></Extensions></Trackpoint><Trackpoint xmlns="http://www.garmin.com/xmlschemas/TrainingCenterDatabase/v2"><Time>2026-08-29T07:13:13.055Z</Time><Position><LatitudeDegrees>52.33212333</LatitudeDegrees><LongitudeDegrees>12.989685</LongitudeDegrees></Position><AltitudeMeters>51.817</AltitudeMeters><DistanceMeters>1863.699951171875</DistanceMeters><HeartRateBpm><Value>186</Value></HeartRateBpm><Cadence>81</Cadence><SensorState>Present</SensorState><Extensions><TPX xmlns="http://www.garmin.com/xmlschemas/ActivityExtension/v2"><Watts>350</Watts></TPX></Extensions></Trackpoint><Trackpoint xmlns="http://www.garmin.com/xmlschemas/TrainingCenterDatabase/v2"><Time>2026-08-29T07:13:14.055Z</Time><Position><LatitudeDegrees>52.33213833</LatitudeDegrees><LongitudeDegrees>12.98964667</LongitudeDegrees></Position><AltitudeMeters>51.817</AltitudeMeters><DistanceMeters>1865.699951171875</DistanceMeters><HeartRateBpm><Value>186</Value></HeartRateBpm><Cadence>81</Cadence><SensorState>Present</SensorState><Extensions><TPX xmlns="http://www.garmin.com/xmlschemas/ActivityExtension/v2"><Watts>344</Watts></TPX></Extensions></Trackpoint><Trackpoint xmlns="http://www.garmin.com/xmlschemas/TrainingCenterDatabase/v2"><Time>2026-08-29T07:13:15.055Z</Time><Position><LatitudeDegrees>52.33215</LatitudeDegrees><LongitudeDegrees>12.989615</LongitudeDegrees></Position><AltitudeMeters>51.817</AltitudeMeters><DistanceMeters>1868.300048828125</DistanceMeters><HeartRateBpm><Value>186</Value></HeartRateBpm><Cadence>81</Cadence><SensorState>Present</SensorState><Extensions><TPX xmlns="http://www.garmin.com/xmlschemas/ActivityExtension/v2"><Watts>336</Watts></TPX></Extensions></Trackpoint><Trackpoint xmlns="http://www.garmin.com/xmlschemas/TrainingCenterDatabase/v2"><Time>2026-08-29T07:13:16.055Z</Time><Position><LatitudeDegrees>52.33216333</LatitudeDegrees><LongitudeDegrees>12.98958167</LongitudeDegrees></Position><AltitudeMeters>51.817</AltitudeMeters><DistanceMeters>1871.0</DistanceMeters><HeartRateBpm><Value>187</Value></HeartRateBpm><Cadence>81</Cadence><SensorState>Present</SensorState><Extensions><TPX xmlns="http://www.garmin.com/xmlschemas/ActivityExtension/v2"><Watts>330</Watts></TPX></Extensions></Trackpoint><Trackpoint xmlns="http://www.garmin.com/xmlschemas/TrainingCenterDatabase/v2"><Time>2026-08-29T07:13:17.055Z</Time><Position><LatitudeDegrees>52.33215667</LatitudeDegrees><LongitudeDegrees>12.98955</LongitudeDegrees></Position><AltitudeMeters>51.817</AltitudeMeters><DistanceMeters>1873.5</DistanceMeters><HeartRateBpm><Value>187</Value></HeartRateBpm><Cadence>81</Cadence><SensorState>Present</SensorState><Extensions><TPX xmlns="http://www.garmin.com/xmlschemas/ActivityExtension/v2"><Watts>330</Watts></TPX></Extensions></Trackpoint><Trackpoint xmlns="http://www.garmin.com/xmlschemas/TrainingCenterDatabase/v2"><Time>2026-08-29T07:13:18.055Z</Time><Position><LatitudeDegrees>52.332145</LatitudeDegrees><LongitudeDegrees>12.98953333</LongitudeDegrees></Position><AltitudeMeters>51.817</AltitudeMeters><DistanceMeters>1875.4000244140625</DistanceMeters><HeartRateBpm><Value>187</Value></HeartRateBpm><Cadence>80</Cadence><SensorState>Present</SensorState><Extensions><TPX xmlns="http://www.garmin.com/xmlschemas/ActivityExtension/v2"><Watts>332</Watts></TPX></Extensions></Trackpoint><Trackpoint xmlns="http://www.garmin.com/xmlschemas/TrainingCenterDatabase/v2"><Time>2026-08-29T07:13:19.055Z</Time><Position><LatitudeDegrees>52.33213667</LatitudeDegrees><LongitudeDegrees>12.98952333</LongitudeDegrees></Position><AltitudeMeters>51.817</AltitudeMeters><DistanceMeters>1876.9000244140625</DistanceMeters><HeartRateBpm><Value>187</Value></HeartRateBpm><Cadence>81</Cadence><SensorState>Present</SensorState><Extensions><TPX xmlns="http://www.garmin.com/xmlschemas/ActivityExtension/v2"><Watts>328</Watts></TPX></Extensions></Trackpoint><Trackpoint xmlns="http://www.garmin.com/xmlschemas/TrainingCenterDatabase/v2"><Time>2026-08-29T07:13:20.055Z</Time><Position><LatitudeDegrees>52.33211667</LatitudeDegrees><LongitudeDegrees>12.98951333</LongitudeDegrees></Position><AltitudeMeters>51.817</AltitudeMeters><DistanceMeters>1878.0999755859375</DistanceMeters><HeartRateBpm><Value>187</Value></HeartRateBpm><Cadence>81</Cadence><SensorState>Present</SensorState><Extensions><TPX xmlns="http://www.garmin.com/xmlschemas/ActivityExtension/v2"><Watts>324</Watts></TPX></Extensions></Trackpoint><Trackpoint xmlns="http://www.garmin.com/xmlschemas/TrainingCenterDatabase/v2"><Time>2026-08-29T07:13:21.055Z</Time><Position><LatitudeDegrees>52.33209667</LatitudeDegrees><LongitudeDegrees>12.989505</LongitudeDegrees></Position><AltitudeMeters>51.817</AltitudeMeters><DistanceMeters>1879.199951171875</DistanceMeters><HeartRateBpm><Value>187</Value></HeartRateBpm><Cadence>81</Cadence><SensorState>Present</SensorState><Extensions><TPX xmlns="http://www.garmin.com/xmlschemas/ActivityExtension/v2"><Watts>320</Watts></TPX></Extensions></Trackpoint><Trackpoint xmlns="http://www.garmin.com/xmlschemas/TrainingCenterDatabase/v2"><Time>2026-08-29T07:13:22.055Z</Time><Position><LatitudeDegrees>52.33207667</LatitudeDegrees><LongitudeDegrees>12.989495</LongitudeDegrees></Position><AltitudeMeters>51.817</AltitudeMeters><DistanceMeters>1881.699951171875</DistanceMeters><HeartRateBpm><Value>187</Value></HeartRateBpm><Cadence>81</Cadence><SensorState>Present</SensorState><Extensions><TPX xmlns="http://www.garmin.com/xmlschemas/ActivityExtension/v2"><Watts>316</Watts></TPX></Extensions></Trackpoint><Trackpoint xmlns="http://www.garmin.com/xmlschemas/TrainingCenterDatabase/v2"><Time>2026-08-29T07:13:23.055Z</Time><Position><LatitudeDegrees>52.33205167</LatitudeDegrees><LongitudeDegrees>12.98948333</LongitudeDegrees></Position><AltitudeMeters>51.817</AltitudeMeters><DistanceMeters>1882.800048828125</DistanceMeters><HeartRateBpm><Value>187</Value></HeartRateBpm><Cadence>81</Cadence><SensorState>Present</SensorState><Extensions><TPX xmlns="http://www.garmin.com/xmlschemas/ActivityExtension/v2"><Watts>308</Watts></TPX></Extensions></Trackpoint><Trackpoint xmlns="http://www.garmin.com/xmlschemas/TrainingCenterDatabase/v2"><Time>2026-08-29T07:13:24.055Z</Time><Position><LatitudeDegrees>52.33202667</LatitudeDegrees><LongitudeDegrees>12.98946833</LongitudeDegrees></Position><AltitudeMeters>51.817</AltitudeMeters><DistanceMeters>1883.800048828125</DistanceMeters><HeartRateBpm><Value>187</Value></HeartRateBpm><Cadence>80</Cadence><SensorState>Present</SensorState><Extensions><TPX xmlns="http://www.garmin.com/xmlschemas/ActivityExtension/v2"><Watts>304</Watts></TPX></Extensions></Trackpoint><Trackpoint xmlns="http://www.garmin.com/xmlschemas/TrainingCenterDatabase/v2"><Time>2026-08-29T07:13:25.055Z</Time><Position><LatitudeDegrees>52.33200333</LatitudeDegrees><LongitudeDegrees>12.98945833</LongitudeDegrees></Position><AltitudeMeters>51.817</AltitudeMeters><DistanceMeters>1885.4000244140625</DistanceMeters><HeartRateBpm><Value>186</Value></HeartRateBpm><Cadence>80</Cadence><SensorState>Present</SensorState><Extensions><TPX xmlns="http://www.garmin.com/xmlschemas/ActivityExtension/v2"><Watts>300</Watts></TPX></Extensions></Trackpoint><Trackpoint xmlns="http://www.garmin.com/xmlschemas/TrainingCenterDatabase/v2"><Time>2026-08-29T07:13:26.055Z</Time><Position><LatitudeDegrees>52.331975</LatitudeDegrees><LongitudeDegrees>12.98943667</LongitudeDegrees></Position><AltitudeMeters>52.883</AltitudeMeters><DistanceMeters>1887.5999755859375</DistanceMeters><HeartRateBpm><Value>186</Value></HeartRateBpm><Cadence>81</Cadence><SensorState>Present</SensorState><Extensions><TPX xmlns="http://www.garmin.com/xmlschemas/ActivityExtension/v2"><Watts>306</Watts></TPX></Extensions></Trackpoint><Trackpoint xmlns="http://www.garmin.com/xmlschemas/TrainingCenterDatabase/v2"><Time>2026-08-29T07:13:27.055Z</Time><Position><LatitudeDegrees>52.33194833</LatitudeDegrees><LongitudeDegrees>12.98941333</LongitudeDegrees></Position><AltitudeMeters>52.883</AltitudeMeters><DistanceMeters>1890.9000244140625</DistanceMeters><HeartRateBpm><Value>187</Value></HeartRateBpm><Cadence>81</Cadence><SensorState>Present</SensorState><Extensions><TPX xmlns="http://www.garmin.com/xmlschemas/ActivityExtension/v2"><Watts>318</Watts></TPX></Extensions></Trackpoint><Trackpoint xmlns="http://www.garmin.com/xmlschemas/TrainingCenterDatabase/v2"><Time>2026-08-29T07:13:28.055Z</Time><Position><LatitudeDegrees>52.33191833</LatitudeDegrees><LongitudeDegrees>12.989385</LongitudeDegrees></Position><AltitudeMeters>52.883</AltitudeMeters><DistanceMeters>1894.5</DistanceMeters><HeartRateBpm><Value>187</Value></HeartRateBpm><Cadence>81</Cadence><SensorState>Present</SensorState><Extensions><TPX xmlns="http://www.garmin.com/xmlschemas/ActivityExtension/v2"><Watts>332</Watts></TPX></Extensions></Trackpoint><Trackpoint xmlns="http://www.garmin.com/xmlschemas/TrainingCenterDatabase/v2"><Time>2026-08-29T07:13:29.055Z</Time><Position><LatitudeDegrees>52.33188833</LatitudeDegrees><LongitudeDegrees>12.98935833</LongitudeDegrees></Position><AltitudeMeters>52.883</AltitudeMeters><DistanceMeters>1898.300048828125</DistanceMeters><HeartRateBpm><Value>187</Value></HeartRateBpm><Cadence>81</Cadence><SensorState>Present</SensorState><Extensions><TPX xmlns="http://www.garmin.com/xmlschemas/ActivityExtension/v2"><Watts>350</Watts></TPX></Extensions></Trackpoint><Trackpoint xmlns="http://www.garmin.com/xmlschemas/TrainingCenterDatabase/v2"><Time>2026-08-29T07:13:30.055Z</Time><Position><LatitudeDegrees>52.33186333</LatitudeDegrees><LongitudeDegrees>12.98933667</LongitudeDegrees></Position><AltitudeMeters>52.883</AltitudeMeters><DistanceMeters>1902.800048828125</DistanceMeters><HeartRateBpm><Value>187</Value></HeartRateBpm><Cadence>81</Cadence><SensorState>Present</SensorState><Extensions><TPX xmlns="http://www.garmin.com/xmlschemas/ActivityExtension/v2"><Watts>366</Watts></TPX></Extensions></Trackpoint><Trackpoint xmlns="http://www.garmin.com/xmlschemas/TrainingCenterDatabase/v2"><Time>2026-08-29T07:13:31.055Z</Time><Position><LatitudeDegrees>52.33184</LatitudeDegrees><LongitudeDegrees>12.98932</LongitudeDegrees></Position><AltitudeMeters>52.883</AltitudeMeters><DistanceMeters>1906.9000244140625</DistanceMeters><HeartRateBpm><Value>187</Value></HeartRateBpm><Cadence>81</Cadence><SensorState>Present</SensorState><Extensions><TPX xmlns="http://www.garmin.com/xmlschemas/ActivityExtension/v2"><Watts>370</Watts></TPX></Extensions></Trackpoint><Trackpoint xmlns="http://www.garmin.com/xmlschemas/TrainingCenterDatabase/v2"><Time>2026-08-29T07:13:32.055Z</Time><Position><LatitudeDegrees>52.33181667</LatitudeDegrees><LongitudeDegrees>12.98930167</LongitudeDegrees></Position><AltitudeMeters>52.883</AltitudeMeters><DistanceMeters>1910.5999755859375</DistanceMeters><HeartRateBpm><Value>187</Value></HeartRateBpm><Cadence>81</Cadence><SensorState>Present</SensorState><Extensions><TPX xmlns="http://www.garmin.com/xmlschemas/ActivityExtension/v2"><Watts>368</Watts></TPX></Extensions></Trackpoint><Trackpoint xmlns="http://www.garmin.com/xmlschemas/TrainingCenterDatabase/v2"><Time>2026-08-29T07:13:33.055Z</Time><Position><LatitudeDegrees>52.33179333</LatitudeDegrees><LongitudeDegrees>12.98928</LongitudeDegrees></Position><AltitudeMeters>52.883</AltitudeMeters><DistanceMeters>1914.199951171875</DistanceMeters><HeartRateBpm><Value>187</Value></HeartRateBpm><Cadence>80</Cadence><SensorState>Present</SensorState><Extensions><TPX xmlns="http://www.garmin.com/xmlschemas/ActivityExtension/v2"><Watts>364</Watts></TPX></Extensions></Trackpoint><Trackpoint xmlns="http://www.garmin.com/xmlschemas/TrainingCenterDatabase/v2"><Time>2026-08-29T07:13:34.055Z</Time><Position><LatitudeDegrees>52.33177167</LatitudeDegrees><LongitudeDegrees>12.98926</LongitudeDegrees></Position><AltitudeMeters>52.883</AltitudeMeters><DistanceMeters>1917.4000244140625</DistanceMeters><HeartRateBpm><Value>187</Value></HeartRateBpm><Cadence>81</Cadence><SensorState>Present</SensorState><Extensions><TPX xmlns="http://www.garmin.com/xmlschemas/ActivityExtension/v2"><Watts>362</Watts></TPX></Extensions></Trackpoint><Trackpoint xmlns="http://www.garmin.com/xmlschemas/TrainingCenterDatabase/v2"><Time>2026-08-29T07:13:35.055Z</Time><Position><LatitudeDegrees>52.331745</LatitudeDegrees><LongitudeDegrees>12.98923667</LongitudeDegrees></Position><AltitudeMeters>52.883</AltitudeMeters><DistanceMeters>1920.699951171875</DistanceMeters><HeartRateBpm><Value>187</Value></HeartRateBpm><Cadence>81</Cadence><SensorState>Present</SensorState><Extensions><TPX xmlns="http://www.garmin.com/xmlschemas/ActivityExtension/v2"><Watts>358</Watts></TPX></Extensions></Trackpoint><Trackpoint xmlns="http://www.garmin.com/xmlschemas/TrainingCenterDatabase/v2"><Time>2026-08-29T07:13:36.055Z</Time><Position><LatitudeDegrees>52.33172</LatitudeDegrees><LongitudeDegrees>12.98920833</LongitudeDegrees></Position><AltitudeMeters>53.798</AltitudeMeters><DistanceMeters>1923.9000244140625</DistanceMeters><HeartRateBpm><Value>188</Value></HeartRateBpm><Cadence>81</Cadence><SensorState>Present</SensorState><Extensions><TPX xmlns="http://www.garmin.com/xmlschemas/ActivityExtension/v2"><Watts>354</Watts></TPX></Extensions></Trackpoint><Trackpoint xmlns="http://www.garmin.com/xmlschemas/TrainingCenterDatabase/v2"><Time>2026-08-29T07:13:37.055Z</Time><Position><LatitudeDegrees>52.331695</LatitudeDegrees><LongitudeDegrees>12.98918167</LongitudeDegrees></Position><AltitudeMeters>53.798</AltitudeMeters><DistanceMeters>1927.0</DistanceMeters><HeartRateBpm><Value>188</Value></HeartRateBpm><Cadence>81</Cadence><SensorState>Present</SensorState><Extensions><TPX xmlns="http://www.garmin.com/xmlschemas/ActivityExtension/v2"><Watts>352</Watts></TPX></Extensions></Trackpoint><Trackpoint xmlns="http://www.garmin.com/xmlschemas/TrainingCenterDatabase/v2"><Time>2026-08-29T07:13:38.055Z</Time><Position><LatitudeDegrees>52.331675</LatitudeDegrees><LongitudeDegrees>12.98916167</LongitudeDegrees></Position><AltitudeMeters>53.798</AltitudeMeters><DistanceMeters>1930.0</DistanceMeters><HeartRateBpm><Value>188</Value></HeartRateBpm><Cadence>81</Cadence><SensorState>Present</SensorState><Extensions><TPX xmlns="http://www.garmin.com/xmlschemas/ActivityExtension/v2"><Watts>356</Watts></TPX></Extensions></Trackpoint><Trackpoint xmlns="http://www.garmin.com/xmlschemas/TrainingCenterDatabase/v2"><Time>2026-08-29T07:13:39.055Z</Time><Position><LatitudeDegrees>52.33164667</LatitudeDegrees><LongitudeDegrees>12.98913667</LongitudeDegrees></Position><AltitudeMeters>53.798</AltitudeMeters><DistanceMeters>1933.0</DistanceMeters><HeartRateBpm><Value>188</Value></HeartRateBpm><Cadence>81</Cadence><SensorState>Present</SensorState><Extensions><TPX xmlns="http://www.garmin.com/xmlschemas/ActivityExtension/v2"><Watts>368</Watts></TPX></Extensions></Trackpoint><Trackpoint xmlns="http://www.garmin.com/xmlschemas/TrainingCenterDatabase/v2"><Time>2026-08-29T07:13:40.055Z</Time><Position><LatitudeDegrees>52.331625</LatitudeDegrees><LongitudeDegrees>12.98911833</LongitudeDegrees></Position><AltitudeMeters>53.798</AltitudeMeters><DistanceMeters>1935.5</DistanceMeters><HeartRateBpm><Value>188</Value></HeartRateBpm><Cadence>81</Cadence><SensorState>Present</SensorState><Extensions><TPX xmlns="http://www.garmin.com/xmlschemas/ActivityExtension/v2"><Watts>368</Watts></TPX></Extensions></Trackpoint><Trackpoint xmlns="http://www.garmin.com/xmlschemas/TrainingCenterDatabase/v2"><Time>2026-08-29T07:13:41.055Z</Time><Position><LatitudeDegrees>52.331605</LatitudeDegrees><LongitudeDegrees>12.9891</LongitudeDegrees></Position><AltitudeMeters>53.798</AltitudeMeters><DistanceMeters>1938.9000244140625</DistanceMeters><HeartRateBpm><Value>188</Value></HeartRateBpm><Cadence>81</Cadence><SensorState>Present</SensorState><Extensions><TPX xmlns="http://www.garmin.com/xmlschemas/ActivityExtension/v2"><Watts>360</Watts></TPX></Extensions></Trackpoint><Trackpoint xmlns="http://www.garmin.com/xmlschemas/TrainingCenterDatabase/v2"><Time>2026-08-29T07:13:42.055Z</Time><Position><LatitudeDegrees>52.33158167</LatitudeDegrees><LongitudeDegrees>12.98908167</LongitudeDegrees></Position><AltitudeMeters>53.798</AltitudeMeters><DistanceMeters>1941.9000244140625</DistanceMeters><HeartRateBpm><Value>188</Value></HeartRateBpm><Cadence>81</Cadence><SensorState>Present</SensorState><Extensions><TPX xmlns="http://www.garmin.com/xmlschemas/ActivityExtension/v2"><Watts>354</Watts></TPX></Extensions></Trackpoint><Trackpoint xmlns="http://www.garmin.com/xmlschemas/TrainingCenterDatabase/v2"><Time>2026-08-29T07:13:43.055Z</Time><Position><LatitudeDegrees>52.33156167</LatitudeDegrees><LongitudeDegrees>12.98906167</LongitudeDegrees></Position><AltitudeMeters>53.798</AltitudeMeters><DistanceMeters>1944.699951171875</DistanceMeters><HeartRateBpm><Value>189</Value></HeartRateBpm><Cadence>81</Cadence><SensorState>Present</SensorState><Extensions><TPX xmlns="http://www.garmin.com/xmlschemas/ActivityExtension/v2"><Watts>348</Watts></TPX></Extensions></Trackpoint><Trackpoint xmlns="http://www.garmin.com/xmlschemas/TrainingCenterDatabase/v2"><Time>2026-08-29T07:13:44.055Z</Time><Position><LatitudeDegrees>52.33154</LatitudeDegrees><LongitudeDegrees>12.98904</LongitudeDegrees></Position><AltitudeMeters>54.865</AltitudeMeters><DistanceMeters>1947.5999755859375</DistanceMeters><HeartRateBpm><Value>189</Value></HeartRateBpm><Cadence>81</Cadence><SensorState>Present</SensorState><Extensions><TPX xmlns="http://www.garmin.com/xmlschemas/ActivityExtension/v2"><Watts>342</Watts></TPX></Extensions></Trackpoint><Trackpoint xmlns="http://www.garmin.com/xmlschemas/TrainingCenterDatabase/v2"><Time>2026-08-29T07:13:45.055Z</Time><Position><LatitudeDegrees>52.33151667</LatitudeDegrees><LongitudeDegrees>12.989015</LongitudeDegrees></Position><AltitudeMeters>54.865</AltitudeMeters><DistanceMeters>1950.4000244140625</DistanceMeters><HeartRateBpm><Value>189</Value></HeartRateBpm><Cadence>81</Cadence><SensorState>Present</SensorState><Extensions><TPX xmlns="http://www.garmin.com/xmlschemas/ActivityExtension/v2"><Watts>340</Watts></TPX></Extensions></Trackpoint><Trackpoint xmlns="http://www.garmin.com/xmlschemas/TrainingCenterDatabase/v2"><Time>2026-08-29T07:13:46.055Z</Time><Position><LatitudeDegrees>52.331495</LatitudeDegrees><LongitudeDegrees>12.98899</LongitudeDegrees></Position><AltitudeMeters>54.865</AltitudeMeters><DistanceMeters>1953.0</DistanceMeters><HeartRateBpm><Value>189</Value></HeartRateBpm><Cadence>81</Cadence><SensorState>Present</SensorState><Extensions><TPX xmlns="http://www.garmin.com/xmlschemas/ActivityExtension/v2"><Watts>340</Watts></TPX></Extensions></Trackpoint><Trackpoint xmlns="http://www.garmin.com/xmlschemas/TrainingCenterDatabase/v2"><Time>2026-08-29T07:13:47.055Z</Time><Position><LatitudeDegrees>52.33147333</LatitudeDegrees><LongitudeDegrees>12.98896333</LongitudeDegrees></Position><AltitudeMeters>54.865</AltitudeMeters><DistanceMeters>1955.699951171875</DistanceMeters><HeartRateBpm><Value>189</Value></HeartRateBpm><Cadence>81</Cadence><SensorState>Present</SensorState><Extensions><TPX xmlns="http://www.garmin.com/xmlschemas/ActivityExtension/v2"><Watts>342</Watts></TPX></Extensions></Trackpoint><Trackpoint xmlns="http://www.garmin.com/xmlschemas/TrainingCenterDatabase/v2"><Time>2026-08-29T07:13:48.055Z</Time><Position><LatitudeDegrees>52.33145</LatitudeDegrees><LongitudeDegrees>12.98893667</LongitudeDegrees></Position><AltitudeMeters>54.865</AltitudeMeters><DistanceMeters>1958.4000244140625</DistanceMeters><HeartRateBpm><Value>189</Value></HeartRateBpm><Cadence>81</Cadence><SensorState>Present</SensorState><Extensions><TPX xmlns="http://www.garmin.com/xmlschemas/ActivityExtension/v2"><Watts>344</Watts></TPX></Extensions></Trackpoint><Trackpoint xmlns="http://www.garmin.com/xmlschemas/TrainingCenterDatabase/v2"><Time>2026-08-29T07:13:49.055Z</Time><Position><LatitudeDegrees>52.33142667</LatitudeDegrees><LongitudeDegrees>12.98891167</LongitudeDegrees></Position><AltitudeMeters>54.865</AltitudeMeters><DistanceMeters>1961.5</DistanceMeters><HeartRateBpm><Value>189</Value></HeartRateBpm><Cadence>81</Cadence><SensorState>Present</SensorState><Extensions><TPX xmlns="http://www.garmin.com/xmlschemas/ActivityExtension/v2"><Watts>350</Watts></TPX></Extensions></Trackpoint><Trackpoint xmlns="http://www.garmin.com/xmlschemas/TrainingCenterDatabase/v2"><Time>2026-08-29T07:13:50.055Z</Time><Position><LatitudeDegrees>52.33140333</LatitudeDegrees><LongitudeDegrees>12.988885</LongitudeDegrees></Position><AltitudeMeters>54.865</AltitudeMeters><DistanceMeters>1964.199951171875</DistanceMeters><HeartRateBpm><Value>189</Value></HeartRateBpm><Cadence>81</Cadence><SensorState>Present</SensorState><Extensions><TPX xmlns="http://www.garmin.com/xmlschemas/ActivityExtension/v2"><Watts>352</Watts></TPX></Extensions></Trackpoint><Trackpoint xmlns="http://www.garmin.com/xmlschemas/TrainingCenterDatabase/v2"><Time>2026-08-29T07:13:51.055Z</Time><Position><LatitudeDegrees>52.33138333</LatitudeDegrees><LongitudeDegrees>12.98885667</LongitudeDegrees></Position><AltitudeMeters>54.865</AltitudeMeters><DistanceMeters>1967.4000244140625</DistanceMeters><HeartRateBpm><Value>189</Value></HeartRateBpm><Cadence>81</Cadence><SensorState>Present</SensorState><Extensions><TPX xmlns="http://www.garmin.com/xmlschemas/ActivityExtension/v2"><Watts>354</Watts></TPX></Extensions></Trackpoint><Trackpoint xmlns="http://www.garmin.com/xmlschemas/TrainingCenterDatabase/v2"><Time>2026-08-29T07:13:52.055Z</Time><Position><LatitudeDegrees>52.331365</LatitudeDegrees><LongitudeDegrees>12.988825</LongitudeDegrees></Position><AltitudeMeters>54.865</AltitudeMeters><DistanceMeters>1970.800048828125</DistanceMeters><HeartRateBpm><Value>189</Value></HeartRateBpm><Cadence>81</Cadence><SensorState>Present</SensorState><Extensions><TPX xmlns="http://www.garmin.com/xmlschemas/ActivityExtension/v2"><Watts>356</Watts></TPX></Extensions></Trackpoint><Trackpoint xmlns="http://www.garmin.com/xmlschemas/TrainingCenterDatabase/v2"><Time>2026-08-29T07:13:53.055Z</Time><Position><LatitudeDegrees>52.331345</LatitudeDegrees><LongitudeDegrees>12.988795</LongitudeDegrees></Position><AltitudeMeters>54.865</AltitudeMeters><DistanceMeters>1973.9000244140625</DistanceMeters><HeartRateBpm><Value>189</Value></HeartRateBpm><Cadence>81</Cadence><SensorState>Present</SensorState><Extensions><TPX xmlns="http://www.garmin.com/xmlschemas/ActivityExtension/v2"><Watts>356</Watts></TPX></Extensions></Trackpoint><Trackpoint xmlns="http://www.garmin.com/xmlschemas/TrainingCenterDatabase/v2"><Time>2026-08-29T07:13:54.055Z</Time><Position><LatitudeDegrees>52.33131833</LatitudeDegrees><LongitudeDegrees>12.98876167</LongitudeDegrees></Position><AltitudeMeters>54.865</AltitudeMeters><DistanceMeters>1977.0999755859375</DistanceMeters><HeartRateBpm><Value>189</Value></HeartRateBpm><Cadence>81</Cadence><SensorState>Present</SensorState><Extensions><TPX xmlns="http://www.garmin.com/xmlschemas/ActivityExtension/v2"><Watts>356</Watts></TPX></Extensions></Trackpoint><Trackpoint xmlns="http://www.garmin.com/xmlschemas/TrainingCenterDatabase/v2"><Time>2026-08-29T07:13:55.055Z</Time><Position><LatitudeDegrees>52.33129333</LatitudeDegrees><LongitudeDegrees>12.98873167</LongitudeDegrees></Position><AltitudeMeters>54.865</AltitudeMeters><DistanceMeters>1980.300048828125</DistanceMeters><HeartRateBpm><Value>189</Value></HeartRateBpm><Cadence>81</Cadence><SensorState>Present</SensorState><Extensions><TPX xmlns="http://www.garmin.com/xmlschemas/ActivityExtension/v2"><Watts>358</Watts></TPX></Extensions></Trackpoint><Trackpoint xmlns="http://www.garmin.com/xmlschemas/TrainingCenterDatabase/v2"><Time>2026-08-29T07:13:56.055Z</Time><Position><LatitudeDegrees>52.33126833</LatitudeDegrees><LongitudeDegrees>12.98870167</LongitudeDegrees></Position><AltitudeMeters>54.865</AltitudeMeters><DistanceMeters>1983.800048828125</DistanceMeters><HeartRateBpm><Value>189</Value></HeartRateBpm><Cadence>81</Cadence><SensorState>Present</SensorState><Extensions><TPX xmlns="http://www.garmin.com/xmlschemas/ActivityExtension/v2"><Watts>362</Watts></TPX></Extensions></Trackpoint><Trackpoint xmlns="http://www.garmin.com/xmlschemas/TrainingCenterDatabase/v2"><Time>2026-08-29T07:13:57.055Z</Time><Position><LatitudeDegrees>52.33124333</LatitudeDegrees><LongitudeDegrees>12.98867167</LongitudeDegrees></Position><AltitudeMeters>54.865</AltitudeMeters><DistanceMeters>1987.300048828125</DistanceMeters><HeartRateBpm><Value>189</Value></HeartRateBpm><Cadence>81</Cadence><SensorState>Present</SensorState><Extensions><TPX xmlns="http://www.garmin.com/xmlschemas/ActivityExtension/v2"><Watts>362</Watts></TPX></Extensions></Trackpoint><Trackpoint xmlns="http://www.garmin.com/xmlschemas/TrainingCenterDatabase/v2"><Time>2026-08-29T07:13:58.055Z</Time><Position><LatitudeDegrees>52.33122</LatitudeDegrees><LongitudeDegrees>12.98864333</LongitudeDegrees></Position><AltitudeMeters>54.865</AltitudeMeters><DistanceMeters>1990.9000244140625</DistanceMeters><HeartRateBpm><Value>189</Value></HeartRateBpm><Cadence>81</Cadence><SensorState>Present</SensorState><Extensions><TPX xmlns="http://www.garmin.com/xmlschemas/ActivityExtension/v2"><Watts>362</Watts></TPX></Extensions></Trackpoint><Trackpoint xmlns="http://www.garmin.com/xmlschemas/TrainingCenterDatabase/v2"><Time>2026-08-29T07:13:59.055Z</Time><Position><LatitudeDegrees>52.33118333</LatitudeDegrees><LongitudeDegrees>12.988615</LongitudeDegrees></Position><AltitudeMeters>54.865</AltitudeMeters><DistanceMeters>1994.4000244140625</DistanceMeters><HeartRateBpm><Value>190</Value></HeartRateBpm><Cadence>81</Cadence><SensorState>Present</SensorState><Extensions><TPX xmlns="http://www.garmin.com/xmlschemas/ActivityExtension/v2"><Watts>360</Watts></TPX></Extensions></Trackpoint><Trackpoint xmlns="http://www.garmin.com/xmlschemas/TrainingCenterDatabase/v2"><Time>2026-08-29T07:14:00.055Z</Time><Position><LatitudeDegrees>52.331145</LatitudeDegrees><LongitudeDegrees>12.98858167</LongitudeDegrees></Position><AltitudeMeters>54.865</AltitudeMeters><DistanceMeters>1997.800048828125</DistanceMeters><HeartRateBpm><Value>190</Value></HeartRateBpm><Cadence>80</Cadence><SensorState>Present</SensorState><Extensions><TPX xmlns="http://www.garmin.com/xmlschemas/ActivityExtension/v2"><Watts>366</Watts></TPX></Extensions></Trackpoint><Trackpoint xmlns="http://www.garmin.com/xmlschemas/TrainingCenterDatabase/v2"><Time>2026-08-29T07:14:01.055Z</Time><Position><LatitudeDegrees>52.33111333</LatitudeDegrees><LongitudeDegrees>12.988555</LongitudeDegrees></Position><AltitudeMeters>54.865</AltitudeMeters><DistanceMeters>2002.0999755859375</DistanceMeters><HeartRateBpm><Value>190</Value></HeartRateBpm><Cadence>81</Cadence><SensorState>Present</SensorState><Extensions><TPX xmlns="http://www.garmin.com/xmlschemas/ActivityExtension/v2"><Watts>380</Watts></TPX></Extensions></Trackpoint><Trackpoint xmlns="http://www.garmin.com/xmlschemas/TrainingCenterDatabase/v2"><Time>2026-08-29T07:14:02.055Z</Time><Position><LatitudeDegrees>52.33108167</LatitudeDegrees><LongitudeDegrees>12.98852833</LongitudeDegrees></Position><AltitudeMeters>54.865</AltitudeMeters><DistanceMeters>2006.9000244140625</DistanceMeters><HeartRateBpm><Value>190</Value></HeartRateBpm><Cadence>81</Cadence><SensorState>Present</SensorState><Extensions><TPX xmlns="http://www.garmin.com/xmlschemas/ActivityExtension/v2"><Watts>394</Watts></TPX></Extensions></Trackpoint></Track><Extensions xmlns="http://www.garmin.com/xmlschemas/TrainingCenterDatabase/v2"><LX xmlns="http://www.garmin.com/xmlschemas/ActivityExtension/v2"><AvgSpeed>3.1803782780965166</AvgSpeed><AvgWatts>360</AvgWatts><MaxWatts>515</MaxWatts></LX></Extensions></Lap><Lap xmlns="http://www.garmin.com/xmlschemas/TrainingCenterDatabase/v2" StartTime="2026-08-29T07:14:03.055Z"><TotalTimeSeconds>329.0</TotalTimeSeconds><DistanceMeters>1000.0</DistanceMeters><MaximumSpeed>3.565945095486111</MaximumSpeed><Calories>0</Calories><AverageHeartRateBpm><Value>191</Value></AverageHeartRateBpm><MaximumHeartRateBpm><Value>193</Value></MaximumHeartRateBpm><Intensity>Active</Intensity><Cadence>81</Cadence><TriggerMethod>Distance</TriggerMethod><Track><Trackpoint><Time>2026-08-29T07:14:03.055Z</Time><Position><LatitudeDegrees>52.33105833</LatitudeDegrees><LongitudeDegrees>12.98850167</LongitudeDegrees></Position><AltitudeMeters>54.865</AltitudeMeters><DistanceMeters>2011.5</DistanceMeters><HeartRateBpm><Value>190</Value></HeartRateBpm><Cadence>81</Cadence><SensorState>Present</SensorState><Extensions><TPX xmlns="http://www.garmin.com/xmlschemas/ActivityExtension/v2"><Watts>394</Watts></TPX></Extensions></Trackpoint><Trackpoint xmlns="http://www.garmin.com/xmlschemas/TrainingCenterDatabase/v2"><Time>2026-08-29T07:14:04.055Z</Time><Position><LatitudeDegrees>52.33104</LatitudeDegrees><LongitudeDegrees>12.98846</LongitudeDegrees></Position><AltitudeMeters>54.865</AltitudeMeters><DistanceMeters>2015.9000244140625</DistanceMeters><HeartRateBpm><Value>190</Value></HeartRateBpm><Cadence>81</Cadence><SensorState>Present</SensorState><Extensions><TPX xmlns="http://www.garmin.com/xmlschemas/ActivityExtension/v2"><Watts>384</Watts></TPX></Extensions></Trackpoint><Trackpoint xmlns="http://www.garmin.com/xmlschemas/TrainingCenterDatabase/v2"><Time>2026-08-29T07:14:05.055Z</Time><Position><LatitudeDegrees>52.33101833</LatitudeDegrees><LongitudeDegrees>12.98842</LongitudeDegrees></Position><AltitudeMeters>54.865</AltitudeMeters><DistanceMeters>2019.5</DistanceMeters><HeartRateBpm><Value>190</Value></HeartRateBpm><Cadence>81</Cadence><SensorState>Present</SensorState><Extensions><TPX xmlns="http://www.garmin.com/xmlschemas/ActivityExtension/v2"><Watts>376</Watts></TPX></Extensions></Trackpoint><Trackpoint xmlns="http://www.garmin.com/xmlschemas/TrainingCenterDatabase/v2"><Time>2026-08-29T07:14:06.055Z</Time><Position><LatitudeDegrees>52.330995</LatitudeDegrees><LongitudeDegrees>12.98839333</LongitudeDegrees></Position><AltitudeMeters>54.865</AltitudeMeters><DistanceMeters>2023.199951171875</DistanceMeters><HeartRateBpm><Value>190</Value></HeartRateBpm><Cadence>80</Cadence><SensorState>Present</SensorState><Extensions><TPX xmlns="http://www.garmin.com/xmlschemas/ActivityExtension/v2"><Watts>368</Watts></TPX></Extensions></Trackpoint><Trackpoint xmlns="http://www.garmin.com/xmlschemas/TrainingCenterDatabase/v2"><Time>2026-08-29T07:14:07.055Z</Time><Position><LatitudeDegrees>52.33097333</LatitudeDegrees><LongitudeDegrees>12.98837167</LongitudeDegrees></Position><AltitudeMeters>54.865</AltitudeMeters><DistanceMeters>2027.0</DistanceMeters><HeartRateBpm><Value>190</Value></HeartRateBpm><Cadence>81</Cadence><SensorState>Present</SensorState><Extensions><TPX xmlns="http://www.garmin.com/xmlschemas/ActivityExtension/v2"><Watts>358</Watts></TPX></Extensions></Trackpoint><Trackpoint xmlns="http://www.garmin.com/xmlschemas/TrainingCenterDatabase/v2"><Time>2026-08-29T07:14:08.055Z</Time><Position><LatitudeDegrees>52.33095</LatitudeDegrees><LongitudeDegrees>12.98834833</LongitudeDegrees></Position><AltitudeMeters>54.865</AltitudeMeters><DistanceMeters>2030.5</DistanceMeters><HeartRateBpm><Value>190</Value></HeartRateBpm><Cadence>81</Cadence><SensorState>Present</SensorState><Extensions><TPX xmlns="http://www.garmin.com/xmlschemas/ActivityExtension/v2"><Watts>352</Watts></TPX></Extensions></Trackpoint><Trackpoint xmlns="http://www.garmin.com/xmlschemas/TrainingCenterDatabase/v2"><Time>2026-08-29T07:14:09.055Z</Time><Position><LatitudeDegrees>52.33092833</LatitudeDegrees><LongitudeDegrees>12.98832833</LongitudeDegrees></Position><AltitudeMeters>54.865</AltitudeMeters><DistanceMeters>2033.699951171875</DistanceMeters><HeartRateBpm><Value>190</Value></HeartRateBpm><Cadence>81</Cadence><SensorState>Present</SensorState><Extensions><TPX xmlns="http://www.garmin.com/xmlschemas/ActivityExtension/v2"><Watts>344</Watts></TPX></Extensions></Trackpoint><Trackpoint xmlns="http://www.garmin.com/xmlschemas/TrainingCenterDatabase/v2"><Time>2026-08-29T07:14:10.055Z</Time><Position><LatitudeDegrees>52.33090833</LatitudeDegrees><LongitudeDegrees>12.98831</LongitudeDegrees></Position><AltitudeMeters>54.865</AltitudeMeters><DistanceMeters>2036.199951171875</DistanceMeters><HeartRateBpm><Value>190</Value></HeartRateBpm><Cadence>81</Cadence><SensorState>Present</SensorState><Extensions><TPX xmlns="http://www.garmin.com/xmlschemas/ActivityExtension/v2"><Watts>336</Watts></TPX></Extensions></Trackpoint><Trackpoint xmlns="http://www.garmin.com/xmlschemas/TrainingCenterDatabase/v2"><Time>2026-08-29T07:14:11.055Z</Time><Position><LatitudeDegrees>52.33088167</LatitudeDegrees><LongitudeDegrees>12.988285</LongitudeDegrees></Position><AltitudeMeters>54.865</AltitudeMeters><DistanceMeters>2038.300048828125</DistanceMeters><HeartRateBpm><Value>190</Value></HeartRateBpm><Cadence>81</Cadence><SensorState>Present</SensorState><Extensions><TPX xmlns="http://www.garmin.com/xmlschemas/ActivityExtension/v2"><Watts>330</Watts></TPX></Extensions></Trackpoint><Trackpoint xmlns="http://www.garmin.com/xmlschemas/TrainingCenterDatabase/v2"><Time>2026-08-29T07:14:12.055Z</Time><Position><LatitudeDegrees>52.33085667</LatitudeDegrees><LongitudeDegrees>12.98826333</LongitudeDegrees></Position><AltitudeMeters>54.865</AltitudeMeters><DistanceMeters>2040.699951171875</DistanceMeters><HeartRateBpm><Value>190</Value></HeartRateBpm><Cadence>81</Cadence><SensorState>Present</SensorState><Extensions><TPX xmlns="http://www.garmin.com/xmlschemas/ActivityExtension/v2"><Watts>326</Watts></TPX></Extensions></Trackpoint><Trackpoint xmlns="http://www.garmin.com/xmlschemas/TrainingCenterDatabase/v2"><Time>2026-08-29T07:14:13.055Z</Time><Position><LatitudeDegrees>52.33083167</LatitudeDegrees><LongitudeDegrees>12.98823833</LongitudeDegrees></Position><AltitudeMeters>54.865</AltitudeMeters><DistanceMeters>2043.4000244140625</DistanceMeters><HeartRateBpm><Value>190</Value></HeartRateBpm><Cadence>81</Cadence><SensorState>Present</SensorState><Extensions><TPX xmlns="http://www.garmin.com/xmlschemas/ActivityExtension/v2"><Watts>322</Watts></TPX></Extensions></Trackpoint><Trackpoint xmlns="http://www.garmin.com/xmlschemas/TrainingCenterDatabase/v2"><Time>2026-08-29T07:14:14.055Z</Time><Position><LatitudeDegrees>52.33081</LatitudeDegrees><LongitudeDegrees>12.98821833</LongitudeDegrees></Position><AltitudeMeters>54.865</AltitudeMeters><DistanceMeters>2046.5</DistanceMeters><HeartRateBpm><Value>190</Value></HeartRateBpm><Cadence>81</Cadence><SensorState>Present</SensorState><Extensions><TPX xmlns="http://www.garmin.com/xmlschemas/ActivityExtension/v2"><Watts>320</Watts></TPX></Extensions></Trackpoint><Trackpoint xmlns="http://www.garmin.com/xmlschemas/TrainingCenterDatabase/v2"><Time>2026-08-29T07:14:15.055Z</Time><Position><LatitudeDegrees>52.33078833</LatitudeDegrees><LongitudeDegrees>12.98819667</LongitudeDegrees></Position><AltitudeMeters>54.865</AltitudeMeters><DistanceMeters>2049.39990234375</DistanceMeters><HeartRateBpm><Value>190</Value></HeartRateBpm><Cadence>81</Cadence><SensorState>Present</SensorState><Extensions><TPX xmlns="http://www.garmin.com/xmlschemas/ActivityExtension/v2"><Watts>326</Watts></TPX></Extensions></Trackpoint><Trackpoint xmlns="http://www.garmin.com/xmlschemas/TrainingCenterDatabase/v2"><Time>2026-08-29T07:14:16.055Z</Time><Position><LatitudeDegrees>52.33076333</LatitudeDegrees><LongitudeDegrees>12.98817333</LongitudeDegrees></Position><AltitudeMeters>54.865</AltitudeMeters><DistanceMeters>2052.10009765625</DistanceMeters><HeartRateBpm><Value>190</Value></HeartRateBpm><Cadence>81</Cadence><SensorState>Present</SensorState><Extensions><TPX xmlns="http://www.garmin.com/xmlschemas/ActivityExtension/v2"><Watts>330</Watts></TPX></Extensions></Trackpoint><Trackpoint xmlns="http://www.garmin.com/xmlschemas/TrainingCenterDatabase/v2"><Time>2026-08-29T07:14:17.055Z</Time><Position><LatitudeDegrees>52.33074</LatitudeDegrees><LongitudeDegrees>12.98815167</LongitudeDegrees></Position><AltitudeMeters>54.865</AltitudeMeters><DistanceMeters>2054.89990234375</DistanceMeters><HeartRateBpm><Value>191</Value></HeartRateBpm><Cadence>81</Cadence><SensorState>Present</SensorState><Extensions><TPX xmlns="http://www.garmin.com/xmlschemas/ActivityExtension/v2"><Watts>332</Watts></TPX></Extensions></Trackpoint><Trackpoint xmlns="http://www.garmin.com/xmlschemas/TrainingCenterDatabase/v2"><Time>2026-08-29T07:14:18.055Z</Time><Position><LatitudeDegrees>52.33071667</LatitudeDegrees><LongitudeDegrees>12.98813167</LongitudeDegrees></Position><AltitudeMeters>55.779</AltitudeMeters><DistanceMeters>2058.10009765625</DistanceMeters><HeartRateBpm><Value>191</Value></HeartRateBpm><Cadence>80</Cadence><SensorState>Present</SensorState><Extensions><TPX xmlns="http://www.garmin.com/xmlschemas/ActivityExtension/v2"><Watts>334</Watts></TPX></Extensions></Trackpoint><Trackpoint xmlns="http://www.garmin.com/xmlschemas/TrainingCenterDatabase/v2"><Time>2026-08-29T07:14:19.055Z</Time><Position><LatitudeDegrees>52.33069333</LatitudeDegrees><LongitudeDegrees>12.98810833</LongitudeDegrees></Position><AltitudeMeters>55.779</AltitudeMeters><DistanceMeters>2061.10009765625</DistanceMeters><HeartRateBpm><Value>191</Value></HeartRateBpm><Cadence>81</Cadence><SensorState>Present</SensorState><Extensions><TPX xmlns="http://www.garmin.com/xmlschemas/ActivityExtension/v2"><Watts>338</Watts></TPX></Extensions></Trackpoint><Trackpoint xmlns="http://www.garmin.com/xmlschemas/TrainingCenterDatabase/v2"><Time>2026-08-29T07:14:20.055Z</Time><Position><LatitudeDegrees>52.33067167</LatitudeDegrees><LongitudeDegrees>12.98808667</LongitudeDegrees></Position><AltitudeMeters>55.779</AltitudeMeters><DistanceMeters>2064.300048828125</DistanceMeters><HeartRateBpm><Value>191</Value></HeartRateBpm><Cadence>80</Cadence><SensorState>Present</SensorState><Extensions><TPX xmlns="http://www.garmin.com/xmlschemas/ActivityExtension/v2"><Watts>348</Watts></TPX></Extensions></Trackpoint><Trackpoint xmlns="http://www.garmin.com/xmlschemas/TrainingCenterDatabase/v2"><Time>2026-08-29T07:14:21.055Z</Time><Position><LatitudeDegrees>52.33065333</LatitudeDegrees><LongitudeDegrees>12.98806833</LongitudeDegrees></Position><AltitudeMeters>55.779</AltitudeMeters><DistanceMeters>2067.5</DistanceMeters><HeartRateBpm><Value>191</Value></HeartRateBpm><Cadence>80</Cadence><SensorState>Present</SensorState><Extensions><TPX xmlns="http://www.garmin.com/xmlschemas/ActivityExtension/v2"><Watts>362</Watts></TPX></Extensions></Trackpoint><Trackpoint xmlns="http://www.garmin.com/xmlschemas/TrainingCenterDatabase/v2"><Time>2026-08-29T07:14:22.055Z</Time><Position><LatitudeDegrees>52.33062333</LatitudeDegrees><LongitudeDegrees>12.98805333</LongitudeDegrees></Position><AltitudeMeters>55.779</AltitudeMeters><DistanceMeters>2070.199951171875</DistanceMeters><HeartRateBpm><Value>191</Value></HeartRateBpm><Cadence>81</Cadence><SensorState>Present</SensorState><Extensions><TPX xmlns="http://www.garmin.com/xmlschemas/ActivityExtension/v2"><Watts>370</Watts></TPX></Extensions></Trackpoint><Trackpoint xmlns="http://www.garmin.com/xmlschemas/TrainingCenterDatabase/v2"><Time>2026-08-29T07:14:23.055Z</Time><Position><LatitudeDegrees>52.33059167</LatitudeDegrees><LongitudeDegrees>12.98802667</LongitudeDegrees></Position><AltitudeMeters>55.779</AltitudeMeters><DistanceMeters>2072.89990234375</DistanceMeters><HeartRateBpm><Value>191</Value></HeartRateBpm><Cadence>81</Cadence><SensorState>Present</SensorState><Extensions><TPX xmlns="http://www.garmin.com/xmlschemas/ActivityExtension/v2"><Watts>370</Watts></TPX></Extensions></Trackpoint><Trackpoint xmlns="http://www.garmin.com/xmlschemas/TrainingCenterDatabase/v2"><Time>2026-08-29T07:14:24.055Z</Time><Position><LatitudeDegrees>52.33056</LatitudeDegrees><LongitudeDegrees>12.987995</LongitudeDegrees></Position><AltitudeMeters>56.846</AltitudeMeters><DistanceMeters>2076.0</DistanceMeters><HeartRateBpm><Value>190</Value></HeartRateBpm><Cadence>81</Cadence><SensorState>Present</SensorState><Extensions><TPX xmlns="http://www.garmin.com/xmlschemas/ActivityExtension/v2"><Watts>378</Watts></TPX></Extensions></Trackpoint><Trackpoint xmlns="http://www.garmin.com/xmlschemas/TrainingCenterDatabase/v2"><Time>2026-08-29T07:14:25.055Z</Time><Position><LatitudeDegrees>52.33053667</LatitudeDegrees><LongitudeDegrees>12.98797</LongitudeDegrees></Position><AltitudeMeters>56.846</AltitudeMeters><DistanceMeters>2079.699951171875</DistanceMeters><HeartRateBpm><Value>190</Value></HeartRateBpm><Cadence>81</Cadence><SensorState>Present</SensorState><Extensions><TPX xmlns="http://www.garmin.com/xmlschemas/ActivityExtension/v2"><Watts>392</Watts></TPX></Extensions></Trackpoint><Trackpoint xmlns="http://www.garmin.com/xmlschemas/TrainingCenterDatabase/v2"><Time>2026-08-29T07:14:26.055Z</Time><Position><LatitudeDegrees>52.33050833</LatitudeDegrees><LongitudeDegrees>12.98793667</LongitudeDegrees></Position><AltitudeMeters>56.846</AltitudeMeters><DistanceMeters>2083.60009765625</DistanceMeters><HeartRateBpm><Value>190</Value></HeartRateBpm><Cadence>81</Cadence><SensorState>Present</SensorState><Extensions><TPX xmlns="http://www.garmin.com/xmlschemas/ActivityExtension/v2"><Watts>406</Watts></TPX></Extensions></Trackpoint><Trackpoint xmlns="http://www.garmin.com/xmlschemas/TrainingCenterDatabase/v2"><Time>2026-08-29T07:14:27.055Z</Time><Position><LatitudeDegrees>52.330485</LatitudeDegrees><LongitudeDegrees>12.98791167</LongitudeDegrees></Position><AltitudeMeters>56.846</AltitudeMeters><DistanceMeters>2087.0</DistanceMeters><HeartRateBpm><Value>190</Value></HeartRateBpm><Cadence>80</Cadence><SensorState>Present</SensorState><Extensions><TPX xmlns="http://www.garmin.com/xmlschemas/ActivityExtension/v2"><Watts>404</Watts></TPX></Extensions></Trackpoint><Trackpoint xmlns="http://www.garmin.com/xmlschemas/TrainingCenterDatabase/v2"><Time>2026-08-29T07:14:28.055Z</Time><Position><LatitudeDegrees>52.33046167</LatitudeDegrees><LongitudeDegrees>12.98788</LongitudeDegrees></Position><AltitudeMeters>56.846</AltitudeMeters><DistanceMeters>2090.89990234375</DistanceMeters><HeartRateBpm><Value>190</Value></HeartRateBpm><Cadence>80</Cadence><SensorState>Present</SensorState><Extensions><TPX xmlns="http://www.garmin.com/xmlschemas/ActivityExtension/v2"><Watts>390</Watts></TPX></Extensions></Trackpoint><Trackpoint xmlns="http://www.garmin.com/xmlschemas/TrainingCenterDatabase/v2"><Time>2026-08-29T07:14:29.055Z</Time><Position><LatitudeDegrees>52.33044167</LatitudeDegrees><LongitudeDegrees>12.987855</LongitudeDegrees></Position><AltitudeMeters>56.846</AltitudeMeters><DistanceMeters>2094.199951171875</DistanceMeters><HeartRateBpm><Value>190</Value></HeartRateBpm><Cadence>80</Cadence><SensorState>Present</SensorState><Extensions><TPX xmlns="http://www.garmin.com/xmlschemas/ActivityExtension/v2"><Watts>378</Watts></TPX></Extensions></Trackpoint><Trackpoint xmlns="http://www.garmin.com/xmlschemas/TrainingCenterDatabase/v2"><Time>2026-08-29T07:14:30.055Z</Time><Position><LatitudeDegrees>52.33042333</LatitudeDegrees><LongitudeDegrees>12.98783167</LongitudeDegrees></Position><AltitudeMeters>56.846</AltitudeMeters><DistanceMeters>2098.0</DistanceMeters><HeartRateBpm><Value>190</Value></HeartRateBpm><Cadence>80</Cadence><SensorState>Present</SensorState><Extensions><TPX xmlns="http://www.garmin.com/xmlschemas/ActivityExtension/v2"><Watts>368</Watts></TPX></Extensions></Trackpoint><Trackpoint xmlns="http://www.garmin.com/xmlschemas/TrainingCenterDatabase/v2"><Time>2026-08-29T07:14:31.055Z</Time><Position><LatitudeDegrees>52.330405</LatitudeDegrees><LongitudeDegrees>12.987815</LongitudeDegrees></Position><AltitudeMeters>56.846</AltitudeMeters><DistanceMeters>2101.199951171875</DistanceMeters><HeartRateBpm><Value>189</Value></HeartRateBpm><Cadence>81</Cadence><SensorState>Present</SensorState><Extensions><TPX xmlns="http://www.garmin.com/xmlschemas/ActivityExtension/v2"><Watts>360</Watts></TPX></Extensions></Trackpoint><Trackpoint xmlns="http://www.garmin.com/xmlschemas/TrainingCenterDatabase/v2"><Time>2026-08-29T07:14:32.055Z</Time><Position><LatitudeDegrees>52.33038333</LatitudeDegrees><LongitudeDegrees>12.98778667</LongitudeDegrees></Position><AltitudeMeters>56.846</AltitudeMeters><DistanceMeters>2104.5</DistanceMeters><HeartRateBpm><Value>189</Value></HeartRateBpm><Cadence>81</Cadence><SensorState>Present</SensorState><Extensions><TPX xmlns="http://www.garmin.com/xmlschemas/ActivityExtension/v2"><Watts>354</Watts></TPX></Extensions></Trackpoint><Trackpoint xmlns="http://www.garmin.com/xmlschemas/TrainingCenterDatabase/v2"><Time>2026-08-29T07:14:33.055Z</Time><Position><LatitudeDegrees>52.33036333</LatitudeDegrees><LongitudeDegrees>12.98776167</LongitudeDegrees></Position><AltitudeMeters>56.846</AltitudeMeters><DistanceMeters>2107.10009765625</DistanceMeters><HeartRateBpm><Value>189</Value></HeartRateBpm><Cadence>81</Cadence><SensorState>Present</SensorState><Extensions><TPX xmlns="http://www.garmin.com/xmlschemas/ActivityExtension/v2"><Watts>350</Watts></TPX></Extensions></Trackpoint><Trackpoint xmlns="http://www.garmin.com/xmlschemas/TrainingCenterDatabase/v2"><Time>2026-08-29T07:14:34.055Z</Time><Position><LatitudeDegrees>52.33034333</LatitudeDegrees><LongitudeDegrees>12.98773667</LongitudeDegrees></Position><AltitudeMeters>56.846</AltitudeMeters><DistanceMeters>2109.800048828125</DistanceMeters><HeartRateBpm><Value>189</Value></HeartRateBpm><Cadence>81</Cadence><SensorState>Present</SensorState><Extensions><TPX xmlns="http://www.garmin.com/xmlschemas/ActivityExtension/v2"><Watts>346</Watts></TPX></Extensions></Trackpoint><Trackpoint xmlns="http://www.garmin.com/xmlschemas/TrainingCenterDatabase/v2"><Time>2026-08-29T07:14:35.055Z</Time><Position><LatitudeDegrees>52.33032333</LatitudeDegrees><LongitudeDegrees>12.98771167</LongitudeDegrees></Position><AltitudeMeters>56.846</AltitudeMeters><DistanceMeters>2111.89990234375</DistanceMeters><HeartRateBpm><Value>189</Value></HeartRateBpm><Cadence>81</Cadence><SensorState>Present</SensorState><Extensions><TPX xmlns="http://www.garmin.com/xmlschemas/ActivityExtension/v2"><Watts>342</Watts></TPX></Extensions></Trackpoint><Trackpoint xmlns="http://www.garmin.com/xmlschemas/TrainingCenterDatabase/v2"><Time>2026-08-29T07:14:36.055Z</Time><Position><LatitudeDegrees>52.33030167</LatitudeDegrees><LongitudeDegrees>12.98768333</LongitudeDegrees></Position><AltitudeMeters>56.846</AltitudeMeters><DistanceMeters>2114.60009765625</DistanceMeters><HeartRateBpm><Value>189</Value></HeartRateBpm><Cadence>81</Cadence><SensorState>Present</SensorState><Extensions><TPX xmlns="http://www.garmin.com/xmlschemas/ActivityExtension/v2"><Watts>338</Watts></TPX></Extensions></Trackpoint><Trackpoint xmlns="http://www.garmin.com/xmlschemas/TrainingCenterDatabase/v2"><Time>2026-08-29T07:14:37.055Z</Time><Position><LatitudeDegrees>52.33028</LatitudeDegrees><LongitudeDegrees>12.98766</LongitudeDegrees></Position><AltitudeMeters>56.846</AltitudeMeters><DistanceMeters>2116.89990234375</DistanceMeters><HeartRateBpm><Value>189</Value></HeartRateBpm><Cadence>81</Cadence><SensorState>Present</SensorState><Extensions><TPX xmlns="http://www.garmin.com/xmlschemas/ActivityExtension/v2"><Watts>336</Watts></TPX></Extensions></Trackpoint><Trackpoint xmlns="http://www.garmin.com/xmlschemas/TrainingCenterDatabase/v2"><Time>2026-08-29T07:14:38.055Z</Time><Position><LatitudeDegrees>52.33026</LatitudeDegrees><LongitudeDegrees>12.98763667</LongitudeDegrees></Position><AltitudeMeters>56.846</AltitudeMeters><DistanceMeters>2119.699951171875</DistanceMeters><HeartRateBpm><Value>189</Value></HeartRateBpm><Cadence>81</Cadence><SensorState>Present</SensorState><Extensions><TPX xmlns="http://www.garmin.com/xmlschemas/ActivityExtension/v2"><Watts>332</Watts></TPX></Extensions></Trackpoint><Trackpoint xmlns="http://www.garmin.com/xmlschemas/TrainingCenterDatabase/v2"><Time>2026-08-29T07:14:39.055Z</Time><Position><LatitudeDegrees>52.33023833</LatitudeDegrees><LongitudeDegrees>12.987615</LongitudeDegrees></Position><AltitudeMeters>56.846</AltitudeMeters><DistanceMeters>2122.300048828125</DistanceMeters><HeartRateBpm><Value>189</Value></HeartRateBpm><Cadence>81</Cadence><SensorState>Present</SensorState><Extensions><TPX xmlns="http://www.garmin.com/xmlschemas/ActivityExtension/v2"><Watts>326</Watts></TPX></Extensions></Trackpoint><Trackpoint xmlns="http://www.garmin.com/xmlschemas/TrainingCenterDatabase/v2"><Time>2026-08-29T07:14:40.055Z</Time><Position><LatitudeDegrees>52.330215</LatitudeDegrees><LongitudeDegrees>12.98759167</LongitudeDegrees></Position><AltitudeMeters>56.846</AltitudeMeters><DistanceMeters>2125.199951171875</DistanceMeters><HeartRateBpm><Value>189</Value></HeartRateBpm><Cadence>80</Cadence><SensorState>Present</SensorState><Extensions><TPX xmlns="http://www.garmin.com/xmlschemas/ActivityExtension/v2"><Watts>322</Watts></TPX></Extensions></Trackpoint><Trackpoint xmlns="http://www.garmin.com/xmlschemas/TrainingCenterDatabase/v2"><Time>2026-08-29T07:14:41.055Z</Time><Position><LatitudeDegrees>52.33018667</LatitudeDegrees><LongitudeDegrees>12.98756833</LongitudeDegrees></Position><AltitudeMeters>56.846</AltitudeMeters><DistanceMeters>2128.199951171875</DistanceMeters><HeartRateBpm><Value>190</Value></HeartRateBpm><Cadence>80</Cadence><SensorState>Present</SensorState><Extensions><TPX xmlns="http://www.garmin.com/xmlschemas/ActivityExtension/v2"><Watts>320</Watts></TPX></Extensions></Trackpoint><Trackpoint xmlns="http://www.garmin.com/xmlschemas/TrainingCenterDatabase/v2"><Time>2026-08-29T07:14:42.055Z</Time><Position><LatitudeDegrees>52.330155</LatitudeDegrees><LongitudeDegrees>12.98755167</LongitudeDegrees></Position><AltitudeMeters>56.846</AltitudeMeters><DistanceMeters>2131.5</DistanceMeters><HeartRateBpm><Value>190</Value></HeartRateBpm><Cadence>80</Cadence><SensorState>Present</SensorState><Extensions><TPX xmlns="http://www.garmin.com/xmlschemas/ActivityExtension/v2"><Watts>316</Watts></TPX></Extensions></Trackpoint><Trackpoint xmlns="http://www.garmin.com/xmlschemas/TrainingCenterDatabase/v2"><Time>2026-08-29T07:14:43.055Z</Time><Position><LatitudeDegrees>52.33012333</LatitudeDegrees><LongitudeDegrees>12.98753667</LongitudeDegrees></Position><AltitudeMeters>56.846</AltitudeMeters><DistanceMeters>2134.60009765625</DistanceMeters><HeartRateBpm><Value>190</Value></HeartRateBpm><Cadence>81</Cadence><SensorState>Present</SensorState><Extensions><TPX xmlns="http://www.garmin.com/xmlschemas/ActivityExtension/v2"><Watts>320</Watts></TPX></Extensions></Trackpoint><Trackpoint xmlns="http://www.garmin.com/xmlschemas/TrainingCenterDatabase/v2"><Time>2026-08-29T07:14:44.055Z</Time><Position><LatitudeDegrees>52.33009333</LatitudeDegrees><LongitudeDegrees>12.98752</LongitudeDegrees></Position><AltitudeMeters>56.846</AltitudeMeters><DistanceMeters>2138.199951171875</DistanceMeters><HeartRateBpm><Value>190</Value></HeartRateBpm><Cadence>81</Cadence><SensorState>Present</SensorState><Extensions><TPX xmlns="http://www.garmin.com/xmlschemas/ActivityExtension/v2"><Watts>326</Watts></TPX></Extensions></Trackpoint><Trackpoint xmlns="http://www.garmin.com/xmlschemas/TrainingCenterDatabase/v2"><Time>2026-08-29T07:14:45.055Z</Time><Position><LatitudeDegrees>52.33006333</LatitudeDegrees><LongitudeDegrees>12.98749333</LongitudeDegrees></Position><AltitudeMeters>56.846</AltitudeMeters><DistanceMeters>2141.800048828125</DistanceMeters><HeartRateBpm><Value>190</Value></HeartRateBpm><Cadence>81</Cadence><SensorState>Present</SensorState><Extensions><TPX xmlns="http://www.garmin.com/xmlschemas/ActivityExtension/v2"><Watts>330</Watts></TPX></Extensions></Trackpoint><Trackpoint xmlns="http://www.garmin.com/xmlschemas/TrainingCenterDatabase/v2"><Time>2026-08-29T07:14:46.055Z</Time><Position><LatitudeDegrees>52.33003167</LatitudeDegrees><LongitudeDegrees>12.98746667</LongitudeDegrees></Position><AltitudeMeters>56.846</AltitudeMeters><DistanceMeters>2145.60009765625</DistanceMeters><HeartRateBpm><Value>190</Value></HeartRateBpm><Cadence>81</Cadence><SensorState>Present</SensorState><Extensions><TPX xmlns="http://www.garmin.com/xmlschemas/ActivityExtension/v2"><Watts>342</Watts></TPX></Extensions></Trackpoint><Trackpoint xmlns="http://www.garmin.com/xmlschemas/TrainingCenterDatabase/v2"><Time>2026-08-29T07:14:47.055Z</Time><Position><LatitudeDegrees>52.33001333</LatitudeDegrees><LongitudeDegrees>12.98745</LongitudeDegrees></Position><AltitudeMeters>56.846</AltitudeMeters><DistanceMeters>2149.5</DistanceMeters><HeartRateBpm><Value>190</Value></HeartRateBpm><Cadence>80</Cadence><SensorState>Present</SensorState><Extensions><TPX xmlns="http://www.garmin.com/xmlschemas/ActivityExtension/v2"><Watts>346</Watts></TPX></Extensions></Trackpoint><Trackpoint xmlns="http://www.garmin.com/xmlschemas/TrainingCenterDatabase/v2"><Time>2026-08-29T07:14:48.055Z</Time><Position><LatitudeDegrees>52.32998833</LatitudeDegrees><LongitudeDegrees>12.98742833</LongitudeDegrees></Position><AltitudeMeters>56.846</AltitudeMeters><DistanceMeters>2153.5</DistanceMeters><HeartRateBpm><Value>191</Value></HeartRateBpm><Cadence>81</Cadence><SensorState>Present</SensorState><Extensions><TPX xmlns="http://www.garmin.com/xmlschemas/ActivityExtension/v2"><Watts>340</Watts></TPX></Extensions></Trackpoint><Trackpoint xmlns="http://www.garmin.com/xmlschemas/TrainingCenterDatabase/v2"><Time>2026-08-29T07:14:49.055Z</Time><Position><LatitudeDegrees>52.32996833</LatitudeDegrees><LongitudeDegrees>12.98740333</LongitudeDegrees></Position><AltitudeMeters>56.846</AltitudeMeters><DistanceMeters>2156.800048828125</DistanceMeters><HeartRateBpm><Value>191</Value></HeartRateBpm><Cadence>81</Cadence><SensorState>Present</SensorState><Extensions><TPX xmlns="http://www.garmin.com/xmlschemas/ActivityExtension/v2"><Watts>336</Watts></TPX></Extensions></Trackpoint><Trackpoint xmlns="http://www.garmin.com/xmlschemas/TrainingCenterDatabase/v2"><Time>2026-08-29T07:14:50.055Z</Time><Position><LatitudeDegrees>52.32994167</LatitudeDegrees><LongitudeDegrees>12.98737333</LongitudeDegrees></Position><AltitudeMeters>56.846</AltitudeMeters><DistanceMeters>2160.39990234375</DistanceMeters><HeartRateBpm><Value>191</Value></HeartRateBpm><Cadence>81</Cadence><SensorState>Present</SensorState><Extensions><TPX xmlns="http://www.garmin.com/xmlschemas/ActivityExtension/v2"><Watts>332</Watts></TPX></Extensions></Trackpoint><Trackpoint xmlns="http://www.garmin.com/xmlschemas/TrainingCenterDatabase/v2"><Time>2026-08-29T07:14:51.055Z</Time><Position><LatitudeDegrees>52.32991</LatitudeDegrees><LongitudeDegrees>12.98734333</LongitudeDegrees></Position><AltitudeMeters>56.846</AltitudeMeters><DistanceMeters>2163.699951171875</DistanceMeters><HeartRateBpm><Value>191</Value></HeartRateBpm><Cadence>81</Cadence><SensorState>Present</SensorState><Extensions><TPX xmlns="http://www.garmin.com/xmlschemas/ActivityExtension/v2"><Watts>328</Watts></TPX></Extensions></Trackpoint><Trackpoint xmlns="http://www.garmin.com/xmlschemas/TrainingCenterDatabase/v2"><Time>2026-08-29T07:14:52.055Z</Time><Position><LatitudeDegrees>52.32988333</LatitudeDegrees><LongitudeDegrees>12.987305</LongitudeDegrees></Position><AltitudeMeters>56.846</AltitudeMeters><DistanceMeters>2166.89990234375</DistanceMeters><HeartRateBpm><Value>191</Value></HeartRateBpm><Cadence>80</Cadence><SensorState>Present</SensorState><Extensions><TPX xmlns="http://www.garmin.com/xmlschemas/ActivityExtension/v2"><Watts>330</Watts></TPX></Extensions></Trackpoint><Trackpoint xmlns="http://www.garmin.com/xmlschemas/TrainingCenterDatabase/v2"><Time>2026-08-29T07:14:53.055Z</Time><Position><LatitudeDegrees>52.32985833</LatitudeDegrees><LongitudeDegrees>12.98727</LongitudeDegrees></Position><AltitudeMeters>56.846</AltitudeMeters><DistanceMeters>2170.5</DistanceMeters><HeartRateBpm><Value>191</Value></HeartRateBpm><Cadence>81</Cadence><SensorState>Present</SensorState><Extensions><TPX xmlns="http://www.garmin.com/xmlschemas/ActivityExtension/v2"><Watts>338</Watts></TPX></Extensions></Trackpoint><Trackpoint xmlns="http://www.garmin.com/xmlschemas/TrainingCenterDatabase/v2"><Time>2026-08-29T07:14:54.055Z</Time><Position><LatitudeDegrees>52.32983167</LatitudeDegrees><LongitudeDegrees>12.98723667</LongitudeDegrees></Position><AltitudeMeters>56.846</AltitudeMeters><DistanceMeters>2174.199951171875</DistanceMeters><HeartRateBpm><Value>191</Value></HeartRateBpm><Cadence>80</Cadence><SensorState>Present</SensorState><Extensions><TPX xmlns="http://www.garmin.com/xmlschemas/ActivityExtension/v2"><Watts>344</Watts></TPX></Extensions></Trackpoint><Trackpoint xmlns="http://www.garmin.com/xmlschemas/TrainingCenterDatabase/v2"><Time>2026-08-29T07:14:55.055Z</Time><Position><LatitudeDegrees>52.32980667</LatitudeDegrees><LongitudeDegrees>12.98721167</LongitudeDegrees></Position><AltitudeMeters>56.846</AltitudeMeters><DistanceMeters>2177.800048828125</DistanceMeters><HeartRateBpm><Value>191</Value></HeartRateBpm><Cadence>81</Cadence><SensorState>Present</SensorState><Extensions><TPX xmlns="http://www.garmin.com/xmlschemas/ActivityExtension/v2"><Watts>340</Watts></TPX></Extensions></Trackpoint><Trackpoint xmlns="http://www.garmin.com/xmlschemas/TrainingCenterDatabase/v2"><Time>2026-08-29T07:14:56.055Z</Time><Position><LatitudeDegrees>52.32978833</LatitudeDegrees><LongitudeDegrees>12.98719333</LongitudeDegrees></Position><AltitudeMeters>55.779</AltitudeMeters><DistanceMeters>2181.300048828125</DistanceMeters><HeartRateBpm><Value>191</Value></HeartRateBpm><Cadence>81</Cadence><SensorState>Present</SensorState><Extensions><TPX xmlns="http://www.garmin.com/xmlschemas/ActivityExtension/v2"><Watts>330</Watts></TPX></Extensions></Trackpoint><Trackpoint xmlns="http://www.garmin.com/xmlschemas/TrainingCenterDatabase/v2"><Time>2026-08-29T07:14:57.055Z</Time><Position><LatitudeDegrees>52.32976</LatitudeDegrees><LongitudeDegrees>12.98716333</LongitudeDegrees></Position><AltitudeMeters>55.779</AltitudeMeters><DistanceMeters>2184.5</DistanceMeters><HeartRateBpm><Value>191</Value></HeartRateBpm><Cadence>81</Cadence><SensorState>Present</SensorState><Extensions><TPX xmlns="http://www.garmin.com/xmlschemas/ActivityExtension/v2"><Watts>318</Watts></TPX></Extensions></Trackpoint><Trackpoint xmlns="http://www.garmin.com/xmlschemas/TrainingCenterDatabase/v2"><Time>2026-08-29T07:14:58.055Z</Time><Position><LatitudeDegrees>52.32973833</LatitudeDegrees><LongitudeDegrees>12.98713833</LongitudeDegrees></Position><AltitudeMeters>55.779</AltitudeMeters><DistanceMeters>2188.10009765625</DistanceMeters><HeartRateBpm><Value>191</Value></HeartRateBpm><Cadence>81</Cadence><SensorState>Present</SensorState><Extensions><TPX xmlns="http://www.garmin.com/xmlschemas/ActivityExtension/v2"><Watts>310</Watts></TPX></Extensions></Trackpoint><Trackpoint xmlns="http://www.garmin.com/xmlschemas/TrainingCenterDatabase/v2"><Time>2026-08-29T07:14:59.055Z</Time><Position><LatitudeDegrees>52.32971333</LatitudeDegrees><LongitudeDegrees>12.98711333</LongitudeDegrees></Position><AltitudeMeters>55.779</AltitudeMeters><DistanceMeters>2191.800048828125</DistanceMeters><HeartRateBpm><Value>191</Value></HeartRateBpm><Cadence>80</Cadence><SensorState>Present</SensorState><Extensions><TPX xmlns="http://www.garmin.com/xmlschemas/ActivityExtension/v2"><Watts>304</Watts></TPX></Extensions></Trackpoint><Trackpoint xmlns="http://www.garmin.com/xmlschemas/TrainingCenterDatabase/v2"><Time>2026-08-29T07:15:00.055Z</Time><Position><LatitudeDegrees>52.32969333</LatitudeDegrees><LongitudeDegrees>12.98709167</LongitudeDegrees></Position><AltitudeMeters>55.779</AltitudeMeters><DistanceMeters>2195.300048828125</DistanceMeters><HeartRateBpm><Value>191</Value></HeartRateBpm><Cadence>80</Cadence><SensorState>Present</SensorState><Extensions><TPX xmlns="http://www.garmin.com/xmlschemas/ActivityExtension/v2"><Watts>300</Watts></TPX></Extensions></Trackpoint><Trackpoint xmlns="http://www.garmin.com/xmlschemas/TrainingCenterDatabase/v2"><Time>2026-08-29T07:15:01.055Z</Time><Position><LatitudeDegrees>52.329665</LatitudeDegrees><LongitudeDegrees>12.98706667</LongitudeDegrees></Position><AltitudeMeters>55.779</AltitudeMeters><DistanceMeters>2198.39990234375</DistanceMeters><HeartRateBpm><Value>191</Value></HeartRateBpm><Cadence>81</Cadence><SensorState>Present</SensorState><Extensions><TPX xmlns="http://www.garmin.com/xmlschemas/ActivityExtension/v2"><Watts>296</Watts></TPX></Extensions></Trackpoint><Trackpoint xmlns="http://www.garmin.com/xmlschemas/TrainingCenterDatabase/v2"><Time>2026-08-29T07:15:02.055Z</Time><Position><LatitudeDegrees>52.32964</LatitudeDegrees><LongitudeDegrees>12.987045</LongitudeDegrees></Position><AltitudeMeters>54.865</AltitudeMeters><DistanceMeters>2200.89990234375</DistanceMeters><HeartRateBpm><Value>191</Value></HeartRateBpm><Cadence>81</Cadence><SensorState>Present</SensorState><Extensions><TPX xmlns="http://www.garmin.com/xmlschemas/ActivityExtension/v2"><Watts>296</Watts></TPX></Extensions></Trackpoint><Trackpoint xmlns="http://www.garmin.com/xmlschemas/TrainingCenterDatabase/v2"><Time>2026-08-29T07:15:03.055Z</Time><Position><LatitudeDegrees>52.32961833</LatitudeDegrees><LongitudeDegrees>12.98702667</LongitudeDegrees></Position><AltitudeMeters>54.865</AltitudeMeters><DistanceMeters>2203.89990234375</DistanceMeters><HeartRateBpm><Value>191</Value></HeartRateBpm><Cadence>81</Cadence><SensorState>Present</SensorState><Extensions><TPX xmlns="http://www.garmin.com/xmlschemas/ActivityExtension/v2"><Watts>296</Watts></TPX></Extensions></Trackpoint><Trackpoint xmlns="http://www.garmin.com/xmlschemas/TrainingCenterDatabase/v2"><Time>2026-08-29T07:15:04.055Z</Time><Position><LatitudeDegrees>52.32959333</LatitudeDegrees><LongitudeDegrees>12.987005</LongitudeDegrees></Position><AltitudeMeters>54.865</AltitudeMeters><DistanceMeters>2206.800048828125</DistanceMeters><HeartRateBpm><Value>191</Value></HeartRateBpm><Cadence>81</Cadence><SensorState>Present</SensorState><Extensions><TPX xmlns="http://www.garmin.com/xmlschemas/ActivityExtension/v2"><Watts>298</Watts></TPX></Extensions></Trackpoint><Trackpoint xmlns="http://www.garmin.com/xmlschemas/TrainingCenterDatabase/v2"><Time>2026-08-29T07:15:05.055Z</Time><Position><LatitudeDegrees>52.32956167</LatitudeDegrees><LongitudeDegrees>12.98698167</LongitudeDegrees></Position><AltitudeMeters>54.865</AltitudeMeters><DistanceMeters>2209.39990234375</DistanceMeters><HeartRateBpm><Value>191</Value></HeartRateBpm><Cadence>81</Cadence><SensorState>Present</SensorState><Extensions><TPX xmlns="http://www.garmin.com/xmlschemas/ActivityExtension/v2"><Watts>300</Watts></TPX></Extensions></Trackpoint><Trackpoint xmlns="http://www.garmin.com/xmlschemas/TrainingCenterDatabase/v2"><Time>2026-08-29T07:15:06.055Z</Time><Position><LatitudeDegrees>52.32954167</LatitudeDegrees><LongitudeDegrees>12.986965</LongitudeDegrees></Position><AltitudeMeters>54.865</AltitudeMeters><DistanceMeters>2212.5</DistanceMeters><HeartRateBpm><Value>191</Value></HeartRateBpm><Cadence>81</Cadence><SensorState>Present</SensorState><Extensions><TPX xmlns="http://www.garmin.com/xmlschemas/ActivityExtension/v2"><Watts>302</Watts></TPX></Extensions></Trackpoint><Trackpoint xmlns="http://www.garmin.com/xmlschemas/TrainingCenterDatabase/v2"><Time>2026-08-29T07:15:07.055Z</Time><Position><LatitudeDegrees>52.32951167</LatitudeDegrees><LongitudeDegrees>12.98693833</LongitudeDegrees></Position><AltitudeMeters>54.865</AltitudeMeters><DistanceMeters>2216.39990234375</DistanceMeters><HeartRateBpm><Value>191</Value></HeartRateBpm><Cadence>81</Cadence><SensorState>Present</SensorState><Extensions><TPX xmlns="http://www.garmin.com/xmlschemas/ActivityExtension/v2"><Watts>308</Watts></TPX></Extensions></Trackpoint><Trackpoint xmlns="http://www.garmin.com/xmlschemas/TrainingCenterDatabase/v2"><Time>2026-08-29T07:15:08.055Z</Time><Position><LatitudeDegrees>52.32949</LatitudeDegrees><LongitudeDegrees>12.98691667</LongitudeDegrees></Position><AltitudeMeters>54.865</AltitudeMeters><DistanceMeters>2219.0</DistanceMeters><HeartRateBpm><Value>191</Value></HeartRateBpm><Cadence>81</Cadence><SensorState>Present</SensorState><Extensions><TPX xmlns="http://www.garmin.com/xmlschemas/ActivityExtension/v2"><Watts>316</Watts></TPX></Extensions></Trackpoint><Trackpoint xmlns="http://www.garmin.com/xmlschemas/TrainingCenterDatabase/v2"><Time>2026-08-29T07:15:09.055Z</Time><Position><LatitudeDegrees>52.32947167</LatitudeDegrees><LongitudeDegrees>12.98689833</LongitudeDegrees></Position><AltitudeMeters>54.865</AltitudeMeters><DistanceMeters>2222.60009765625</DistanceMeters><HeartRateBpm><Value>191</Value></HeartRateBpm><Cadence>81</Cadence><SensorState>Present</SensorState><Extensions><TPX xmlns="http://www.garmin.com/xmlschemas/ActivityExtension/v2"><Watts>320</Watts></TPX></Extensions></Trackpoint><Trackpoint xmlns="http://www.garmin.com/xmlschemas/TrainingCenterDatabase/v2"><Time>2026-08-29T07:15:10.055Z</Time><Position><LatitudeDegrees>52.329445</LatitudeDegrees><LongitudeDegrees>12.98686833</LongitudeDegrees></Position><AltitudeMeters>54.865</AltitudeMeters><DistanceMeters>2225.60009765625</DistanceMeters><HeartRateBpm><Value>191</Value></HeartRateBpm><Cadence>81</Cadence><SensorState>Present</SensorState><Extensions><TPX xmlns="http://www.garmin.com/xmlschemas/ActivityExtension/v2"><Watts>326</Watts></TPX></Extensions></Trackpoint><Trackpoint xmlns="http://www.garmin.com/xmlschemas/TrainingCenterDatabase/v2"><Time>2026-08-29T07:15:11.055Z</Time><Position><LatitudeDegrees>52.32942333</LatitudeDegrees><LongitudeDegrees>12.98684333</LongitudeDegrees></Position><AltitudeMeters>54.865</AltitudeMeters><DistanceMeters>2228.60009765625</DistanceMeters><HeartRateBpm><Value>191</Value></HeartRateBpm><Cadence>81</Cadence><SensorState>Present</SensorState><Extensions><TPX xmlns="http://www.garmin.com/xmlschemas/ActivityExtension/v2"><Watts>336</Watts></TPX></Extensions></Trackpoint><Trackpoint xmlns="http://www.garmin.com/xmlschemas/TrainingCenterDatabase/v2"><Time>2026-08-29T07:15:12.055Z</Time><Position><LatitudeDegrees>52.32940167</LatitudeDegrees><LongitudeDegrees>12.98681833</LongitudeDegrees></Position><AltitudeMeters>54.865</AltitudeMeters><DistanceMeters>2231.800048828125</DistanceMeters><HeartRateBpm><Value>191</Value></HeartRateBpm><Cadence>81</Cadence><SensorState>Present</SensorState><Extensions><TPX xmlns="http://www.garmin.com/xmlschemas/ActivityExtension/v2"><Watts>340</Watts></TPX></Extensions></Trackpoint><Trackpoint xmlns="http://www.garmin.com/xmlschemas/TrainingCenterDatabase/v2"><Time>2026-08-29T07:15:13.055Z</Time><Position><LatitudeDegrees>52.32937667</LatitudeDegrees><LongitudeDegrees>12.986795</LongitudeDegrees></Position><AltitudeMeters>54.865</AltitudeMeters><DistanceMeters>2234.800048828125</DistanceMeters><HeartRateBpm><Value>191</Value></HeartRateBpm><Cadence>81</Cadence><SensorState>Present</SensorState><Extensions><TPX xmlns="http://www.garmin.com/xmlschemas/ActivityExtension/v2"><Watts>336</Watts></TPX></Extensions></Trackpoint><Trackpoint xmlns="http://www.garmin.com/xmlschemas/TrainingCenterDatabase/v2"><Time>2026-08-29T07:15:14.055Z</Time><Position><LatitudeDegrees>52.32935167</LatitudeDegrees><LongitudeDegrees>12.98677167</LongitudeDegrees></Position><AltitudeMeters>54.865</AltitudeMeters><DistanceMeters>2238.0</DistanceMeters><HeartRateBpm><Value>191</Value></HeartRateBpm><Cadence>81</Cadence><SensorState>Present</SensorState><Extensions><TPX xmlns="http://www.garmin.com/xmlschemas/ActivityExtension/v2"><Watts>338</Watts></TPX></Extensions></Trackpoint><Trackpoint xmlns="http://www.garmin.com/xmlschemas/TrainingCenterDatabase/v2"><Time>2026-08-29T07:15:15.055Z</Time><Position><LatitudeDegrees>52.32933167</LatitudeDegrees><LongitudeDegrees>12.98675167</LongitudeDegrees></Position><AltitudeMeters>54.865</AltitudeMeters><DistanceMeters>2241.10009765625</DistanceMeters><HeartRateBpm><Value>191</Value></HeartRateBpm><Cadence>81</Cadence><SensorState>Present</SensorState><Extensions><TPX xmlns="http://www.garmin.com/xmlschemas/ActivityExtension/v2"><Watts>344</Watts></TPX></Extensions></Trackpoint><Trackpoint xmlns="http://www.garmin.com/xmlschemas/TrainingCenterDatabase/v2"><Time>2026-08-29T07:15:16.055Z</Time><Position><LatitudeDegrees>52.32930333</LatitudeDegrees><LongitudeDegrees>12.98671833</LongitudeDegrees></Position><AltitudeMeters>54.865</AltitudeMeters><DistanceMeters>2243.800048828125</DistanceMeters><HeartRateBpm><Value>191</Value></HeartRateBpm><Cadence>81</Cadence><SensorState>Present</SensorState><Extensions><TPX xmlns="http://www.garmin.com/xmlschemas/ActivityExtension/v2"><Watts>350</Watts></TPX></Extensions></Trackpoint><Trackpoint xmlns="http://www.garmin.com/xmlschemas/TrainingCenterDatabase/v2"><Time>2026-08-29T07:15:17.055Z</Time><Position><LatitudeDegrees>52.32927667</LatitudeDegrees><LongitudeDegrees>12.98669333</LongitudeDegrees></Position><AltitudeMeters>54.865</AltitudeMeters><DistanceMeters>2247.10009765625</DistanceMeters><HeartRateBpm><Value>191</Value></HeartRateBpm><Cadence>81</Cadence><SensorState>Present</SensorState><Extensions><TPX xmlns="http://www.garmin.com/xmlschemas/ActivityExtension/v2"><Watts>354</Watts></TPX></Extensions></Trackpoint><Trackpoint xmlns="http://www.garmin.com/xmlschemas/TrainingCenterDatabase/v2"><Time>2026-08-29T07:15:18.055Z</Time><Position><LatitudeDegrees>52.32925833</LatitudeDegrees><LongitudeDegrees>12.986675</LongitudeDegrees></Position><AltitudeMeters>54.865</AltitudeMeters><DistanceMeters>2250.199951171875</DistanceMeters><HeartRateBpm><Value>191</Value></HeartRateBpm><Cadence>81</Cadence><SensorState>Present</SensorState><Extensions><TPX xmlns="http://www.garmin.com/xmlschemas/ActivityExtension/v2"><Watts>352</Watts></TPX></Extensions></Trackpoint><Trackpoint xmlns="http://www.garmin.com/xmlschemas/TrainingCenterDatabase/v2"><Time>2026-08-29T07:15:19.055Z</Time><Position><LatitudeDegrees>52.32923667</LatitudeDegrees><LongitudeDegrees>12.98665</LongitudeDegrees></Position><AltitudeMeters>54.865</AltitudeMeters><DistanceMeters>2253.699951171875</DistanceMeters><HeartRateBpm><Value>191</Value></HeartRateBpm><Cadence>81</Cadence><SensorState>Present</SensorState><Extensions><TPX xmlns="http://www.garmin.com/xmlschemas/ActivityExtension/v2"><Watts>350</Watts></TPX></Extensions></Trackpoint><Trackpoint xmlns="http://www.garmin.com/xmlschemas/TrainingCenterDatabase/v2"><Time>2026-08-29T07:15:20.055Z</Time><Position><LatitudeDegrees>52.32921333</LatitudeDegrees><LongitudeDegrees>12.98662</LongitudeDegrees></Position><AltitudeMeters>54.865</AltitudeMeters><DistanceMeters>2256.800048828125</DistanceMeters><HeartRateBpm><Value>191</Value></HeartRateBpm><Cadence>81</Cadence><SensorState>Present</SensorState><Extensions><TPX xmlns="http://www.garmin.com/xmlschemas/ActivityExtension/v2"><Watts>346</Watts></TPX></Extensions></Trackpoint><Trackpoint xmlns="http://www.garmin.com/xmlschemas/TrainingCenterDatabase/v2"><Time>2026-08-29T07:15:21.055Z</Time><Position><LatitudeDegrees>52.329195</LatitudeDegrees><LongitudeDegrees>12.98659333</LongitudeDegrees></Position><AltitudeMeters>54.865</AltitudeMeters><DistanceMeters>2259.5</DistanceMeters><HeartRateBpm><Value>191</Value></HeartRateBpm><Cadence>81</Cadence><SensorState>Present</SensorState><Extensions><TPX xmlns="http://www.garmin.com/xmlschemas/ActivityExtension/v2"><Watts>336</Watts></TPX></Extensions></Trackpoint><Trackpoint xmlns="http://www.garmin.com/xmlschemas/TrainingCenterDatabase/v2"><Time>2026-08-29T07:15:22.055Z</Time><Position><LatitudeDegrees>52.329175</LatitudeDegrees><LongitudeDegrees>12.986565</LongitudeDegrees></Position><AltitudeMeters>54.865</AltitudeMeters><DistanceMeters>2262.800048828125</DistanceMeters><HeartRateBpm><Value>191</Value></HeartRateBpm><Cadence>81</Cadence><SensorState>Present</SensorState><Extensions><TPX xmlns="http://www.garmin.com/xmlschemas/ActivityExtension/v2"><Watts>330</Watts></TPX></Extensions></Trackpoint><Trackpoint xmlns="http://www.garmin.com/xmlschemas/TrainingCenterDatabase/v2"><Time>2026-08-29T07:15:23.055Z</Time><Position><LatitudeDegrees>52.32915167</LatitudeDegrees><LongitudeDegrees>12.98653833</LongitudeDegrees></Position><AltitudeMeters>54.865</AltitudeMeters><DistanceMeters>2265.699951171875</DistanceMeters><HeartRateBpm><Value>191</Value></HeartRateBpm><Cadence>81</Cadence><SensorState>Present</SensorState><Extensions><TPX xmlns="http://www.garmin.com/xmlschemas/ActivityExtension/v2"><Watts>326</Watts></TPX></Extensions></Trackpoint><Trackpoint xmlns="http://www.garmin.com/xmlschemas/TrainingCenterDatabase/v2"><Time>2026-08-29T07:15:24.055Z</Time><Position><LatitudeDegrees>52.32912667</LatitudeDegrees><LongitudeDegrees>12.986515</LongitudeDegrees></Position><AltitudeMeters>54.865</AltitudeMeters><DistanceMeters>2268.60009765625</DistanceMeters><HeartRateBpm><Value>191</Value></HeartRateBpm><Cadence>81</Cadence><SensorState>Present</SensorState><Extensions><TPX xmlns="http://www.garmin.com/xmlschemas/ActivityExtension/v2"><Watts>326</Watts></TPX></Extensions></Trackpoint><Trackpoint xmlns="http://www.garmin.com/xmlschemas/TrainingCenterDatabase/v2"><Time>2026-08-29T07:15:25.055Z</Time><Position><LatitudeDegrees>52.32910167</LatitudeDegrees><LongitudeDegrees>12.98649</LongitudeDegrees></Position><AltitudeMeters>54.865</AltitudeMeters><DistanceMeters>2271.60009765625</DistanceMeters><HeartRateBpm><Value>191</Value></HeartRateBpm><Cadence>81</Cadence><SensorState>Present</SensorState><Extensions><TPX xmlns="http://www.garmin.com/xmlschemas/ActivityExtension/v2"><Watts>332</Watts></TPX></Extensions></Trackpoint><Trackpoint xmlns="http://www.garmin.com/xmlschemas/TrainingCenterDatabase/v2"><Time>2026-08-29T07:15:26.055Z</Time><Position><LatitudeDegrees>52.32907667</LatitudeDegrees><LongitudeDegrees>12.98646833</LongitudeDegrees></Position><AltitudeMeters>54.865</AltitudeMeters><DistanceMeters>2274.89990234375</DistanceMeters><HeartRateBpm><Value>191</Value></HeartRateBpm><Cadence>81</Cadence><SensorState>Present</SensorState><Extensions><TPX xmlns="http://www.garmin.com/xmlschemas/ActivityExtension/v2"><Watts>334</Watts></TPX></Extensions></Trackpoint><Trackpoint xmlns="http://www.garmin.com/xmlschemas/TrainingCenterDatabase/v2"><Time>2026-08-29T07:15:27.055Z</Time><Position><LatitudeDegrees>52.32905</LatitudeDegrees><LongitudeDegrees>12.986445</LongitudeDegrees></Position><AltitudeMeters>54.865</AltitudeMeters><DistanceMeters>2277.699951171875</DistanceMeters><HeartRateBpm><Value>191</Value></HeartRateBpm><Cadence>81</Cadence><SensorState>Present</SensorState><Extensions><TPX xmlns="http://www.garmin.com/xmlschemas/ActivityExtension/v2"><Watts>328</Watts></TPX></Extensions></Trackpoint><Trackpoint xmlns="http://www.garmin.com/xmlschemas/TrainingCenterDatabase/v2"><Time>2026-08-29T07:15:28.055Z</Time><Position><LatitudeDegrees>52.32902333</LatitudeDegrees><LongitudeDegrees>12.98642167</LongitudeDegrees></Position><AltitudeMeters>54.865</AltitudeMeters><DistanceMeters>2280.60009765625</DistanceMeters><HeartRateBpm><Value>191</Value></HeartRateBpm><Cadence>80</Cadence><SensorState>Present</SensorState><Extensions><TPX xmlns="http://www.garmin.com/xmlschemas/ActivityExtension/v2"><Watts>328</Watts></TPX></Extensions></Trackpoint><Trackpoint xmlns="http://www.garmin.com/xmlschemas/TrainingCenterDatabase/v2"><Time>2026-08-29T07:15:29.055Z</Time><Position><LatitudeDegrees>52.32899833</LatitudeDegrees><LongitudeDegrees>12.98639833</LongitudeDegrees></Position><AltitudeMeters>54.865</AltitudeMeters><DistanceMeters>2284.300048828125</DistanceMeters><HeartRateBpm><Value>191</Value></HeartRateBpm><Cadence>80</Cadence><SensorState>Present</SensorState><Extensions><TPX xmlns="http://www.garmin.com/xmlschemas/ActivityExtension/v2"><Watts>336</Watts></TPX></Extensions></Trackpoint><Trackpoint xmlns="http://www.garmin.com/xmlschemas/TrainingCenterDatabase/v2"><Time>2026-08-29T07:15:30.055Z</Time><Position><LatitudeDegrees>52.32898</LatitudeDegrees><LongitudeDegrees>12.98638167</LongitudeDegrees></Position><AltitudeMeters>54.865</AltitudeMeters><DistanceMeters>2287.699951171875</DistanceMeters><HeartRateBpm><Value>191</Value></HeartRateBpm><Cadence>81</Cadence><SensorState>Present</SensorState><Extensions><TPX xmlns="http://www.garmin.com/xmlschemas/ActivityExtension/v2"><Watts>338</Watts></TPX></Extensions></Trackpoint><Trackpoint xmlns="http://www.garmin.com/xmlschemas/TrainingCenterDatabase/v2"><Time>2026-08-29T07:15:31.055Z</Time><Position><LatitudeDegrees>52.32895667</LatitudeDegrees><LongitudeDegrees>12.986355</LongitudeDegrees></Position><AltitudeMeters>54.865</AltitudeMeters><DistanceMeters>2290.89990234375</DistanceMeters><HeartRateBpm><Value>191</Value></HeartRateBpm><Cadence>81</Cadence><SensorState>Present</SensorState><Extensions><TPX xmlns="http://www.garmin.com/xmlschemas/ActivityExtension/v2"><Watts>336</Watts></TPX></Extensions></Trackpoint><Trackpoint xmlns="http://www.garmin.com/xmlschemas/TrainingCenterDatabase/v2"><Time>2026-08-29T07:15:32.055Z</Time><Position><LatitudeDegrees>52.32893333</LatitudeDegrees><LongitudeDegrees>12.98632</LongitudeDegrees></Position><AltitudeMeters>54.865</AltitudeMeters><DistanceMeters>2293.89990234375</DistanceMeters><HeartRateBpm><Value>191</Value></HeartRateBpm><Cadence>81</Cadence><SensorState>Present</SensorState><Extensions><TPX xmlns="http://www.garmin.com/xmlschemas/ActivityExtension/v2"><Watts>344</Watts></TPX></Extensions></Trackpoint><Trackpoint xmlns="http://www.garmin.com/xmlschemas/TrainingCenterDatabase/v2"><Time>2026-08-29T07:15:33.055Z</Time><Position><LatitudeDegrees>52.32891667</LatitudeDegrees><LongitudeDegrees>12.98629</LongitudeDegrees></Position><AltitudeMeters>54.865</AltitudeMeters><DistanceMeters>2297.199951171875</DistanceMeters><HeartRateBpm><Value>191</Value></HeartRateBpm><Cadence>81</Cadence><SensorState>Present</SensorState><Extensions><TPX xmlns="http://www.garmin.com/xmlschemas/ActivityExtension/v2"><Watts>352</Watts></TPX></Extensions></Trackpoint><Trackpoint xmlns="http://www.garmin.com/xmlschemas/TrainingCenterDatabase/v2"><Time>2026-08-29T07:15:34.055Z</Time><Position><LatitudeDegrees>52.32889167</LatitudeDegrees><LongitudeDegrees>12.98625833</LongitudeDegrees></Position><AltitudeMeters>54.865</AltitudeMeters><DistanceMeters>2300.5</DistanceMeters><HeartRateBpm><Value>191</Value></HeartRateBpm><Cadence>81</Cadence><SensorState>Present</SensorState><Extensions><TPX xmlns="http://www.garmin.com/xmlschemas/ActivityExtension/v2"><Watts>358</Watts></TPX></Extensions></Trackpoint><Trackpoint xmlns="http://www.garmin.com/xmlschemas/TrainingCenterDatabase/v2"><Time>2026-08-29T07:15:35.055Z</Time><Position><LatitudeDegrees>52.32887</LatitudeDegrees><LongitudeDegrees>12.98623333</LongitudeDegrees></Position><AltitudeMeters>54.865</AltitudeMeters><DistanceMeters>2303.5</DistanceMeters><HeartRateBpm><Value>191</Value></HeartRateBpm><Cadence>81</Cadence><SensorState>Present</SensorState><Extensions><TPX xmlns="http://www.garmin.com/xmlschemas/ActivityExtension/v2"><Watts>364</Watts></TPX></Extensions></Trackpoint><Trackpoint xmlns="http://www.garmin.com/xmlschemas/TrainingCenterDatabase/v2"><Time>2026-08-29T07:15:36.055Z</Time><Position><LatitudeDegrees>52.32885167</LatitudeDegrees><LongitudeDegrees>12.98621</LongitudeDegrees></Position><AltitudeMeters>54.865</AltitudeMeters><DistanceMeters>2306.699951171875</DistanceMeters><HeartRateBpm><Value>191</Value></HeartRateBpm><Cadence>80</Cadence><SensorState>Present</SensorState><Extensions><TPX xmlns="http://www.garmin.com/xmlschemas/ActivityExtension/v2"><Watts>368</Watts></TPX></Extensions></Trackpoint><Trackpoint xmlns="http://www.garmin.com/xmlschemas/TrainingCenterDatabase/v2"><Time>2026-08-29T07:15:37.055Z</Time><Position><LatitudeDegrees>52.328825</LatitudeDegrees><LongitudeDegrees>12.98618</LongitudeDegrees></Position><AltitudeMeters>54.865</AltitudeMeters><DistanceMeters>2309.699951171875</DistanceMeters><HeartRateBpm><Value>191</Value></HeartRateBpm><Cadence>81</Cadence><SensorState>Present</SensorState><Extensions><TPX xmlns="http://www.garmin.com/xmlschemas/ActivityExtension/v2"><Watts>372</Watts></TPX></Extensions></Trackpoint><Trackpoint xmlns="http://www.garmin.com/xmlschemas/TrainingCenterDatabase/v2"><Time>2026-08-29T07:15:38.055Z</Time><Position><LatitudeDegrees>52.328805</LatitudeDegrees><LongitudeDegrees>12.98616167</LongitudeDegrees></Position><AltitudeMeters>54.865</AltitudeMeters><DistanceMeters>2312.39990234375</DistanceMeters><HeartRateBpm><Value>191</Value></HeartRateBpm><Cadence>81</Cadence><SensorState>Present</SensorState><Extensions><TPX xmlns="http://www.garmin.com/xmlschemas/ActivityExtension/v2"><Watts>372</Watts></TPX></Extensions></Trackpoint><Trackpoint xmlns="http://www.garmin.com/xmlschemas/TrainingCenterDatabase/v2"><Time>2026-08-29T07:15:39.055Z</Time><Position><LatitudeDegrees>52.32878333</LatitudeDegrees><LongitudeDegrees>12.98614</LongitudeDegrees></Position><AltitudeMeters>54.865</AltitudeMeters><DistanceMeters>2315.60009765625</DistanceMeters><HeartRateBpm><Value>191</Value></HeartRateBpm><Cadence>81</Cadence><SensorState>Present</SensorState><Extensions><TPX xmlns="http://www.garmin.com/xmlschemas/ActivityExtension/v2"><Watts>370</Watts></TPX></Extensions></Trackpoint><Trackpoint xmlns="http://www.garmin.com/xmlschemas/TrainingCenterDatabase/v2"><Time>2026-08-29T07:15:40.055Z</Time><Position><LatitudeDegrees>52.32876167</LatitudeDegrees><LongitudeDegrees>12.98611833</LongitudeDegrees></Position><AltitudeMeters>54.865</AltitudeMeters><DistanceMeters>2318.300048828125</DistanceMeters><HeartRateBpm><Value>191</Value></HeartRateBpm><Cadence>81</Cadence><SensorState>Present</SensorState><Extensions><TPX xmlns="http://www.garmin.com/xmlschemas/ActivityExtension/v2"><Watts>368</Watts></TPX></Extensions></Trackpoint><Trackpoint xmlns="http://www.garmin.com/xmlschemas/TrainingCenterDatabase/v2"><Time>2026-08-29T07:15:41.055Z</Time><Position><LatitudeDegrees>52.32873667</LatitudeDegrees><LongitudeDegrees>12.986095</LongitudeDegrees></Position><AltitudeMeters>54.865</AltitudeMeters><DistanceMeters>2321.5</DistanceMeters><HeartRateBpm><Value>191</Value></HeartRateBpm><Cadence>81</Cadence><SensorState>Present</SensorState><Extensions><TPX xmlns="http://www.garmin.com/xmlschemas/ActivityExtension/v2"><Watts>368</Watts></TPX></Extensions></Trackpoint><Trackpoint xmlns="http://www.garmin.com/xmlschemas/TrainingCenterDatabase/v2"><Time>2026-08-29T07:15:42.055Z</Time><Position><LatitudeDegrees>52.32871333</LatitudeDegrees><LongitudeDegrees>12.98607333</LongitudeDegrees></Position><AltitudeMeters>54.865</AltitudeMeters><DistanceMeters>2324.39990234375</DistanceMeters><HeartRateBpm><Value>191</Value></HeartRateBpm><Cadence>81</Cadence><SensorState>Present</SensorState><Extensions><TPX xmlns="http://www.garmin.com/xmlschemas/ActivityExtension/v2"><Watts>370</Watts></TPX></Extensions></Trackpoint><Trackpoint xmlns="http://www.garmin.com/xmlschemas/TrainingCenterDatabase/v2"><Time>2026-08-29T07:15:43.055Z</Time><Position><LatitudeDegrees>52.32869</LatitudeDegrees><LongitudeDegrees>12.98605333</LongitudeDegrees></Position><AltitudeMeters>54.865</AltitudeMeters><DistanceMeters>2327.199951171875</DistanceMeters><HeartRateBpm><Value>191</Value></HeartRateBpm><Cadence>81</Cadence><SensorState>Present</SensorState><Extensions><TPX xmlns="http://www.garmin.com/xmlschemas/ActivityExtension/v2"><Watts>366</Watts></TPX></Extensions></Trackpoint><Trackpoint xmlns="http://www.garmin.com/xmlschemas/TrainingCenterDatabase/v2"><Time>2026-08-29T07:15:44.055Z</Time><Position><LatitudeDegrees>52.328665</LatitudeDegrees><LongitudeDegrees>12.98603</LongitudeDegrees></Position><AltitudeMeters>54.865</AltitudeMeters><DistanceMeters>2330.300048828125</DistanceMeters><HeartRateBpm><Value>191</Value></HeartRateBpm><Cadence>81</Cadence><SensorState>Present</SensorState><Extensions><TPX xmlns="http://www.garmin.com/xmlschemas/ActivityExtension/v2"><Watts>360</Watts></TPX></Extensions></Trackpoint><Trackpoint xmlns="http://www.garmin.com/xmlschemas/TrainingCenterDatabase/v2"><Time>2026-08-29T07:15:45.055Z</Time><Position><LatitudeDegrees>52.32864</LatitudeDegrees><LongitudeDegrees>12.98600667</LongitudeDegrees></Position><AltitudeMeters>54.865</AltitudeMeters><DistanceMeters>2332.89990234375</DistanceMeters><HeartRateBpm><Value>191</Value></HeartRateBpm><Cadence>81</Cadence><SensorState>Present</SensorState><Extensions><TPX xmlns="http://www.garmin.com/xmlschemas/ActivityExtension/v2"><Watts>366</Watts></TPX></Extensions></Trackpoint><Trackpoint xmlns="http://www.garmin.com/xmlschemas/TrainingCenterDatabase/v2"><Time>2026-08-29T07:15:46.055Z</Time><Position><LatitudeDegrees>52.32861333</LatitudeDegrees><LongitudeDegrees>12.98598167</LongitudeDegrees></Position><AltitudeMeters>54.865</AltitudeMeters><DistanceMeters>2336.10009765625</DistanceMeters><HeartRateBpm><Value>191</Value></HeartRateBpm><Cadence>81</Cadence><SensorState>Present</SensorState><Extensions><TPX xmlns="http://www.garmin.com/xmlschemas/ActivityExtension/v2"><Watts>372</Watts></TPX></Extensions></Trackpoint><Trackpoint xmlns="http://www.garmin.com/xmlschemas/TrainingCenterDatabase/v2"><Time>2026-08-29T07:15:47.055Z</Time><Position><LatitudeDegrees>52.32858833</LatitudeDegrees><LongitudeDegrees>12.98595833</LongitudeDegrees></Position><AltitudeMeters>54.865</AltitudeMeters><DistanceMeters>2339.5</DistanceMeters><HeartRateBpm><Value>191</Value></HeartRateBpm><Cadence>81</Cadence><SensorState>Present</SensorState><Extensions><TPX xmlns="http://www.garmin.com/xmlschemas/ActivityExtension/v2"><Watts>366</Watts></TPX></Extensions></Trackpoint><Trackpoint xmlns="http://www.garmin.com/xmlschemas/TrainingCenterDatabase/v2"><Time>2026-08-29T07:15:48.055Z</Time><Position><LatitudeDegrees>52.32856333</LatitudeDegrees><LongitudeDegrees>12.98593667</LongitudeDegrees></Position><AltitudeMeters>54.865</AltitudeMeters><DistanceMeters>2342.5</DistanceMeters><HeartRateBpm><Value>191</Value></HeartRateBpm><Cadence>80</Cadence><SensorState>Present</SensorState><Extensions><TPX xmlns="http://www.garmin.com/xmlschemas/ActivityExtension/v2"><Watts>354</Watts></TPX></Extensions></Trackpoint><Trackpoint xmlns="http://www.garmin.com/xmlschemas/TrainingCenterDatabase/v2"><Time>2026-08-29T07:15:49.055Z</Time><Position><LatitudeDegrees>52.32853833</LatitudeDegrees><LongitudeDegrees>12.98591333</LongitudeDegrees></Position><AltitudeMeters>54.865</AltitudeMeters><DistanceMeters>2345.89990234375</DistanceMeters><HeartRateBpm><Value>191</Value></HeartRateBpm><Cadence>80</Cadence><SensorState>Present</SensorState><Extensions><TPX xmlns="http://www.garmin.com/xmlschemas/ActivityExtension/v2"><Watts>348</Watts></TPX></Extensions></Trackpoint><Trackpoint xmlns="http://www.garmin.com/xmlschemas/TrainingCenterDatabase/v2"><Time>2026-08-29T07:15:50.055Z</Time><Position><LatitudeDegrees>52.32851333</LatitudeDegrees><LongitudeDegrees>12.98589</LongitudeDegrees></Position><AltitudeMeters>54.865</AltitudeMeters><DistanceMeters>2349.199951171875</DistanceMeters><HeartRateBpm><Value>191</Value></HeartRateBpm><Cadence>80</Cadence><SensorState>Present</SensorState><Extensions><TPX xmlns="http://www.garmin.com/xmlschemas/ActivityExtension/v2"><Watts>354</Watts></TPX></Extensions></Trackpoint><Trackpoint xmlns="http://www.garmin.com/xmlschemas/TrainingCenterDatabase/v2"><Time>2026-08-29T07:15:51.055Z</Time><Position><LatitudeDegrees>52.32849167</LatitudeDegrees><LongitudeDegrees>12.98586333</LongitudeDegrees></Position><AltitudeMeters>54.865</AltitudeMeters><DistanceMeters>2352.60009765625</DistanceMeters><HeartRateBpm><Value>191</Value></HeartRateBpm><Cadence>80</Cadence><SensorState>Present</SensorState><Extensions><TPX xmlns="http://www.garmin.com/xmlschemas/ActivityExtension/v2"><Watts>360</Watts></TPX></Extensions></Trackpoint><Trackpoint xmlns="http://www.garmin.com/xmlschemas/TrainingCenterDatabase/v2"><Time>2026-08-29T07:15:52.055Z</Time><Position><LatitudeDegrees>52.32847167</LatitudeDegrees><LongitudeDegrees>12.98584167</LongitudeDegrees></Position><AltitudeMeters>54.865</AltitudeMeters><DistanceMeters>2356.0</DistanceMeters><HeartRateBpm><Value>191</Value></HeartRateBpm><Cadence>80</Cadence><SensorState>Present</SensorState><Extensions><TPX xmlns="http://www.garmin.com/xmlschemas/ActivityExtension/v2"><Watts>364</Watts></TPX></Extensions></Trackpoint><Trackpoint xmlns="http://www.garmin.com/xmlschemas/TrainingCenterDatabase/v2"><Time>2026-08-29T07:15:53.055Z</Time><Position><LatitudeDegrees>52.32844167</LatitudeDegrees><LongitudeDegrees>12.98581</LongitudeDegrees></Position><AltitudeMeters>54.865</AltitudeMeters><DistanceMeters>2359.199951171875</DistanceMeters><HeartRateBpm><Value>191</Value></HeartRateBpm><Cadence>81</Cadence><SensorState>Present</SensorState><Extensions><TPX xmlns="http://www.garmin.com/xmlschemas/ActivityExtension/v2"><Watts>368</Watts></TPX></Extensions></Trackpoint><Trackpoint xmlns="http://www.garmin.com/xmlschemas/TrainingCenterDatabase/v2"><Time>2026-08-29T07:15:54.055Z</Time><Position><LatitudeDegrees>52.32841667</LatitudeDegrees><LongitudeDegrees>12.985785</LongitudeDegrees></Position><AltitudeMeters>54.865</AltitudeMeters><DistanceMeters>2362.199951171875</DistanceMeters><HeartRateBpm><Value>191</Value></HeartRateBpm><Cadence>81</Cadence><SensorState>Present</SensorState><Extensions><TPX xmlns="http://www.garmin.com/xmlschemas/ActivityExtension/v2"><Watts>368</Watts></TPX></Extensions></Trackpoint><Trackpoint xmlns="http://www.garmin.com/xmlschemas/TrainingCenterDatabase/v2"><Time>2026-08-29T07:15:55.055Z</Time><Position><LatitudeDegrees>52.32839833</LatitudeDegrees><LongitudeDegrees>12.98576333</LongitudeDegrees></Position><AltitudeMeters>54.865</AltitudeMeters><DistanceMeters>2365.89990234375</DistanceMeters><HeartRateBpm><Value>191</Value></HeartRateBpm><Cadence>81</Cadence><SensorState>Present</SensorState><Extensions><TPX xmlns="http://www.garmin.com/xmlschemas/ActivityExtension/v2"><Watts>364</Watts></TPX></Extensions></Trackpoint><Trackpoint xmlns="http://www.garmin.com/xmlschemas/TrainingCenterDatabase/v2"><Time>2026-08-29T07:15:56.055Z</Time><Position><LatitudeDegrees>52.32837333</LatitudeDegrees><LongitudeDegrees>12.985735</LongitudeDegrees></Position><AltitudeMeters>54.865</AltitudeMeters><DistanceMeters>2369.0</DistanceMeters><HeartRateBpm><Value>191</Value></HeartRateBpm><Cadence>81</Cadence><SensorState>Present</SensorState><Extensions><TPX xmlns="http://www.garmin.com/xmlschemas/ActivityExtension/v2"><Watts>358</Watts></TPX></Extensions></Trackpoint><Trackpoint xmlns="http://www.garmin.com/xmlschemas/TrainingCenterDatabase/v2"><Time>2026-08-29T07:15:57.055Z</Time><Position><LatitudeDegrees>52.32835833</LatitudeDegrees><LongitudeDegrees>12.98571167</LongitudeDegrees></Position><AltitudeMeters>54.865</AltitudeMeters><DistanceMeters>2371.800048828125</DistanceMeters><HeartRateBpm><Value>191</Value></HeartRateBpm><Cadence>81</Cadence><SensorState>Present</SensorState><Extensions><TPX xmlns="http://www.garmin.com/xmlschemas/ActivityExtension/v2"><Watts>360</Watts></TPX></Extensions></Trackpoint><Trackpoint xmlns="http://www.garmin.com/xmlschemas/TrainingCenterDatabase/v2"><Time>2026-08-29T07:15:58.055Z</Time><Position><LatitudeDegrees>52.32833167</LatitudeDegrees><LongitudeDegrees>12.98567833</LongitudeDegrees></Position><AltitudeMeters>54.865</AltitudeMeters><DistanceMeters>2375.0</DistanceMeters><HeartRateBpm><Value>190</Value></HeartRateBpm><Cadence>81</Cadence><SensorState>Present</SensorState><Extensions><TPX xmlns="http://www.garmin.com/xmlschemas/ActivityExtension/v2"><Watts>364</Watts></TPX></Extensions></Trackpoint><Trackpoint xmlns="http://www.garmin.com/xmlschemas/TrainingCenterDatabase/v2"><Time>2026-08-29T07:15:59.055Z</Time><Position><LatitudeDegrees>52.32831</LatitudeDegrees><LongitudeDegrees>12.98565</LongitudeDegrees></Position><AltitudeMeters>54.865</AltitudeMeters><DistanceMeters>2377.699951171875</DistanceMeters><HeartRateBpm><Value>190</Value></HeartRateBpm><Cadence>81</Cadence><SensorState>Present</SensorState><Extensions><TPX xmlns="http://www.garmin.com/xmlschemas/ActivityExtension/v2"><Watts>360</Watts></TPX></Extensions></Trackpoint><Trackpoint xmlns="http://www.garmin.com/xmlschemas/TrainingCenterDatabase/v2"><Time>2026-08-29T07:16:00.055Z</Time><Position><LatitudeDegrees>52.328285</LatitudeDegrees><LongitudeDegrees>12.98562167</LongitudeDegrees></Position><AltitudeMeters>53.798</AltitudeMeters><DistanceMeters>2381.0</DistanceMeters><HeartRateBpm><Value>190</Value></HeartRateBpm><Cadence>81</Cadence><SensorState>Present</SensorState><Extensions><TPX xmlns="http://www.garmin.com/xmlschemas/ActivityExtension/v2"><Watts>354</Watts></TPX></Extensions></Trackpoint><Trackpoint xmlns="http://www.garmin.com/xmlschemas/TrainingCenterDatabase/v2"><Time>2026-08-29T07:16:01.055Z</Time><Position><LatitudeDegrees>52.32826</LatitudeDegrees><LongitudeDegrees>12.98559333</LongitudeDegrees></Position><AltitudeMeters>53.798</AltitudeMeters><DistanceMeters>2384.10009765625</DistanceMeters><HeartRateBpm><Value>190</Value></HeartRateBpm><Cadence>81</Cadence><SensorState>Present</SensorState><Extensions><TPX xmlns="http://www.garmin.com/xmlschemas/ActivityExtension/v2"><Watts>352</Watts></TPX></Extensions></Trackpoint><Trackpoint xmlns="http://www.garmin.com/xmlschemas/TrainingCenterDatabase/v2"><Time>2026-08-29T07:16:02.055Z</Time><Position><LatitudeDegrees>52.32823333</LatitudeDegrees><LongitudeDegrees>12.98556333</LongitudeDegrees></Position><AltitudeMeters>53.798</AltitudeMeters><DistanceMeters>2387.39990234375</DistanceMeters><HeartRateBpm><Value>190</Value></HeartRateBpm><Cadence>81</Cadence><SensorState>Present</SensorState><Extensions><TPX xmlns="http://www.garmin.com/xmlschemas/ActivityExtension/v2"><Watts>344</Watts></TPX></Extensions></Trackpoint><Trackpoint xmlns="http://www.garmin.com/xmlschemas/TrainingCenterDatabase/v2"><Time>2026-08-29T07:16:03.055Z</Time><Position><LatitudeDegrees>52.328205</LatitudeDegrees><LongitudeDegrees>12.985535</LongitudeDegrees></Position><AltitudeMeters>53.798</AltitudeMeters><DistanceMeters>2390.89990234375</DistanceMeters><HeartRateBpm><Value>190</Value></HeartRateBpm><Cadence>81</Cadence><SensorState>Present</SensorState><Extensions><TPX xmlns="http://www.garmin.com/xmlschemas/ActivityExtension/v2"><Watts>338</Watts></TPX></Extensions></Trackpoint><Trackpoint xmlns="http://www.garmin.com/xmlschemas/TrainingCenterDatabase/v2"><Time>2026-08-29T07:16:04.055Z</Time><Position><LatitudeDegrees>52.32818</LatitudeDegrees><LongitudeDegrees>12.98550333</LongitudeDegrees></Position><AltitudeMeters>53.798</AltitudeMeters><DistanceMeters>2394.0</DistanceMeters><HeartRateBpm><Value>190</Value></HeartRateBpm><Cadence>81</Cadence><SensorState>Present</SensorState><Extensions><TPX xmlns="http://www.garmin.com/xmlschemas/ActivityExtension/v2"><Watts>334</Watts></TPX></Extensions></Trackpoint><Trackpoint xmlns="http://www.garmin.com/xmlschemas/TrainingCenterDatabase/v2"><Time>2026-08-29T07:16:05.055Z</Time><Position><LatitudeDegrees>52.32815833</LatitudeDegrees><LongitudeDegrees>12.98547</LongitudeDegrees></Position><AltitudeMeters>53.798</AltitudeMeters><DistanceMeters>2397.5</DistanceMeters><HeartRateBpm><Value>190</Value></HeartRateBpm><Cadence>81</Cadence><SensorState>Present</SensorState><Extensions><TPX xmlns="http://www.garmin.com/xmlschemas/ActivityExtension/v2"><Watts>330</Watts></TPX></Extensions></Trackpoint><Trackpoint xmlns="http://www.garmin.com/xmlschemas/TrainingCenterDatabase/v2"><Time>2026-08-29T07:16:06.055Z</Time><Position><LatitudeDegrees>52.32814</LatitudeDegrees><LongitudeDegrees>12.98544667</LongitudeDegrees></Position><AltitudeMeters>53.798</AltitudeMeters><DistanceMeters>2401.39990234375</DistanceMeters><HeartRateBpm><Value>190</Value></HeartRateBpm><Cadence>81</Cadence><SensorState>Present</SensorState><Extensions><TPX xmlns="http://www.garmin.com/xmlschemas/ActivityExtension/v2"><Watts>328</Watts></TPX></Extensions></Trackpoint><Trackpoint xmlns="http://www.garmin.com/xmlschemas/TrainingCenterDatabase/v2"><Time>2026-08-29T07:16:07.055Z</Time><Position><LatitudeDegrees>52.32811333</LatitudeDegrees><LongitudeDegrees>12.985425</LongitudeDegrees></Position><AltitudeMeters>53.798</AltitudeMeters><DistanceMeters>2404.699951171875</DistanceMeters><HeartRateBpm><Value>190</Value></HeartRateBpm><Cadence>81</Cadence><SensorState>Present</SensorState><Extensions><TPX xmlns="http://www.garmin.com/xmlschemas/ActivityExtension/v2"><Watts>326</Watts></TPX></Extensions></Trackpoint><Trackpoint xmlns="http://www.garmin.com/xmlschemas/TrainingCenterDatabase/v2"><Time>2026-08-29T07:16:08.055Z</Time><Position><LatitudeDegrees>52.32809</LatitudeDegrees><LongitudeDegrees>12.98541833</LongitudeDegrees></Position><AltitudeMeters>53.798</AltitudeMeters><DistanceMeters>2408.300048828125</DistanceMeters><HeartRateBpm><Value>190</Value></HeartRateBpm><Cadence>81</Cadence><SensorState>Present</SensorState><Extensions><TPX xmlns="http://www.garmin.com/xmlschemas/ActivityExtension/v2"><Watts>326</Watts></TPX></Extensions></Trackpoint><Trackpoint xmlns="http://www.garmin.com/xmlschemas/TrainingCenterDatabase/v2"><Time>2026-08-29T07:16:09.055Z</Time><Position><LatitudeDegrees>52.32806333</LatitudeDegrees><LongitudeDegrees>12.98542</LongitudeDegrees></Position><AltitudeMeters>53.798</AltitudeMeters><DistanceMeters>2411.39990234375</DistanceMeters><HeartRateBpm><Value>191</Value></HeartRateBpm><Cadence>81</Cadence><SensorState>Present</SensorState><Extensions><TPX xmlns="http://www.garmin.com/xmlschemas/ActivityExtension/v2"><Watts>330</Watts></TPX></Extensions></Trackpoint><Trackpoint xmlns="http://www.garmin.com/xmlschemas/TrainingCenterDatabase/v2"><Time>2026-08-29T07:16:10.055Z</Time><Position><LatitudeDegrees>52.328035</LatitudeDegrees><LongitudeDegrees>12.98544833</LongitudeDegrees></Position><AltitudeMeters>53.798</AltitudeMeters><DistanceMeters>2414.300048828125</DistanceMeters><HeartRateBpm><Value>190</Value></HeartRateBpm><Cadence>81</Cadence><SensorState>Present</SensorState><Extensions><TPX xmlns="http://www.garmin.com/xmlschemas/ActivityExtension/v2"><Watts>334</Watts></TPX></Extensions></Trackpoint><Trackpoint xmlns="http://www.garmin.com/xmlschemas/TrainingCenterDatabase/v2"><Time>2026-08-29T07:16:11.055Z</Time><Position><LatitudeDegrees>52.32801833</LatitudeDegrees><LongitudeDegrees>12.98546833</LongitudeDegrees></Position><AltitudeMeters>53.798</AltitudeMeters><DistanceMeters>2417.10009765625</DistanceMeters><HeartRateBpm><Value>190</Value></HeartRateBpm><Cadence>81</Cadence><SensorState>Present</SensorState><Extensions><TPX xmlns="http://www.garmin.com/xmlschemas/ActivityExtension/v2"><Watts>338</Watts></TPX></Extensions></Trackpoint><Trackpoint xmlns="http://www.garmin.com/xmlschemas/TrainingCenterDatabase/v2"><Time>2026-08-29T07:16:12.055Z</Time><Position><LatitudeDegrees>52.32799833</LatitudeDegrees><LongitudeDegrees>12.98549833</LongitudeDegrees></Position><AltitudeMeters>53.798</AltitudeMeters><DistanceMeters>2419.89990234375</DistanceMeters><HeartRateBpm><Value>190</Value></HeartRateBpm><Cadence>81</Cadence><SensorState>Present</SensorState><Extensions><TPX xmlns="http://www.garmin.com/xmlschemas/ActivityExtension/v2"><Watts>344</Watts></TPX></Extensions></Trackpoint><Trackpoint xmlns="http://www.garmin.com/xmlschemas/TrainingCenterDatabase/v2"><Time>2026-08-29T07:16:13.055Z</Time><Position><LatitudeDegrees>52.32799</LatitudeDegrees><LongitudeDegrees>12.98551833</LongitudeDegrees></Position><AltitudeMeters>53.798</AltitudeMeters><DistanceMeters>2422.0</DistanceMeters><HeartRateBpm><Value>190</Value></HeartRateBpm><Cadence>80</Cadence><SensorState>Present</SensorState><Extensions><TPX xmlns="http://www.garmin.com/xmlschemas/ActivityExtension/v2"><Watts>344</Watts></TPX></Extensions></Trackpoint><Trackpoint xmlns="http://www.garmin.com/xmlschemas/TrainingCenterDatabase/v2"><Time>2026-08-29T07:16:14.055Z</Time><Position><LatitudeDegrees>52.32798167</LatitudeDegrees><LongitudeDegrees>12.98554833</LongitudeDegrees></Position><AltitudeMeters>53.798</AltitudeMeters><DistanceMeters>2424.10009765625</DistanceMeters><HeartRateBpm><Value>190</Value></HeartRateBpm><Cadence>80</Cadence><SensorState>Present</SensorState><Extensions><TPX xmlns="http://www.garmin.com/xmlschemas/ActivityExtension/v2"><Watts>342</Watts></TPX></Extensions></Trackpoint><Trackpoint xmlns="http://www.garmin.com/xmlschemas/TrainingCenterDatabase/v2"><Time>2026-08-29T07:16:15.055Z</Time><Position><LatitudeDegrees>52.32797</LatitudeDegrees><LongitudeDegrees>12.98558333</LongitudeDegrees></Position><AltitudeMeters>53.798</AltitudeMeters><DistanceMeters>2425.60009765625</DistanceMeters><HeartRateBpm><Value>190</Value></HeartRateBpm><Cadence>80</Cadence><SensorState>Present</SensorState><Extensions><TPX xmlns="http://www.garmin.com/xmlschemas/ActivityExtension/v2"><Watts>340</Watts></TPX></Extensions></Trackpoint><Trackpoint xmlns="http://www.garmin.com/xmlschemas/TrainingCenterDatabase/v2"><Time>2026-08-29T07:16:16.055Z</Time><Position><LatitudeDegrees>52.32795</LatitudeDegrees><LongitudeDegrees>12.98562333</LongitudeDegrees></Position><AltitudeMeters>53.798</AltitudeMeters><DistanceMeters>2427.0</DistanceMeters><HeartRateBpm><Value>190</Value></HeartRateBpm><Cadence>80</Cadence><SensorState>Present</SensorState><Extensions><TPX xmlns="http://www.garmin.com/xmlschemas/ActivityExtension/v2"><Watts>342</Watts></TPX></Extensions></Trackpoint><Trackpoint xmlns="http://www.garmin.com/xmlschemas/TrainingCenterDatabase/v2"><Time>2026-08-29T07:16:17.055Z</Time><Position><LatitudeDegrees>52.32793167</LatitudeDegrees><LongitudeDegrees>12.98566</LongitudeDegrees></Position><AltitudeMeters>53.798</AltitudeMeters><DistanceMeters>2429.5</DistanceMeters><HeartRateBpm><Value>190</Value></HeartRateBpm><Cadence>81</Cadence><SensorState>Present</SensorState><Extensions><TPX xmlns="http://www.garmin.com/xmlschemas/ActivityExtension/v2"><Watts>344</Watts></TPX></Extensions></Trackpoint><Trackpoint xmlns="http://www.garmin.com/xmlschemas/TrainingCenterDatabase/v2"><Time>2026-08-29T07:16:18.055Z</Time><Position><LatitudeDegrees>52.32791167</LatitudeDegrees><LongitudeDegrees>12.98569833</LongitudeDegrees></Position><AltitudeMeters>53.798</AltitudeMeters><DistanceMeters>2432.39990234375</DistanceMeters><HeartRateBpm><Value>190</Value></HeartRateBpm><Cadence>81</Cadence><SensorState>Present</SensorState><Extensions><TPX xmlns="http://www.garmin.com/xmlschemas/ActivityExtension/v2"><Watts>348</Watts></TPX></Extensions></Trackpoint><Trackpoint xmlns="http://www.garmin.com/xmlschemas/TrainingCenterDatabase/v2"><Time>2026-08-29T07:16:19.055Z</Time><Position><LatitudeDegrees>52.32789667</LatitudeDegrees><LongitudeDegrees>12.985735</LongitudeDegrees></Position><AltitudeMeters>53.798</AltitudeMeters><DistanceMeters>2435.60009765625</DistanceMeters><HeartRateBpm><Value>190</Value></HeartRateBpm><Cadence>81</Cadence><SensorState>Present</SensorState><Extensions><TPX xmlns="http://www.garmin.com/xmlschemas/ActivityExtension/v2"><Watts>354</Watts></TPX></Extensions></Trackpoint><Trackpoint xmlns="http://www.garmin.com/xmlschemas/TrainingCenterDatabase/v2"><Time>2026-08-29T07:16:20.055Z</Time><Position><LatitudeDegrees>52.327885</LatitudeDegrees><LongitudeDegrees>12.98577333</LongitudeDegrees></Position><AltitudeMeters>53.798</AltitudeMeters><DistanceMeters>2438.800048828125</DistanceMeters><HeartRateBpm><Value>190</Value></HeartRateBpm><Cadence>81</Cadence><SensorState>Present</SensorState><Extensions><TPX xmlns="http://www.garmin.com/xmlschemas/ActivityExtension/v2"><Watts>360</Watts></TPX></Extensions></Trackpoint><Trackpoint xmlns="http://www.garmin.com/xmlschemas/TrainingCenterDatabase/v2"><Time>2026-08-29T07:16:21.055Z</Time><Position><LatitudeDegrees>52.32787167</LatitudeDegrees><LongitudeDegrees>12.98581167</LongitudeDegrees></Position><AltitudeMeters>53.798</AltitudeMeters><DistanceMeters>2441.39990234375</DistanceMeters><HeartRateBpm><Value>190</Value></HeartRateBpm><Cadence>81</Cadence><SensorState>Present</SensorState><Extensions><TPX xmlns="http://www.garmin.com/xmlschemas/ActivityExtension/v2"><Watts>368</Watts></TPX></Extensions></Trackpoint><Trackpoint xmlns="http://www.garmin.com/xmlschemas/TrainingCenterDatabase/v2"><Time>2026-08-29T07:16:22.055Z</Time><Position><LatitudeDegrees>52.32786333</LatitudeDegrees><LongitudeDegrees>12.98583833</LongitudeDegrees></Position><AltitudeMeters>53.798</AltitudeMeters><DistanceMeters>2444.89990234375</DistanceMeters><HeartRateBpm><Value>190</Value></HeartRateBpm><Cadence>81</Cadence><SensorState>Present</SensorState><Extensions><TPX xmlns="http://www.garmin.com/xmlschemas/ActivityExtension/v2"><Watts>374</Watts></TPX></Extensions></Trackpoint><Trackpoint xmlns="http://www.garmin.com/xmlschemas/TrainingCenterDatabase/v2"><Time>2026-08-29T07:16:23.055Z</Time><Position><LatitudeDegrees>52.32785</LatitudeDegrees><LongitudeDegrees>12.98588667</LongitudeDegrees></Position><AltitudeMeters>53.798</AltitudeMeters><DistanceMeters>2447.89990234375</DistanceMeters><HeartRateBpm><Value>190</Value></HeartRateBpm><Cadence>81</Cadence><SensorState>Present</SensorState><Extensions><TPX xmlns="http://www.garmin.com/xmlschemas/ActivityExtension/v2"><Watts>380</Watts></TPX></Extensions></Trackpoint><Trackpoint xmlns="http://www.garmin.com/xmlschemas/TrainingCenterDatabase/v2"><Time>2026-08-29T07:16:24.055Z</Time><Position><LatitudeDegrees>52.32784</LatitudeDegrees><LongitudeDegrees>12.98592667</LongitudeDegrees></Position><AltitudeMeters>53.798</AltitudeMeters><DistanceMeters>2451.199951171875</DistanceMeters><HeartRateBpm><Value>190</Value></HeartRateBpm><Cadence>80</Cadence><SensorState>Present</SensorState><Extensions><TPX xmlns="http://www.garmin.com/xmlschemas/ActivityExtension/v2"><Watts>382</Watts></TPX></Extensions></Trackpoint><Trackpoint xmlns="http://www.garmin.com/xmlschemas/TrainingCenterDatabase/v2"><Time>2026-08-29T07:16:25.055Z</Time><Position><LatitudeDegrees>52.32783</LatitudeDegrees><LongitudeDegrees>12.98596333</LongitudeDegrees></Position><AltitudeMeters>53.798</AltitudeMeters><DistanceMeters>2455.0</DistanceMeters><HeartRateBpm><Value>191</Value></HeartRateBpm><Cadence>80</Cadence><SensorState>Present</SensorState><Extensions><TPX xmlns="http://www.garmin.com/xmlschemas/ActivityExtension/v2"><Watts>382</Watts></TPX></Extensions></Trackpoint><Trackpoint xmlns="http://www.garmin.com/xmlschemas/TrainingCenterDatabase/v2"><Time>2026-08-29T07:16:26.055Z</Time><Position><LatitudeDegrees>52.32782</LatitudeDegrees><LongitudeDegrees>12.98599667</LongitudeDegrees></Position><AltitudeMeters>53.798</AltitudeMeters><DistanceMeters>2458.10009765625</DistanceMeters><HeartRateBpm><Value>191</Value></HeartRateBpm><Cadence>80</Cadence><SensorState>Present</SensorState><Extensions><TPX xmlns="http://www.garmin.com/xmlschemas/ActivityExtension/v2"><Watts>382</Watts></TPX></Extensions></Trackpoint><Trackpoint xmlns="http://www.garmin.com/xmlschemas/TrainingCenterDatabase/v2"><Time>2026-08-29T07:16:27.055Z</Time><Position><LatitudeDegrees>52.3278</LatitudeDegrees><LongitudeDegrees>12.98604833</LongitudeDegrees></Position><AltitudeMeters>53.798</AltitudeMeters><DistanceMeters>2460.60009765625</DistanceMeters><HeartRateBpm><Value>191</Value></HeartRateBpm><Cadence>80</Cadence><SensorState>Present</SensorState><Extensions><TPX xmlns="http://www.garmin.com/xmlschemas/ActivityExtension/v2"><Watts>378</Watts></TPX></Extensions></Trackpoint><Trackpoint xmlns="http://www.garmin.com/xmlschemas/TrainingCenterDatabase/v2"><Time>2026-08-29T07:16:28.055Z</Time><Position><LatitudeDegrees>52.32778333</LatitudeDegrees><LongitudeDegrees>12.98609167</LongitudeDegrees></Position><AltitudeMeters>53.798</AltitudeMeters><DistanceMeters>2463.199951171875</DistanceMeters><HeartRateBpm><Value>191</Value></HeartRateBpm><Cadence>80</Cadence><SensorState>Present</SensorState><Extensions><TPX xmlns="http://www.garmin.com/xmlschemas/ActivityExtension/v2"><Watts>376</Watts></TPX></Extensions></Trackpoint><Trackpoint xmlns="http://www.garmin.com/xmlschemas/TrainingCenterDatabase/v2"><Time>2026-08-29T07:16:29.055Z</Time><Position><LatitudeDegrees>52.32776333</LatitudeDegrees><LongitudeDegrees>12.98613</LongitudeDegrees></Position><AltitudeMeters>53.798</AltitudeMeters><DistanceMeters>2466.5</DistanceMeters><HeartRateBpm><Value>191</Value></HeartRateBpm><Cadence>81</Cadence><SensorState>Present</SensorState><Extensions><TPX xmlns="http://www.garmin.com/xmlschemas/ActivityExtension/v2"><Watts>372</Watts></TPX></Extensions></Trackpoint><Trackpoint xmlns="http://www.garmin.com/xmlschemas/TrainingCenterDatabase/v2"><Time>2026-08-29T07:16:30.055Z</Time><Position><LatitudeDegrees>52.32775</LatitudeDegrees><LongitudeDegrees>12.98615667</LongitudeDegrees></Position><AltitudeMeters>53.798</AltitudeMeters><DistanceMeters>2469.89990234375</DistanceMeters><HeartRateBpm><Value>190</Value></HeartRateBpm><Cadence>81</Cadence><SensorState>Present</SensorState><Extensions><TPX xmlns="http://www.garmin.com/xmlschemas/ActivityExtension/v2"><Watts>370</Watts></TPX></Extensions></Trackpoint><Trackpoint xmlns="http://www.garmin.com/xmlschemas/TrainingCenterDatabase/v2"><Time>2026-08-29T07:16:31.055Z</Time><Position><LatitudeDegrees>52.32773167</LatitudeDegrees><LongitudeDegrees>12.98618833</LongitudeDegrees></Position><AltitudeMeters>53.798</AltitudeMeters><DistanceMeters>2473.300048828125</DistanceMeters><HeartRateBpm><Value>190</Value></HeartRateBpm><Cadence>81</Cadence><SensorState>Present</SensorState><Extensions><TPX xmlns="http://www.garmin.com/xmlschemas/ActivityExtension/v2"><Watts>366</Watts></TPX></Extensions></Trackpoint><Trackpoint xmlns="http://www.garmin.com/xmlschemas/TrainingCenterDatabase/v2"><Time>2026-08-29T07:16:32.055Z</Time><Position><LatitudeDegrees>52.32771</LatitudeDegrees><LongitudeDegrees>12.98623</LongitudeDegrees></Position><AltitudeMeters>53.798</AltitudeMeters><DistanceMeters>2476.199951171875</DistanceMeters><HeartRateBpm><Value>190</Value></HeartRateBpm><Cadence>81</Cadence><SensorState>Present</SensorState><Extensions><TPX xmlns="http://www.garmin.com/xmlschemas/ActivityExtension/v2"><Watts>362</Watts></TPX></Extensions></Trackpoint><Trackpoint xmlns="http://www.garmin.com/xmlschemas/TrainingCenterDatabase/v2"><Time>2026-08-29T07:16:33.055Z</Time><Position><LatitudeDegrees>52.32769333</LatitudeDegrees><LongitudeDegrees>12.98626333</LongitudeDegrees></Position><AltitudeMeters>53.798</AltitudeMeters><DistanceMeters>2479.699951171875</DistanceMeters><HeartRateBpm><Value>190</Value></HeartRateBpm><Cadence>81</Cadence><SensorState>Present</SensorState><Extensions><TPX xmlns="http://www.garmin.com/xmlschemas/ActivityExtension/v2"><Watts>356</Watts></TPX></Extensions></Trackpoint><Trackpoint xmlns="http://www.garmin.com/xmlschemas/TrainingCenterDatabase/v2"><Time>2026-08-29T07:16:34.055Z</Time><Position><LatitudeDegrees>52.32767833</LatitudeDegrees><LongitudeDegrees>12.986295</LongitudeDegrees></Position><AltitudeMeters>53.798</AltitudeMeters><DistanceMeters>2483.0</DistanceMeters><HeartRateBpm><Value>190</Value></HeartRateBpm><Cadence>81</Cadence><SensorState>Present</SensorState><Extensions><TPX xmlns="http://www.garmin.com/xmlschemas/ActivityExtension/v2"><Watts>352</Watts></TPX></Extensions></Trackpoint><Trackpoint xmlns="http://www.garmin.com/xmlschemas/TrainingCenterDatabase/v2"><Time>2026-08-29T07:16:35.055Z</Time><Position><LatitudeDegrees>52.32766833</LatitudeDegrees><LongitudeDegrees>12.98632333</LongitudeDegrees></Position><AltitudeMeters>53.798</AltitudeMeters><DistanceMeters>2486.10009765625</DistanceMeters><HeartRateBpm><Value>190</Value></HeartRateBpm><Cadence>81</Cadence><SensorState>Present</SensorState><Extensions><TPX xmlns="http://www.garmin.com/xmlschemas/ActivityExtension/v2"><Watts>350</Watts></TPX></Extensions></Trackpoint><Trackpoint xmlns="http://www.garmin.com/xmlschemas/TrainingCenterDatabase/v2"><Time>2026-08-29T07:16:36.055Z</Time><Position><LatitudeDegrees>52.32765667</LatitudeDegrees><LongitudeDegrees>12.986355</LongitudeDegrees></Position><AltitudeMeters>53.798</AltitudeMeters><DistanceMeters>2489.199951171875</DistanceMeters><HeartRateBpm><Value>190</Value></HeartRateBpm><Cadence>81</Cadence><SensorState>Present</SensorState><Extensions><TPX xmlns="http://www.garmin.com/xmlschemas/ActivityExtension/v2"><Watts>344</Watts></TPX></Extensions></Trackpoint><Trackpoint xmlns="http://www.garmin.com/xmlschemas/TrainingCenterDatabase/v2"><Time>2026-08-29T07:16:37.055Z</Time><Position><LatitudeDegrees>52.32764333</LatitudeDegrees><LongitudeDegrees>12.98639167</LongitudeDegrees></Position><AltitudeMeters>53.798</AltitudeMeters><DistanceMeters>2492.0</DistanceMeters><HeartRateBpm><Value>190</Value></HeartRateBpm><Cadence>80</Cadence><SensorState>Present</SensorState><Extensions><TPX xmlns="http://www.garmin.com/xmlschemas/ActivityExtension/v2"><Watts>336</Watts></TPX></Extensions></Trackpoint><Trackpoint xmlns="http://www.garmin.com/xmlschemas/TrainingCenterDatabase/v2"><Time>2026-08-29T07:16:38.055Z</Time><Position><LatitudeDegrees>52.32763</LatitudeDegrees><LongitudeDegrees>12.98642333</LongitudeDegrees></Position><AltitudeMeters>53.798</AltitudeMeters><DistanceMeters>2494.0</DistanceMeters><HeartRateBpm><Value>189</Value></HeartRateBpm><Cadence>80</Cadence><SensorState>Present</SensorState><Extensions><TPX xmlns="http://www.garmin.com/xmlschemas/ActivityExtension/v2"><Watts>330</Watts></TPX></Extensions></Trackpoint><Trackpoint xmlns="http://www.garmin.com/xmlschemas/TrainingCenterDatabase/v2"><Time>2026-08-29T07:16:39.055Z</Time><Position><LatitudeDegrees>52.32761833</LatitudeDegrees><LongitudeDegrees>12.98645333</LongitudeDegrees></Position><AltitudeMeters>53.798</AltitudeMeters><DistanceMeters>2496.5</DistanceMeters><HeartRateBpm><Value>189</Value></HeartRateBpm><Cadence>80</Cadence><SensorState>Present</SensorState><Extensions><TPX xmlns="http://www.garmin.com/xmlschemas/ActivityExtension/v2"><Watts>326</Watts></TPX></Extensions></Trackpoint><Trackpoint xmlns="http://www.garmin.com/xmlschemas/TrainingCenterDatabase/v2"><Time>2026-08-29T07:16:40.055Z</Time><Position><LatitudeDegrees>52.327605</LatitudeDegrees><LongitudeDegrees>12.986485</LongitudeDegrees></Position><AltitudeMeters>53.798</AltitudeMeters><DistanceMeters>2498.800048828125</DistanceMeters><HeartRateBpm><Value>189</Value></HeartRateBpm><Cadence>80</Cadence><SensorState>Present</SensorState><Extensions><TPX xmlns="http://www.garmin.com/xmlschemas/ActivityExtension/v2"><Watts>322</Watts></TPX></Extensions></Trackpoint><Trackpoint xmlns="http://www.garmin.com/xmlschemas/TrainingCenterDatabase/v2"><Time>2026-08-29T07:16:41.055Z</Time><Position><LatitudeDegrees>52.32759167</LatitudeDegrees><LongitudeDegrees>12.98651667</LongitudeDegrees></Position><AltitudeMeters>53.798</AltitudeMeters><DistanceMeters>2501.5</DistanceMeters><HeartRateBpm><Value>189</Value></HeartRateBpm><Cadence>81</Cadence><SensorState>Present</SensorState><Extensions><TPX xmlns="http://www.garmin.com/xmlschemas/ActivityExtension/v2"><Watts>322</Watts></TPX></Extensions></Trackpoint><Trackpoint xmlns="http://www.garmin.com/xmlschemas/TrainingCenterDatabase/v2"><Time>2026-08-29T07:16:42.055Z</Time><Position><LatitudeDegrees>52.32758333</LatitudeDegrees><LongitudeDegrees>12.986545</LongitudeDegrees></Position><AltitudeMeters>52.883</AltitudeMeters><DistanceMeters>2504.0</DistanceMeters><HeartRateBpm><Value>189</Value></HeartRateBpm><Cadence>81</Cadence><SensorState>Present</SensorState><Extensions><TPX xmlns="http://www.garmin.com/xmlschemas/ActivityExtension/v2"><Watts>320</Watts></TPX></Extensions></Trackpoint><Trackpoint xmlns="http://www.garmin.com/xmlschemas/TrainingCenterDatabase/v2"><Time>2026-08-29T07:16:43.055Z</Time><Position><LatitudeDegrees>52.32758</LatitudeDegrees><LongitudeDegrees>12.986575</LongitudeDegrees></Position><AltitudeMeters>52.883</AltitudeMeters><DistanceMeters>2506.0</DistanceMeters><HeartRateBpm><Value>189</Value></HeartRateBpm><Cadence>81</Cadence><SensorState>Present</SensorState><Extensions><TPX xmlns="http://www.garmin.com/xmlschemas/ActivityExtension/v2"><Watts>314</Watts></TPX></Extensions></Trackpoint><Trackpoint xmlns="http://www.garmin.com/xmlschemas/TrainingCenterDatabase/v2"><Time>2026-08-29T07:16:44.055Z</Time><Position><LatitudeDegrees>52.32758333</LatitudeDegrees><LongitudeDegrees>12.986605</LongitudeDegrees></Position><AltitudeMeters>52.883</AltitudeMeters><DistanceMeters>2508.0</DistanceMeters><HeartRateBpm><Value>189</Value></HeartRateBpm><Cadence>81</Cadence><SensorState>Present</SensorState><Extensions><TPX xmlns="http://www.garmin.com/xmlschemas/ActivityExtension/v2"><Watts>306</Watts></TPX></Extensions></Trackpoint><Trackpoint xmlns="http://www.garmin.com/xmlschemas/TrainingCenterDatabase/v2"><Time>2026-08-29T07:16:45.055Z</Time><Position><LatitudeDegrees>52.32758667</LatitudeDegrees><LongitudeDegrees>12.98663667</LongitudeDegrees></Position><AltitudeMeters>52.883</AltitudeMeters><DistanceMeters>2510.0</DistanceMeters><HeartRateBpm><Value>189</Value></HeartRateBpm><Cadence>81</Cadence><SensorState>Present</SensorState><Extensions><TPX xmlns="http://www.garmin.com/xmlschemas/ActivityExtension/v2"><Watts>298</Watts></TPX></Extensions></Trackpoint><Trackpoint xmlns="http://www.garmin.com/xmlschemas/TrainingCenterDatabase/v2"><Time>2026-08-29T07:16:46.055Z</Time><Position><LatitudeDegrees>52.32759</LatitudeDegrees><LongitudeDegrees>12.98667167</LongitudeDegrees></Position><AltitudeMeters>52.883</AltitudeMeters><DistanceMeters>2512.0</DistanceMeters><HeartRateBpm><Value>189</Value></HeartRateBpm><Cadence>81</Cadence><SensorState>Present</SensorState><Extensions><TPX xmlns="http://www.garmin.com/xmlschemas/ActivityExtension/v2"><Watts>292</Watts></TPX></Extensions></Trackpoint><Trackpoint xmlns="http://www.garmin.com/xmlschemas/TrainingCenterDatabase/v2"><Time>2026-08-29T07:16:47.055Z</Time><Position><LatitudeDegrees>52.32759667</LatitudeDegrees><LongitudeDegrees>12.98671167</LongitudeDegrees></Position><AltitudeMeters>52.883</AltitudeMeters><DistanceMeters>2514.10009765625</DistanceMeters><HeartRateBpm><Value>189</Value></HeartRateBpm><Cadence>81</Cadence><SensorState>Present</SensorState><Extensions><TPX xmlns="http://www.garmin.com/xmlschemas/ActivityExtension/v2"><Watts>290</Watts></TPX></Extensions></Trackpoint><Trackpoint xmlns="http://www.garmin.com/xmlschemas/TrainingCenterDatabase/v2"><Time>2026-08-29T07:16:48.055Z</Time><Position><LatitudeDegrees>52.32760167</LatitudeDegrees><LongitudeDegrees>12.98676</LongitudeDegrees></Position><AltitudeMeters>52.883</AltitudeMeters><DistanceMeters>2516.0</DistanceMeters><HeartRateBpm><Value>189</Value></HeartRateBpm><Cadence>81</Cadence><SensorState>Present</SensorState><Extensions><TPX xmlns="http://www.garmin.com/xmlschemas/ActivityExtension/v2"><Watts>298</Watts></TPX></Extensions></Trackpoint><Trackpoint xmlns="http://www.garmin.com/xmlschemas/TrainingCenterDatabase/v2"><Time>2026-08-29T07:16:49.055Z</Time><Position><LatitudeDegrees>52.32760667</LatitudeDegrees><LongitudeDegrees>12.98680333</LongitudeDegrees></Position><AltitudeMeters>52.883</AltitudeMeters><DistanceMeters>2518.39990234375</DistanceMeters><HeartRateBpm><Value>189</Value></HeartRateBpm><Cadence>82</Cadence><SensorState>Present</SensorState><Extensions><TPX xmlns="http://www.garmin.com/xmlschemas/ActivityExtension/v2"><Watts>312</Watts></TPX></Extensions></Trackpoint><Trackpoint xmlns="http://www.garmin.com/xmlschemas/TrainingCenterDatabase/v2"><Time>2026-08-29T07:16:50.055Z</Time><Position><LatitudeDegrees>52.32761333</LatitudeDegrees><LongitudeDegrees>12.986855</LongitudeDegrees></Position><AltitudeMeters>52.883</AltitudeMeters><DistanceMeters>2521.10009765625</DistanceMeters><HeartRateBpm><Value>189</Value></HeartRateBpm><Cadence>82</Cadence><SensorState>Present</SensorState><Extensions><TPX xmlns="http://www.garmin.com/xmlschemas/ActivityExtension/v2"><Watts>326</Watts></TPX></Extensions></Trackpoint><Trackpoint xmlns="http://www.garmin.com/xmlschemas/TrainingCenterDatabase/v2"><Time>2026-08-29T07:16:51.055Z</Time><Position><LatitudeDegrees>52.32761833</LatitudeDegrees><LongitudeDegrees>12.98690167</LongitudeDegrees></Position><AltitudeMeters>52.883</AltitudeMeters><DistanceMeters>2524.0</DistanceMeters><HeartRateBpm><Value>189</Value></HeartRateBpm><Cadence>82</Cadence><SensorState>Present</SensorState><Extensions><TPX xmlns="http://www.garmin.com/xmlschemas/ActivityExtension/v2"><Watts>334</Watts></TPX></Extensions></Trackpoint><Trackpoint xmlns="http://www.garmin.com/xmlschemas/TrainingCenterDatabase/v2"><Time>2026-08-29T07:16:52.055Z</Time><Position><LatitudeDegrees>52.32762667</LatitudeDegrees><LongitudeDegrees>12.98696667</LongitudeDegrees></Position><AltitudeMeters>53.798</AltitudeMeters><DistanceMeters>2527.300048828125</DistanceMeters><HeartRateBpm><Value>189</Value></HeartRateBpm><Cadence>80</Cadence><SensorState>Present</SensorState><Extensions><TPX xmlns="http://www.garmin.com/xmlschemas/ActivityExtension/v2"><Watts>332</Watts></TPX></Extensions></Trackpoint><Trackpoint xmlns="http://www.garmin.com/xmlschemas/TrainingCenterDatabase/v2"><Time>2026-08-29T07:16:53.055Z</Time><Position><LatitudeDegrees>52.32763667</LatitudeDegrees><LongitudeDegrees>12.98701167</LongitudeDegrees></Position><AltitudeMeters>53.798</AltitudeMeters><DistanceMeters>2530.89990234375</DistanceMeters><HeartRateBpm><Value>189</Value></HeartRateBpm><Cadence>80</Cadence><SensorState>Present</SensorState><Extensions><TPX xmlns="http://www.garmin.com/xmlschemas/ActivityExtension/v2"><Watts>332</Watts></TPX></Extensions></Trackpoint><Trackpoint xmlns="http://www.garmin.com/xmlschemas/TrainingCenterDatabase/v2"><Time>2026-08-29T07:16:54.055Z</Time><Position><LatitudeDegrees>52.327645</LatitudeDegrees><LongitudeDegrees>12.98705667</LongitudeDegrees></Position><AltitudeMeters>53.798</AltitudeMeters><DistanceMeters>2535.39990234375</DistanceMeters><HeartRateBpm><Value>189</Value></HeartRateBpm><Cadence>80</Cadence><SensorState>Present</SensorState><Extensions><TPX xmlns="http://www.garmin.com/xmlschemas/ActivityExtension/v2"><Watts>332</Watts></TPX></Extensions></Trackpoint><Trackpoint xmlns="http://www.garmin.com/xmlschemas/TrainingCenterDatabase/v2"><Time>2026-08-29T07:16:55.055Z</Time><Position><LatitudeDegrees>52.32765167</LatitudeDegrees><LongitudeDegrees>12.98710333</LongitudeDegrees></Position><AltitudeMeters>53.798</AltitudeMeters><DistanceMeters>2539.300048828125</DistanceMeters><HeartRateBpm><Value>189</Value></HeartRateBpm><Cadence>81</Cadence><SensorState>Present</SensorState><Extensions><TPX xmlns="http://www.garmin.com/xmlschemas/ActivityExtension/v2"><Watts>336</Watts></TPX></Extensions></Trackpoint><Trackpoint xmlns="http://www.garmin.com/xmlschemas/TrainingCenterDatabase/v2"><Time>2026-08-29T07:16:56.055Z</Time><Position><LatitudeDegrees>52.32765</LatitudeDegrees><LongitudeDegrees>12.98715167</LongitudeDegrees></Position><AltitudeMeters>53.798</AltitudeMeters><DistanceMeters>2543.199951171875</DistanceMeters><HeartRateBpm><Value>189</Value></HeartRateBpm><Cadence>81</Cadence><SensorState>Present</SensorState><Extensions><TPX xmlns="http://www.garmin.com/xmlschemas/ActivityExtension/v2"><Watts>340</Watts></TPX></Extensions></Trackpoint><Trackpoint xmlns="http://www.garmin.com/xmlschemas/TrainingCenterDatabase/v2"><Time>2026-08-29T07:16:57.055Z</Time><Position><LatitudeDegrees>52.32765</LatitudeDegrees><LongitudeDegrees>12.9872</LongitudeDegrees></Position><AltitudeMeters>53.798</AltitudeMeters><DistanceMeters>2547.10009765625</DistanceMeters><HeartRateBpm><Value>189</Value></HeartRateBpm><Cadence>81</Cadence><SensorState>Present</SensorState><Extensions><TPX xmlns="http://www.garmin.com/xmlschemas/ActivityExtension/v2"><Watts>344</Watts></TPX></Extensions></Trackpoint><Trackpoint xmlns="http://www.garmin.com/xmlschemas/TrainingCenterDatabase/v2"><Time>2026-08-29T07:16:58.055Z</Time><Position><LatitudeDegrees>52.32765167</LatitudeDegrees><LongitudeDegrees>12.98723833</LongitudeDegrees></Position><AltitudeMeters>53.798</AltitudeMeters><DistanceMeters>2550.800048828125</DistanceMeters><HeartRateBpm><Value>190</Value></HeartRateBpm><Cadence>80</Cadence><SensorState>Present</SensorState><Extensions><TPX xmlns="http://www.garmin.com/xmlschemas/ActivityExtension/v2"><Watts>346</Watts></TPX></Extensions></Trackpoint><Trackpoint xmlns="http://www.garmin.com/xmlschemas/TrainingCenterDatabase/v2"><Time>2026-08-29T07:16:59.055Z</Time><Position><LatitudeDegrees>52.32766</LatitudeDegrees><LongitudeDegrees>12.987275</LongitudeDegrees></Position><AltitudeMeters>53.798</AltitudeMeters><DistanceMeters>2554.300048828125</DistanceMeters><HeartRateBpm><Value>190</Value></HeartRateBpm><Cadence>80</Cadence><SensorState>Present</SensorState><Extensions><TPX xmlns="http://www.garmin.com/xmlschemas/ActivityExtension/v2"><Watts>346</Watts></TPX></Extensions></Trackpoint><Trackpoint xmlns="http://www.garmin.com/xmlschemas/TrainingCenterDatabase/v2"><Time>2026-08-29T07:17:00.055Z</Time><Position><LatitudeDegrees>52.32767167</LatitudeDegrees><LongitudeDegrees>12.98730167</LongitudeDegrees></Position><AltitudeMeters>53.798</AltitudeMeters><DistanceMeters>2557.39990234375</DistanceMeters><HeartRateBpm><Value>190</Value></HeartRateBpm><Cadence>81</Cadence><SensorState>Present</SensorState><Extensions><TPX xmlns="http://www.garmin.com/xmlschemas/ActivityExtension/v2"><Watts>346</Watts></TPX></Extensions></Trackpoint><Trackpoint xmlns="http://www.garmin.com/xmlschemas/TrainingCenterDatabase/v2"><Time>2026-08-29T07:17:01.055Z</Time><Position><LatitudeDegrees>52.32769167</LatitudeDegrees><LongitudeDegrees>12.98734</LongitudeDegrees></Position><AltitudeMeters>53.798</AltitudeMeters><DistanceMeters>2560.0</DistanceMeters><HeartRateBpm><Value>190</Value></HeartRateBpm><Cadence>81</Cadence><SensorState>Present</SensorState><Extensions><TPX xmlns="http://www.garmin.com/xmlschemas/ActivityExtension/v2"><Watts>344</Watts></TPX></Extensions></Trackpoint><Trackpoint xmlns="http://www.garmin.com/xmlschemas/TrainingCenterDatabase/v2"><Time>2026-08-29T07:17:02.055Z</Time><Position><LatitudeDegrees>52.32770667</LatitudeDegrees><LongitudeDegrees>12.98737667</LongitudeDegrees></Position><AltitudeMeters>53.798</AltitudeMeters><DistanceMeters>2562.300048828125</DistanceMeters><HeartRateBpm><Value>190</Value></HeartRateBpm><Cadence>81</Cadence><SensorState>Present</SensorState><Extensions><TPX xmlns="http://www.garmin.com/xmlschemas/ActivityExtension/v2"><Watts>340</Watts></TPX></Extensions></Trackpoint><Trackpoint xmlns="http://www.garmin.com/xmlschemas/TrainingCenterDatabase/v2"><Time>2026-08-29T07:17:03.055Z</Time><Position><LatitudeDegrees>52.32772</LatitudeDegrees><LongitudeDegrees>12.98742333</LongitudeDegrees></Position><AltitudeMeters>53.798</AltitudeMeters><DistanceMeters>2564.60009765625</DistanceMeters><HeartRateBpm><Value>190</Value></HeartRateBpm><Cadence>81</Cadence><SensorState>Present</SensorState><Extensions><TPX xmlns="http://www.garmin.com/xmlschemas/ActivityExtension/v2"><Watts>336</Watts></TPX></Extensions></Trackpoint><Trackpoint xmlns="http://www.garmin.com/xmlschemas/TrainingCenterDatabase/v2"><Time>2026-08-29T07:17:04.055Z</Time><Position><LatitudeDegrees>52.32772</LatitudeDegrees><LongitudeDegrees>12.98747167</LongitudeDegrees></Position><AltitudeMeters>53.798</AltitudeMeters><DistanceMeters>2567.5</DistanceMeters><HeartRateBpm><Value>190</Value></HeartRateBpm><Cadence>81</Cadence><SensorState>Present</SensorState><Extensions><TPX xmlns="http://www.garmin.com/xmlschemas/ActivityExtension/v2"><Watts>332</Watts></TPX></Extensions></Trackpoint><Trackpoint xmlns="http://www.garmin.com/xmlschemas/TrainingCenterDatabase/v2"><Time>2026-08-29T07:17:05.055Z</Time><Position><LatitudeDegrees>52.327715</LatitudeDegrees><LongitudeDegrees>12.98752167</LongitudeDegrees></Position><AltitudeMeters>53.798</AltitudeMeters><DistanceMeters>2570.5</DistanceMeters><HeartRateBpm><Value>190</Value></HeartRateBpm><Cadence>81</Cadence><SensorState>Present</SensorState><Extensions><TPX xmlns="http://www.garmin.com/xmlschemas/ActivityExtension/v2"><Watts>328</Watts></TPX></Extensions></Trackpoint><Trackpoint xmlns="http://www.garmin.com/xmlschemas/TrainingCenterDatabase/v2"><Time>2026-08-29T07:17:06.055Z</Time><Position><LatitudeDegrees>52.327705</LatitudeDegrees><LongitudeDegrees>12.98756667</LongitudeDegrees></Position><AltitudeMeters>52.883</AltitudeMeters><DistanceMeters>2573.10009765625</DistanceMeters><HeartRateBpm><Value>190</Value></HeartRateBpm><Cadence>81</Cadence><SensorState>Present</SensorState><Extensions><TPX xmlns="http://www.garmin.com/xmlschemas/ActivityExtension/v2"><Watts>324</Watts></TPX></Extensions></Trackpoint><Trackpoint xmlns="http://www.garmin.com/xmlschemas/TrainingCenterDatabase/v2"><Time>2026-08-29T07:17:07.055Z</Time><Position><LatitudeDegrees>52.32769167</LatitudeDegrees><LongitudeDegrees>12.98760333</LongitudeDegrees></Position><AltitudeMeters>52.883</AltitudeMeters><DistanceMeters>2576.0</DistanceMeters><HeartRateBpm><Value>190</Value></HeartRateBpm><Cadence>81</Cadence><SensorState>Present</SensorState><Extensions><TPX xmlns="http://www.garmin.com/xmlschemas/ActivityExtension/v2"><Watts>320</Watts></TPX></Extensions></Trackpoint><Trackpoint xmlns="http://www.garmin.com/xmlschemas/TrainingCenterDatabase/v2"><Time>2026-08-29T07:17:08.055Z</Time><Position><LatitudeDegrees>52.32767667</LatitudeDegrees><LongitudeDegrees>12.98764</LongitudeDegrees></Position><AltitudeMeters>52.883</AltitudeMeters><DistanceMeters>2579.0</DistanceMeters><HeartRateBpm><Value>190</Value></HeartRateBpm><Cadence>81</Cadence><SensorState>Present</SensorState><Extensions><TPX xmlns="http://www.garmin.com/xmlschemas/ActivityExtension/v2"><Watts>318</Watts></TPX></Extensions></Trackpoint><Trackpoint xmlns="http://www.garmin.com/xmlschemas/TrainingCenterDatabase/v2"><Time>2026-08-29T07:17:09.055Z</Time><Position><LatitudeDegrees>52.32765833</LatitudeDegrees><LongitudeDegrees>12.98767667</LongitudeDegrees></Position><AltitudeMeters>52.883</AltitudeMeters><DistanceMeters>2582.39990234375</DistanceMeters><HeartRateBpm><Value>190</Value></HeartRateBpm><Cadence>81</Cadence><SensorState>Present</SensorState><Extensions><TPX xmlns="http://www.garmin.com/xmlschemas/ActivityExtension/v2"><Watts>316</Watts></TPX></Extensions></Trackpoint><Trackpoint xmlns="http://www.garmin.com/xmlschemas/TrainingCenterDatabase/v2"><Time>2026-08-29T07:17:10.055Z</Time><Position><LatitudeDegrees>52.32764167</LatitudeDegrees><LongitudeDegrees>12.98771</LongitudeDegrees></Position><AltitudeMeters>52.883</AltitudeMeters><DistanceMeters>2585.300048828125</DistanceMeters><HeartRateBpm><Value>190</Value></HeartRateBpm><Cadence>81</Cadence><SensorState>Present</SensorState><Extensions><TPX xmlns="http://www.garmin.com/xmlschemas/ActivityExtension/v2"><Watts>312</Watts></TPX></Extensions></Trackpoint><Trackpoint xmlns="http://www.garmin.com/xmlschemas/TrainingCenterDatabase/v2"><Time>2026-08-29T07:17:11.055Z</Time><Position><LatitudeDegrees>52.327625</LatitudeDegrees><LongitudeDegrees>12.987745</LongitudeDegrees></Position><AltitudeMeters>52.883</AltitudeMeters><DistanceMeters>2588.60009765625</DistanceMeters><HeartRateBpm><Value>190</Value></HeartRateBpm><Cadence>81</Cadence><SensorState>Present</SensorState><Extensions><TPX xmlns="http://www.garmin.com/xmlschemas/ActivityExtension/v2"><Watts>312</Watts></TPX></Extensions></Trackpoint><Trackpoint xmlns="http://www.garmin.com/xmlschemas/TrainingCenterDatabase/v2"><Time>2026-08-29T07:17:12.055Z</Time><Position><LatitudeDegrees>52.32760667</LatitudeDegrees><LongitudeDegrees>12.98777</LongitudeDegrees></Position><AltitudeMeters>52.883</AltitudeMeters><DistanceMeters>2591.300048828125</DistanceMeters><HeartRateBpm><Value>190</Value></HeartRateBpm><Cadence>81</Cadence><SensorState>Present</SensorState><Extensions><TPX xmlns="http://www.garmin.com/xmlschemas/ActivityExtension/v2"><Watts>312</Watts></TPX></Extensions></Trackpoint><Trackpoint xmlns="http://www.garmin.com/xmlschemas/TrainingCenterDatabase/v2"><Time>2026-08-29T07:17:13.055Z</Time><Position><LatitudeDegrees>52.32758667</LatitudeDegrees><LongitudeDegrees>12.9878</LongitudeDegrees></Position><AltitudeMeters>52.883</AltitudeMeters><DistanceMeters>2594.39990234375</DistanceMeters><HeartRateBpm><Value>190</Value></HeartRateBpm><Cadence>81</Cadence><SensorState>Present</SensorState><Extensions><TPX xmlns="http://www.garmin.com/xmlschemas/ActivityExtension/v2"><Watts>308</Watts></TPX></Extensions></Trackpoint><Trackpoint xmlns="http://www.garmin.com/xmlschemas/TrainingCenterDatabase/v2"><Time>2026-08-29T07:17:14.055Z</Time><Position><LatitudeDegrees>52.32756</LatitudeDegrees><LongitudeDegrees>12.98784167</LongitudeDegrees></Position><AltitudeMeters>52.883</AltitudeMeters><DistanceMeters>2597.199951171875</DistanceMeters><HeartRateBpm><Value>190</Value></HeartRateBpm><Cadence>81</Cadence><SensorState>Present</SensorState><Extensions><TPX xmlns="http://www.garmin.com/xmlschemas/ActivityExtension/v2"><Watts>304</Watts></TPX></Extensions></Trackpoint><Trackpoint xmlns="http://www.garmin.com/xmlschemas/TrainingCenterDatabase/v2"><Time>2026-08-29T07:17:15.055Z</Time><Position><LatitudeDegrees>52.32753667</LatitudeDegrees><LongitudeDegrees>12.98788167</LongitudeDegrees></Position><AltitudeMeters>52.883</AltitudeMeters><DistanceMeters>2600.0</DistanceMeters><HeartRateBpm><Value>190</Value></HeartRateBpm><Cadence>81</Cadence><SensorState>Present</SensorState><Extensions><TPX xmlns="http://www.garmin.com/xmlschemas/ActivityExtension/v2"><Watts>300</Watts></TPX></Extensions></Trackpoint><Trackpoint xmlns="http://www.garmin.com/xmlschemas/TrainingCenterDatabase/v2"><Time>2026-08-29T07:17:16.055Z</Time><Position><LatitudeDegrees>52.327515</LatitudeDegrees><LongitudeDegrees>12.98792167</LongitudeDegrees></Position><AltitudeMeters>52.883</AltitudeMeters><DistanceMeters>2603.60009765625</DistanceMeters><HeartRateBpm><Value>190</Value></HeartRateBpm><Cadence>81</Cadence><SensorState>Present</SensorState><Extensions><TPX xmlns="http://www.garmin.com/xmlschemas/ActivityExtension/v2"><Watts>304</Watts></TPX></Extensions></Trackpoint><Trackpoint xmlns="http://www.garmin.com/xmlschemas/TrainingCenterDatabase/v2"><Time>2026-08-29T07:17:17.055Z</Time><Position><LatitudeDegrees>52.32749167</LatitudeDegrees><LongitudeDegrees>12.987955</LongitudeDegrees></Position><AltitudeMeters>52.883</AltitudeMeters><DistanceMeters>2607.199951171875</DistanceMeters><HeartRateBpm><Value>190</Value></HeartRateBpm><Cadence>81</Cadence><SensorState>Present</SensorState><Extensions><TPX xmlns="http://www.garmin.com/xmlschemas/ActivityExtension/v2"><Watts>310</Watts></TPX></Extensions></Trackpoint><Trackpoint xmlns="http://www.garmin.com/xmlschemas/TrainingCenterDatabase/v2"><Time>2026-08-29T07:17:18.055Z</Time><Position><LatitudeDegrees>52.32746667</LatitudeDegrees><LongitudeDegrees>12.987985</LongitudeDegrees></Position><AltitudeMeters>52.883</AltitudeMeters><DistanceMeters>2610.89990234375</DistanceMeters><HeartRateBpm><Value>190</Value></HeartRateBpm><Cadence>81</Cadence><SensorState>Present</SensorState><Extensions><TPX xmlns="http://www.garmin.com/xmlschemas/ActivityExtension/v2"><Watts>312</Watts></TPX></Extensions></Trackpoint><Trackpoint xmlns="http://www.garmin.com/xmlschemas/TrainingCenterDatabase/v2"><Time>2026-08-29T07:17:19.055Z</Time><Position><LatitudeDegrees>52.32744</LatitudeDegrees><LongitudeDegrees>12.98801333</LongitudeDegrees></Position><AltitudeMeters>52.883</AltitudeMeters><DistanceMeters>2614.5</DistanceMeters><HeartRateBpm><Value>190</Value></HeartRateBpm><Cadence>81</Cadence><SensorState>Present</SensorState><Extensions><TPX xmlns="http://www.garmin.com/xmlschemas/ActivityExtension/v2"><Watts>314</Watts></TPX></Extensions></Trackpoint><Trackpoint xmlns="http://www.garmin.com/xmlschemas/TrainingCenterDatabase/v2"><Time>2026-08-29T07:17:20.055Z</Time><Position><LatitudeDegrees>52.32741</LatitudeDegrees><LongitudeDegrees>12.988045</LongitudeDegrees></Position><AltitudeMeters>51.817</AltitudeMeters><DistanceMeters>2618.10009765625</DistanceMeters><HeartRateBpm><Value>190</Value></HeartRateBpm><Cadence>81</Cadence><SensorState>Present</SensorState><Extensions><TPX xmlns="http://www.garmin.com/xmlschemas/ActivityExtension/v2"><Watts>314</Watts></TPX></Extensions></Trackpoint><Trackpoint xmlns="http://www.garmin.com/xmlschemas/TrainingCenterDatabase/v2"><Time>2026-08-29T07:17:21.055Z</Time><Position><LatitudeDegrees>52.327385</LatitudeDegrees><LongitudeDegrees>12.98806667</LongitudeDegrees></Position><AltitudeMeters>51.817</AltitudeMeters><DistanceMeters>2621.89990234375</DistanceMeters><HeartRateBpm><Value>190</Value></HeartRateBpm><Cadence>81</Cadence><SensorState>Present</SensorState><Extensions><TPX xmlns="http://www.garmin.com/xmlschemas/ActivityExtension/v2"><Watts>312</Watts></TPX></Extensions></Trackpoint><Trackpoint xmlns="http://www.garmin.com/xmlschemas/TrainingCenterDatabase/v2"><Time>2026-08-29T07:17:22.055Z</Time><Position><LatitudeDegrees>52.32735333</LatitudeDegrees><LongitudeDegrees>12.98809333</LongitudeDegrees></Position><AltitudeMeters>51.817</AltitudeMeters><DistanceMeters>2626.0</DistanceMeters><HeartRateBpm><Value>190</Value></HeartRateBpm><Cadence>81</Cadence><SensorState>Present</SensorState><Extensions><TPX xmlns="http://www.garmin.com/xmlschemas/ActivityExtension/v2"><Watts>318</Watts></TPX></Extensions></Trackpoint><Trackpoint xmlns="http://www.garmin.com/xmlschemas/TrainingCenterDatabase/v2"><Time>2026-08-29T07:17:23.055Z</Time><Position><LatitudeDegrees>52.32732833</LatitudeDegrees><LongitudeDegrees>12.98811333</LongitudeDegrees></Position><AltitudeMeters>51.817</AltitudeMeters><DistanceMeters>2629.89990234375</DistanceMeters><HeartRateBpm><Value>190</Value></HeartRateBpm><Cadence>81</Cadence><SensorState>Present</SensorState><Extensions><TPX xmlns="http://www.garmin.com/xmlschemas/ActivityExtension/v2"><Watts>324</Watts></TPX></Extensions></Trackpoint><Trackpoint xmlns="http://www.garmin.com/xmlschemas/TrainingCenterDatabase/v2"><Time>2026-08-29T07:17:24.055Z</Time><Position><LatitudeDegrees>52.327305</LatitudeDegrees><LongitudeDegrees>12.98813333</LongitudeDegrees></Position><AltitudeMeters>51.817</AltitudeMeters><DistanceMeters>2633.89990234375</DistanceMeters><HeartRateBpm><Value>190</Value></HeartRateBpm><Cadence>81</Cadence><SensorState>Present</SensorState><Extensions><TPX xmlns="http://www.garmin.com/xmlschemas/ActivityExtension/v2"><Watts>324</Watts></TPX></Extensions></Trackpoint><Trackpoint xmlns="http://www.garmin.com/xmlschemas/TrainingCenterDatabase/v2"><Time>2026-08-29T07:17:25.055Z</Time><Position><LatitudeDegrees>52.32728</LatitudeDegrees><LongitudeDegrees>12.98815667</LongitudeDegrees></Position><AltitudeMeters>51.817</AltitudeMeters><DistanceMeters>2636.89990234375</DistanceMeters><HeartRateBpm><Value>190</Value></HeartRateBpm><Cadence>81</Cadence><SensorState>Present</SensorState><Extensions><TPX xmlns="http://www.garmin.com/xmlschemas/ActivityExtension/v2"><Watts>322</Watts></TPX></Extensions></Trackpoint><Trackpoint xmlns="http://www.garmin.com/xmlschemas/TrainingCenterDatabase/v2"><Time>2026-08-29T07:17:26.055Z</Time><Position><LatitudeDegrees>52.32725667</LatitudeDegrees><LongitudeDegrees>12.98817667</LongitudeDegrees></Position><AltitudeMeters>51.817</AltitudeMeters><DistanceMeters>2639.89990234375</DistanceMeters><HeartRateBpm><Value>190</Value></HeartRateBpm><Cadence>81</Cadence><SensorState>Present</SensorState><Extensions><TPX xmlns="http://www.garmin.com/xmlschemas/ActivityExtension/v2"><Watts>320</Watts></TPX></Extensions></Trackpoint><Trackpoint xmlns="http://www.garmin.com/xmlschemas/TrainingCenterDatabase/v2"><Time>2026-08-29T07:17:27.055Z</Time><Position><LatitudeDegrees>52.32723833</LatitudeDegrees><LongitudeDegrees>12.98820333</LongitudeDegrees></Position><AltitudeMeters>51.817</AltitudeMeters><DistanceMeters>2643.10009765625</DistanceMeters><HeartRateBpm><Value>190</Value></HeartRateBpm><Cadence>81</Cadence><SensorState>Present</SensorState><Extensions><TPX xmlns="http://www.garmin.com/xmlschemas/ActivityExtension/v2"><Watts>318</Watts></TPX></Extensions></Trackpoint><Trackpoint xmlns="http://www.garmin.com/xmlschemas/TrainingCenterDatabase/v2"><Time>2026-08-29T07:17:28.055Z</Time><Position><LatitudeDegrees>52.32723333</LatitudeDegrees><LongitudeDegrees>12.98823333</LongitudeDegrees></Position><AltitudeMeters>51.817</AltitudeMeters><DistanceMeters>2646.0</DistanceMeters><HeartRateBpm><Value>190</Value></HeartRateBpm><Cadence>80</Cadence><SensorState>Present</SensorState><Extensions><TPX xmlns="http://www.garmin.com/xmlschemas/ActivityExtension/v2"><Watts>314</Watts></TPX></Extensions></Trackpoint><Trackpoint xmlns="http://www.garmin.com/xmlschemas/TrainingCenterDatabase/v2"><Time>2026-08-29T07:17:29.055Z</Time><Position><LatitudeDegrees>52.32724</LatitudeDegrees><LongitudeDegrees>12.98826667</LongitudeDegrees></Position><AltitudeMeters>51.817</AltitudeMeters><DistanceMeters>2648.699951171875</DistanceMeters><HeartRateBpm><Value>190</Value></HeartRateBpm><Cadence>80</Cadence><SensorState>Present</SensorState><Extensions><TPX xmlns="http://www.garmin.com/xmlschemas/ActivityExtension/v2"><Watts>308</Watts></TPX></Extensions></Trackpoint><Trackpoint xmlns="http://www.garmin.com/xmlschemas/TrainingCenterDatabase/v2"><Time>2026-08-29T07:17:30.055Z</Time><Position><LatitudeDegrees>52.327255</LatitudeDegrees><LongitudeDegrees>12.98829667</LongitudeDegrees></Position><AltitudeMeters>51.817</AltitudeMeters><DistanceMeters>2650.60009765625</DistanceMeters><HeartRateBpm><Value>190</Value></HeartRateBpm><Cadence>80</Cadence><SensorState>Present</SensorState><Extensions><TPX xmlns="http://www.garmin.com/xmlschemas/ActivityExtension/v2"><Watts>306</Watts></TPX></Extensions></Trackpoint><Trackpoint xmlns="http://www.garmin.com/xmlschemas/TrainingCenterDatabase/v2"><Time>2026-08-29T07:17:31.055Z</Time><Position><LatitudeDegrees>52.32727167</LatitudeDegrees><LongitudeDegrees>12.98831833</LongitudeDegrees></Position><AltitudeMeters>51.817</AltitudeMeters><DistanceMeters>2651.699951171875</DistanceMeters><HeartRateBpm><Value>190</Value></HeartRateBpm><Cadence>81</Cadence><SensorState>Present</SensorState><Extensions><TPX xmlns="http://www.garmin.com/xmlschemas/ActivityExtension/v2"><Watts>304</Watts></TPX></Extensions></Trackpoint><Trackpoint xmlns="http://www.garmin.com/xmlschemas/TrainingCenterDatabase/v2"><Time>2026-08-29T07:17:32.055Z</Time><Position><LatitudeDegrees>52.32729</LatitudeDegrees><LongitudeDegrees>12.98834167</LongitudeDegrees></Position><AltitudeMeters>52.883</AltitudeMeters><DistanceMeters>2653.5</DistanceMeters><HeartRateBpm><Value>190</Value></HeartRateBpm><Cadence>81</Cadence><SensorState>Present</SensorState><Extensions><TPX xmlns="http://www.garmin.com/xmlschemas/ActivityExtension/v2"><Watts>302</Watts></TPX></Extensions></Trackpoint><Trackpoint xmlns="http://www.garmin.com/xmlschemas/TrainingCenterDatabase/v2"><Time>2026-08-29T07:17:33.055Z</Time><Position><LatitudeDegrees>52.327305</LatitudeDegrees><LongitudeDegrees>12.988365</LongitudeDegrees></Position><AltitudeMeters>52.883</AltitudeMeters><DistanceMeters>2654.89990234375</DistanceMeters><HeartRateBpm><Value>190</Value></HeartRateBpm><Cadence>81</Cadence><SensorState>Present</SensorState><Extensions><TPX xmlns="http://www.garmin.com/xmlschemas/ActivityExtension/v2"><Watts>306</Watts></TPX></Extensions></Trackpoint><Trackpoint xmlns="http://www.garmin.com/xmlschemas/TrainingCenterDatabase/v2"><Time>2026-08-29T07:17:34.055Z</Time><Position><LatitudeDegrees>52.32731833</LatitudeDegrees><LongitudeDegrees>12.98838167</LongitudeDegrees></Position><AltitudeMeters>52.883</AltitudeMeters><DistanceMeters>2656.60009765625</DistanceMeters><HeartRateBpm><Value>190</Value></HeartRateBpm><Cadence>81</Cadence><SensorState>Present</SensorState><Extensions><TPX xmlns="http://www.garmin.com/xmlschemas/ActivityExtension/v2"><Watts>312</Watts></TPX></Extensions></Trackpoint><Trackpoint xmlns="http://www.garmin.com/xmlschemas/TrainingCenterDatabase/v2"><Time>2026-08-29T07:17:35.055Z</Time><Position><LatitudeDegrees>52.327335</LatitudeDegrees><LongitudeDegrees>12.98841</LongitudeDegrees></Position><AltitudeMeters>52.883</AltitudeMeters><DistanceMeters>2657.699951171875</DistanceMeters><HeartRateBpm><Value>190</Value></HeartRateBpm><Cadence>81</Cadence><SensorState>Present</SensorState><Extensions><TPX xmlns="http://www.garmin.com/xmlschemas/ActivityExtension/v2"><Watts>320</Watts></TPX></Extensions></Trackpoint><Trackpoint xmlns="http://www.garmin.com/xmlschemas/TrainingCenterDatabase/v2"><Time>2026-08-29T07:17:36.055Z</Time><Position><LatitudeDegrees>52.32735</LatitudeDegrees><LongitudeDegrees>12.988435</LongitudeDegrees></Position><AltitudeMeters>52.883</AltitudeMeters><DistanceMeters>2658.5</DistanceMeters><HeartRateBpm><Value>190</Value></HeartRateBpm><Cadence>81</Cadence><SensorState>Present</SensorState><Extensions><TPX xmlns="http://www.garmin.com/xmlschemas/ActivityExtension/v2"><Watts>328</Watts></TPX></Extensions></Trackpoint><Trackpoint xmlns="http://www.garmin.com/xmlschemas/TrainingCenterDatabase/v2"><Time>2026-08-29T07:17:37.055Z</Time><Position><LatitudeDegrees>52.32736333</LatitudeDegrees><LongitudeDegrees>12.98845833</LongitudeDegrees></Position><AltitudeMeters>52.883</AltitudeMeters><DistanceMeters>2660.800048828125</DistanceMeters><HeartRateBpm><Value>191</Value></HeartRateBpm><Cadence>81</Cadence><SensorState>Present</SensorState><Extensions><TPX xmlns="http://www.garmin.com/xmlschemas/ActivityExtension/v2"><Watts>332</Watts></TPX></Extensions></Trackpoint><Trackpoint xmlns="http://www.garmin.com/xmlschemas/TrainingCenterDatabase/v2"><Time>2026-08-29T07:17:38.055Z</Time><Position><LatitudeDegrees>52.32737833</LatitudeDegrees><LongitudeDegrees>12.98848167</LongitudeDegrees></Position><AltitudeMeters>53.798</AltitudeMeters><DistanceMeters>2663.699951171875</DistanceMeters><HeartRateBpm><Value>191</Value></HeartRateBpm><Cadence>81</Cadence><SensorState>Present</SensorState><Extensions><TPX xmlns="http://www.garmin.com/xmlschemas/ActivityExtension/v2"><Watts>338</Watts></TPX></Extensions></Trackpoint><Trackpoint xmlns="http://www.garmin.com/xmlschemas/TrainingCenterDatabase/v2"><Time>2026-08-29T07:17:39.055Z</Time><Position><LatitudeDegrees>52.32739833</LatitudeDegrees><LongitudeDegrees>12.988515</LongitudeDegrees></Position><AltitudeMeters>53.798</AltitudeMeters><DistanceMeters>2666.5</DistanceMeters><HeartRateBpm><Value>191</Value></HeartRateBpm><Cadence>81</Cadence><SensorState>Present</SensorState><Extensions><TPX xmlns="http://www.garmin.com/xmlschemas/ActivityExtension/v2"><Watts>344</Watts></TPX></Extensions></Trackpoint><Trackpoint xmlns="http://www.garmin.com/xmlschemas/TrainingCenterDatabase/v2"><Time>2026-08-29T07:17:40.055Z</Time><Position><LatitudeDegrees>52.32741</LatitudeDegrees><LongitudeDegrees>12.98853833</LongitudeDegrees></Position><AltitudeMeters>53.798</AltitudeMeters><DistanceMeters>2668.89990234375</DistanceMeters><HeartRateBpm><Value>191</Value></HeartRateBpm><Cadence>81</Cadence><SensorState>Present</SensorState><Extensions><TPX xmlns="http://www.garmin.com/xmlschemas/ActivityExtension/v2"><Watts>348</Watts></TPX></Extensions></Trackpoint><Trackpoint xmlns="http://www.garmin.com/xmlschemas/TrainingCenterDatabase/v2"><Time>2026-08-29T07:17:41.055Z</Time><Position><LatitudeDegrees>52.327425</LatitudeDegrees><LongitudeDegrees>12.988565</LongitudeDegrees></Position><AltitudeMeters>53.798</AltitudeMeters><DistanceMeters>2671.60009765625</DistanceMeters><HeartRateBpm><Value>191</Value></HeartRateBpm><Cadence>81</Cadence><SensorState>Present</SensorState><Extensions><TPX xmlns="http://www.garmin.com/xmlschemas/ActivityExtension/v2"><Watts>350</Watts></TPX></Extensions></Trackpoint><Trackpoint xmlns="http://www.garmin.com/xmlschemas/TrainingCenterDatabase/v2"><Time>2026-08-29T07:17:42.055Z</Time><Position><LatitudeDegrees>52.32744</LatitudeDegrees><LongitudeDegrees>12.98859667</LongitudeDegrees></Position><AltitudeMeters>53.798</AltitudeMeters><DistanceMeters>2673.89990234375</DistanceMeters><HeartRateBpm><Value>191</Value></HeartRateBpm><Cadence>81</Cadence><SensorState>Present</SensorState><Extensions><TPX xmlns="http://www.garmin.com/xmlschemas/ActivityExtension/v2"><Watts>360</Watts></TPX></Extensions></Trackpoint><Trackpoint xmlns="http://www.garmin.com/xmlschemas/TrainingCenterDatabase/v2"><Time>2026-08-29T07:17:43.055Z</Time><Position><LatitudeDegrees>52.32745333</LatitudeDegrees><LongitudeDegrees>12.98861667</LongitudeDegrees></Position><AltitudeMeters>53.798</AltitudeMeters><DistanceMeters>2676.39990234375</DistanceMeters><HeartRateBpm><Value>191</Value></HeartRateBpm><Cadence>81</Cadence><SensorState>Present</SensorState><Extensions><TPX xmlns="http://www.garmin.com/xmlschemas/ActivityExtension/v2"><Watts>364</Watts></TPX></Extensions></Trackpoint><Trackpoint xmlns="http://www.garmin.com/xmlschemas/TrainingCenterDatabase/v2"><Time>2026-08-29T07:17:44.055Z</Time><Position><LatitudeDegrees>52.327475</LatitudeDegrees><LongitudeDegrees>12.98865167</LongitudeDegrees></Position><AltitudeMeters>53.798</AltitudeMeters><DistanceMeters>2679.0</DistanceMeters><HeartRateBpm><Value>191</Value></HeartRateBpm><Cadence>81</Cadence><SensorState>Present</SensorState><Extensions><TPX xmlns="http://www.garmin.com/xmlschemas/ActivityExtension/v2"><Watts>366</Watts></TPX></Extensions></Trackpoint><Trackpoint xmlns="http://www.garmin.com/xmlschemas/TrainingCenterDatabase/v2"><Time>2026-08-29T07:17:45.055Z</Time><Position><LatitudeDegrees>52.32749833</LatitudeDegrees><LongitudeDegrees>12.98866833</LongitudeDegrees></Position><AltitudeMeters>53.798</AltitudeMeters><DistanceMeters>2681.60009765625</DistanceMeters><HeartRateBpm><Value>191</Value></HeartRateBpm><Cadence>81</Cadence><SensorState>Present</SensorState><Extensions><TPX xmlns="http://www.garmin.com/xmlschemas/ActivityExtension/v2"><Watts>376</Watts></TPX></Extensions></Trackpoint><Trackpoint xmlns="http://www.garmin.com/xmlschemas/TrainingCenterDatabase/v2"><Time>2026-08-29T07:17:46.055Z</Time><Position><LatitudeDegrees>52.32751833</LatitudeDegrees><LongitudeDegrees>12.98870333</LongitudeDegrees></Position><AltitudeMeters>53.798</AltitudeMeters><DistanceMeters>2684.60009765625</DistanceMeters><HeartRateBpm><Value>191</Value></HeartRateBpm><Cadence>80</Cadence><SensorState>Present</SensorState><Extensions><TPX xmlns="http://www.garmin.com/xmlschemas/ActivityExtension/v2"><Watts>380</Watts></TPX></Extensions></Trackpoint><Trackpoint xmlns="http://www.garmin.com/xmlschemas/TrainingCenterDatabase/v2"><Time>2026-08-29T07:17:47.055Z</Time><Position><LatitudeDegrees>52.32753667</LatitudeDegrees><LongitudeDegrees>12.98873333</LongitudeDegrees></Position><AltitudeMeters>53.798</AltitudeMeters><DistanceMeters>2687.39990234375</DistanceMeters><HeartRateBpm><Value>191</Value></HeartRateBpm><Cadence>80</Cadence><SensorState>Present</SensorState><Extensions><TPX xmlns="http://www.garmin.com/xmlschemas/ActivityExtension/v2"><Watts>372</Watts></TPX></Extensions></Trackpoint><Trackpoint xmlns="http://www.garmin.com/xmlschemas/TrainingCenterDatabase/v2"><Time>2026-08-29T07:17:48.055Z</Time><Position><LatitudeDegrees>52.32755333</LatitudeDegrees><LongitudeDegrees>12.98876</LongitudeDegrees></Position><AltitudeMeters>54.865</AltitudeMeters><DistanceMeters>2690.699951171875</DistanceMeters><HeartRateBpm><Value>191</Value></HeartRateBpm><Cadence>80</Cadence><SensorState>Present</SensorState><Extensions><TPX xmlns="http://www.garmin.com/xmlschemas/ActivityExtension/v2"><Watts>372</Watts></TPX></Extensions></Trackpoint><Trackpoint xmlns="http://www.garmin.com/xmlschemas/TrainingCenterDatabase/v2"><Time>2026-08-29T07:17:49.055Z</Time><Position><LatitudeDegrees>52.32757167</LatitudeDegrees><LongitudeDegrees>12.98878833</LongitudeDegrees></Position><AltitudeMeters>54.865</AltitudeMeters><DistanceMeters>2693.699951171875</DistanceMeters><HeartRateBpm><Value>191</Value></HeartRateBpm><Cadence>81</Cadence><SensorState>Present</SensorState><Extensions><TPX xmlns="http://www.garmin.com/xmlschemas/ActivityExtension/v2"><Watts>380</Watts></TPX></Extensions></Trackpoint><Trackpoint xmlns="http://www.garmin.com/xmlschemas/TrainingCenterDatabase/v2"><Time>2026-08-29T07:17:50.055Z</Time><Position><LatitudeDegrees>52.32759</LatitudeDegrees><LongitudeDegrees>12.988815</LongitudeDegrees></Position><AltitudeMeters>54.865</AltitudeMeters><DistanceMeters>2696.199951171875</DistanceMeters><HeartRateBpm><Value>191</Value></HeartRateBpm><Cadence>81</Cadence><SensorState>Present</SensorState><Extensions><TPX xmlns="http://www.garmin.com/xmlschemas/ActivityExtension/v2"><Watts>380</Watts></TPX></Extensions></Trackpoint><Trackpoint xmlns="http://www.garmin.com/xmlschemas/TrainingCenterDatabase/v2"><Time>2026-08-29T07:17:51.055Z</Time><Position><LatitudeDegrees>52.32761</LatitudeDegrees><LongitudeDegrees>12.988845</LongitudeDegrees></Position><AltitudeMeters>54.865</AltitudeMeters><DistanceMeters>2699.5</DistanceMeters><HeartRateBpm><Value>191</Value></HeartRateBpm><Cadence>81</Cadence><SensorState>Present</SensorState><Extensions><TPX xmlns="http://www.garmin.com/xmlschemas/ActivityExtension/v2"><Watts>374</Watts></TPX></Extensions></Trackpoint><Trackpoint xmlns="http://www.garmin.com/xmlschemas/TrainingCenterDatabase/v2"><Time>2026-08-29T07:17:52.055Z</Time><Position><LatitudeDegrees>52.32762667</LatitudeDegrees><LongitudeDegrees>12.98887667</LongitudeDegrees></Position><AltitudeMeters>54.865</AltitudeMeters><DistanceMeters>2702.39990234375</DistanceMeters><HeartRateBpm><Value>191</Value></HeartRateBpm><Cadence>80</Cadence><SensorState>Present</SensorState><Extensions><TPX xmlns="http://www.garmin.com/xmlschemas/ActivityExtension/v2"><Watts>372</Watts></TPX></Extensions></Trackpoint><Trackpoint xmlns="http://www.garmin.com/xmlschemas/TrainingCenterDatabase/v2"><Time>2026-08-29T07:17:53.055Z</Time><Position><LatitudeDegrees>52.32764167</LatitudeDegrees><LongitudeDegrees>12.98890667</LongitudeDegrees></Position><AltitudeMeters>54.865</AltitudeMeters><DistanceMeters>2705.39990234375</DistanceMeters><HeartRateBpm><Value>191</Value></HeartRateBpm><Cadence>80</Cadence><SensorState>Present</SensorState><Extensions><TPX xmlns="http://www.garmin.com/xmlschemas/ActivityExtension/v2"><Watts>368</Watts></TPX></Extensions></Trackpoint><Trackpoint xmlns="http://www.garmin.com/xmlschemas/TrainingCenterDatabase/v2"><Time>2026-08-29T07:17:54.055Z</Time><Position><LatitudeDegrees>52.32765333</LatitudeDegrees><LongitudeDegrees>12.98893833</LongitudeDegrees></Position><AltitudeMeters>54.865</AltitudeMeters><DistanceMeters>2708.699951171875</DistanceMeters><HeartRateBpm><Value>192</Value></HeartRateBpm><Cadence>80</Cadence><SensorState>Present</SensorState><Extensions><TPX xmlns="http://www.garmin.com/xmlschemas/ActivityExtension/v2"><Watts>372</Watts></TPX></Extensions></Trackpoint><Trackpoint xmlns="http://www.garmin.com/xmlschemas/TrainingCenterDatabase/v2"><Time>2026-08-29T07:17:55.055Z</Time><Position><LatitudeDegrees>52.327665</LatitudeDegrees><LongitudeDegrees>12.988965</LongitudeDegrees></Position><AltitudeMeters>54.865</AltitudeMeters><DistanceMeters>2711.199951171875</DistanceMeters><HeartRateBpm><Value>192</Value></HeartRateBpm><Cadence>81</Cadence><SensorState>Present</SensorState><Extensions><TPX xmlns="http://www.garmin.com/xmlschemas/ActivityExtension/v2"><Watts>376</Watts></TPX></Extensions></Trackpoint><Trackpoint xmlns="http://www.garmin.com/xmlschemas/TrainingCenterDatabase/v2"><Time>2026-08-29T07:17:56.055Z</Time><Position><LatitudeDegrees>52.327685</LatitudeDegrees><LongitudeDegrees>12.98899667</LongitudeDegrees></Position><AltitudeMeters>54.865</AltitudeMeters><DistanceMeters>2713.89990234375</DistanceMeters><HeartRateBpm><Value>192</Value></HeartRateBpm><Cadence>81</Cadence><SensorState>Present</SensorState><Extensions><TPX xmlns="http://www.garmin.com/xmlschemas/ActivityExtension/v2"><Watts>370</Watts></TPX></Extensions></Trackpoint><Trackpoint xmlns="http://www.garmin.com/xmlschemas/TrainingCenterDatabase/v2"><Time>2026-08-29T07:17:57.055Z</Time><Position><LatitudeDegrees>52.32770833</LatitudeDegrees><LongitudeDegrees>12.98903833</LongitudeDegrees></Position><AltitudeMeters>54.865</AltitudeMeters><DistanceMeters>2716.10009765625</DistanceMeters><HeartRateBpm><Value>192</Value></HeartRateBpm><Cadence>81</Cadence><SensorState>Present</SensorState><Extensions><TPX xmlns="http://www.garmin.com/xmlschemas/ActivityExtension/v2"><Watts>364</Watts></TPX></Extensions></Trackpoint><Trackpoint xmlns="http://www.garmin.com/xmlschemas/TrainingCenterDatabase/v2"><Time>2026-08-29T07:17:58.055Z</Time><Position><LatitudeDegrees>52.32772833</LatitudeDegrees><LongitudeDegrees>12.98907167</LongitudeDegrees></Position><AltitudeMeters>54.865</AltitudeMeters><DistanceMeters>2719.0</DistanceMeters><HeartRateBpm><Value>192</Value></HeartRateBpm><Cadence>80</Cadence><SensorState>Present</SensorState><Extensions><TPX xmlns="http://www.garmin.com/xmlschemas/ActivityExtension/v2"><Watts>366</Watts></TPX></Extensions></Trackpoint><Trackpoint xmlns="http://www.garmin.com/xmlschemas/TrainingCenterDatabase/v2"><Time>2026-08-29T07:17:59.055Z</Time><Position><LatitudeDegrees>52.327745</LatitudeDegrees><LongitudeDegrees>12.98909833</LongitudeDegrees></Position><AltitudeMeters>54.865</AltitudeMeters><DistanceMeters>2722.39990234375</DistanceMeters><HeartRateBpm><Value>192</Value></HeartRateBpm><Cadence>80</Cadence><SensorState>Present</SensorState><Extensions><TPX xmlns="http://www.garmin.com/xmlschemas/ActivityExtension/v2"><Watts>360</Watts></TPX></Extensions></Trackpoint><Trackpoint xmlns="http://www.garmin.com/xmlschemas/TrainingCenterDatabase/v2"><Time>2026-08-29T07:18:00.055Z</Time><Position><LatitudeDegrees>52.32778167</LatitudeDegrees><LongitudeDegrees>12.98914167</LongitudeDegrees></Position><AltitudeMeters>54.865</AltitudeMeters><DistanceMeters>2725.5</DistanceMeters><HeartRateBpm><Value>192</Value></HeartRateBpm><Cadence>80</Cadence><SensorState>Present</SensorState><Extensions><TPX xmlns="http://www.garmin.com/xmlschemas/ActivityExtension/v2"><Watts>358</Watts></TPX></Extensions></Trackpoint><Trackpoint xmlns="http://www.garmin.com/xmlschemas/TrainingCenterDatabase/v2"><Time>2026-08-29T07:18:01.055Z</Time><Position><LatitudeDegrees>52.32780833</LatitudeDegrees><LongitudeDegrees>12.98917667</LongitudeDegrees></Position><AltitudeMeters>54.865</AltitudeMeters><DistanceMeters>2728.5</DistanceMeters><HeartRateBpm><Value>192</Value></HeartRateBpm><Cadence>80</Cadence><SensorState>Present</SensorState><Extensions><TPX xmlns="http://www.garmin.com/xmlschemas/ActivityExtension/v2"><Watts>370</Watts></TPX></Extensions></Trackpoint><Trackpoint xmlns="http://www.garmin.com/xmlschemas/TrainingCenterDatabase/v2"><Time>2026-08-29T07:18:02.055Z</Time><Position><LatitudeDegrees>52.32783333</LatitudeDegrees><LongitudeDegrees>12.98919833</LongitudeDegrees></Position><AltitudeMeters>54.865</AltitudeMeters><DistanceMeters>2732.699951171875</DistanceMeters><HeartRateBpm><Value>192</Value></HeartRateBpm><Cadence>80</Cadence><SensorState>Present</SensorState><Extensions><TPX xmlns="http://www.garmin.com/xmlschemas/ActivityExtension/v2"><Watts>368</Watts></TPX></Extensions></Trackpoint><Trackpoint xmlns="http://www.garmin.com/xmlschemas/TrainingCenterDatabase/v2"><Time>2026-08-29T07:18:03.055Z</Time><Position><LatitudeDegrees>52.32786</LatitudeDegrees><LongitudeDegrees>12.98923333</LongitudeDegrees></Position><AltitudeMeters>54.865</AltitudeMeters><DistanceMeters>2736.699951171875</DistanceMeters><HeartRateBpm><Value>192</Value></HeartRateBpm><Cadence>81</Cadence><SensorState>Present</SensorState><Extensions><TPX xmlns="http://www.garmin.com/xmlschemas/ActivityExtension/v2"><Watts>366</Watts></TPX></Extensions></Trackpoint><Trackpoint xmlns="http://www.garmin.com/xmlschemas/TrainingCenterDatabase/v2"><Time>2026-08-29T07:18:04.055Z</Time><Position><LatitudeDegrees>52.327885</LatitudeDegrees><LongitudeDegrees>12.98927</LongitudeDegrees></Position><AltitudeMeters>54.865</AltitudeMeters><DistanceMeters>2740.39990234375</DistanceMeters><HeartRateBpm><Value>192</Value></HeartRateBpm><Cadence>80</Cadence><SensorState>Present</SensorState><Extensions><TPX xmlns="http://www.garmin.com/xmlschemas/ActivityExtension/v2"><Watts>372</Watts></TPX></Extensions></Trackpoint><Trackpoint xmlns="http://www.garmin.com/xmlschemas/TrainingCenterDatabase/v2"><Time>2026-08-29T07:18:05.055Z</Time><Position><LatitudeDegrees>52.32790167</LatitudeDegrees><LongitudeDegrees>12.9893</LongitudeDegrees></Position><AltitudeMeters>54.865</AltitudeMeters><DistanceMeters>2744.60009765625</DistanceMeters><HeartRateBpm><Value>192</Value></HeartRateBpm><Cadence>80</Cadence><SensorState>Present</SensorState><Extensions><TPX xmlns="http://www.garmin.com/xmlschemas/ActivityExtension/v2"><Watts>374</Watts></TPX></Extensions></Trackpoint><Trackpoint xmlns="http://www.garmin.com/xmlschemas/TrainingCenterDatabase/v2"><Time>2026-08-29T07:18:06.055Z</Time><Position><LatitudeDegrees>52.32792333</LatitudeDegrees><LongitudeDegrees>12.98934167</LongitudeDegrees></Position><AltitudeMeters>54.865</AltitudeMeters><DistanceMeters>2749.10009765625</DistanceMeters><HeartRateBpm><Value>192</Value></HeartRateBpm><Cadence>80</Cadence><SensorState>Present</SensorState><Extensions><TPX xmlns="http://www.garmin.com/xmlschemas/ActivityExtension/v2"><Watts>366</Watts></TPX></Extensions></Trackpoint><Trackpoint xmlns="http://www.garmin.com/xmlschemas/TrainingCenterDatabase/v2"><Time>2026-08-29T07:18:07.055Z</Time><Position><LatitudeDegrees>52.32794</LatitudeDegrees><LongitudeDegrees>12.989375</LongitudeDegrees></Position><AltitudeMeters>54.865</AltitudeMeters><DistanceMeters>2752.5</DistanceMeters><HeartRateBpm><Value>192</Value></HeartRateBpm><Cadence>80</Cadence><SensorState>Present</SensorState><Extensions><TPX xmlns="http://www.garmin.com/xmlschemas/ActivityExtension/v2"><Watts>352</Watts></TPX></Extensions></Trackpoint><Trackpoint xmlns="http://www.garmin.com/xmlschemas/TrainingCenterDatabase/v2"><Time>2026-08-29T07:18:08.055Z</Time><Position><LatitudeDegrees>52.32795667</LatitudeDegrees><LongitudeDegrees>12.98939833</LongitudeDegrees></Position><AltitudeMeters>54.865</AltitudeMeters><DistanceMeters>2755.89990234375</DistanceMeters><HeartRateBpm><Value>192</Value></HeartRateBpm><Cadence>80</Cadence><SensorState>Present</SensorState><Extensions><TPX xmlns="http://www.garmin.com/xmlschemas/ActivityExtension/v2"><Watts>344</Watts></TPX></Extensions></Trackpoint><Trackpoint xmlns="http://www.garmin.com/xmlschemas/TrainingCenterDatabase/v2"><Time>2026-08-29T07:18:09.055Z</Time><Position><LatitudeDegrees>52.32798167</LatitudeDegrees><LongitudeDegrees>12.98943</LongitudeDegrees></Position><AltitudeMeters>54.865</AltitudeMeters><DistanceMeters>2759.199951171875</DistanceMeters><HeartRateBpm><Value>192</Value></HeartRateBpm><Cadence>81</Cadence><SensorState>Present</SensorState><Extensions><TPX xmlns="http://www.garmin.com/xmlschemas/ActivityExtension/v2"><Watts>340</Watts></TPX></Extensions></Trackpoint><Trackpoint xmlns="http://www.garmin.com/xmlschemas/TrainingCenterDatabase/v2"><Time>2026-08-29T07:18:10.055Z</Time><Position><LatitudeDegrees>52.32801667</LatitudeDegrees><LongitudeDegrees>12.98946667</LongitudeDegrees></Position><AltitudeMeters>53.798</AltitudeMeters><DistanceMeters>2762.5</DistanceMeters><HeartRateBpm><Value>192</Value></HeartRateBpm><Cadence>81</Cadence><SensorState>Present</SensorState><Extensions><TPX xmlns="http://www.garmin.com/xmlschemas/ActivityExtension/v2"><Watts>336</Watts></TPX></Extensions></Trackpoint><Trackpoint xmlns="http://www.garmin.com/xmlschemas/TrainingCenterDatabase/v2"><Time>2026-08-29T07:18:11.055Z</Time><Position><LatitudeDegrees>52.32804333</LatitudeDegrees><LongitudeDegrees>12.98949667</LongitudeDegrees></Position><AltitudeMeters>53.798</AltitudeMeters><DistanceMeters>2765.0</DistanceMeters><HeartRateBpm><Value>192</Value></HeartRateBpm><Cadence>80</Cadence><SensorState>Present</SensorState><Extensions><TPX xmlns="http://www.garmin.com/xmlschemas/ActivityExtension/v2"><Watts>328</Watts></TPX></Extensions></Trackpoint><Trackpoint xmlns="http://www.garmin.com/xmlschemas/TrainingCenterDatabase/v2"><Time>2026-08-29T07:18:12.055Z</Time><Position><LatitudeDegrees>52.32806833</LatitudeDegrees><LongitudeDegrees>12.98952833</LongitudeDegrees></Position><AltitudeMeters>53.798</AltitudeMeters><DistanceMeters>2768.699951171875</DistanceMeters><HeartRateBpm><Value>191</Value></HeartRateBpm><Cadence>81</Cadence><SensorState>Present</SensorState><Extensions><TPX xmlns="http://www.garmin.com/xmlschemas/ActivityExtension/v2"><Watts>328</Watts></TPX></Extensions></Trackpoint><Trackpoint xmlns="http://www.garmin.com/xmlschemas/TrainingCenterDatabase/v2"><Time>2026-08-29T07:18:13.055Z</Time><Position><LatitudeDegrees>52.32808167</LatitudeDegrees><LongitudeDegrees>12.98955667</LongitudeDegrees></Position><AltitudeMeters>53.798</AltitudeMeters><DistanceMeters>2772.5</DistanceMeters><HeartRateBpm><Value>191</Value></HeartRateBpm><Cadence>80</Cadence><SensorState>Present</SensorState><Extensions><TPX xmlns="http://www.garmin.com/xmlschemas/ActivityExtension/v2"><Watts>334</Watts></TPX></Extensions></Trackpoint><Trackpoint xmlns="http://www.garmin.com/xmlschemas/TrainingCenterDatabase/v2"><Time>2026-08-29T07:18:14.055Z</Time><Position><LatitudeDegrees>52.32809333</LatitudeDegrees><LongitudeDegrees>12.98958167</LongitudeDegrees></Position><AltitudeMeters>53.798</AltitudeMeters><DistanceMeters>2775.800048828125</DistanceMeters><HeartRateBpm><Value>191</Value></HeartRateBpm><Cadence>81</Cadence><SensorState>Present</SensorState><Extensions><TPX xmlns="http://www.garmin.com/xmlschemas/ActivityExtension/v2"><Watts>338</Watts></TPX></Extensions></Trackpoint><Trackpoint xmlns="http://www.garmin.com/xmlschemas/TrainingCenterDatabase/v2"><Time>2026-08-29T07:18:15.055Z</Time><Position><LatitudeDegrees>52.32811333</LatitudeDegrees><LongitudeDegrees>12.98961167</LongitudeDegrees></Position><AltitudeMeters>53.798</AltitudeMeters><DistanceMeters>2778.5</DistanceMeters><HeartRateBpm><Value>191</Value></HeartRateBpm><Cadence>81</Cadence><SensorState>Present</SensorState><Extensions><TPX xmlns="http://www.garmin.com/xmlschemas/ActivityExtension/v2"><Watts>334</Watts></TPX></Extensions></Trackpoint><Trackpoint xmlns="http://www.garmin.com/xmlschemas/TrainingCenterDatabase/v2"><Time>2026-08-29T07:18:16.055Z</Time><Position><LatitudeDegrees>52.32813667</LatitudeDegrees><LongitudeDegrees>12.98964333</LongitudeDegrees></Position><AltitudeMeters>53.798</AltitudeMeters><DistanceMeters>2781.39990234375</DistanceMeters><HeartRateBpm><Value>191</Value></HeartRateBpm><Cadence>81</Cadence><SensorState>Present</SensorState><Extensions><TPX xmlns="http://www.garmin.com/xmlschemas/ActivityExtension/v2"><Watts>330</Watts></TPX></Extensions></Trackpoint><Trackpoint xmlns="http://www.garmin.com/xmlschemas/TrainingCenterDatabase/v2"><Time>2026-08-29T07:18:17.055Z</Time><Position><LatitudeDegrees>52.328155</LatitudeDegrees><LongitudeDegrees>12.98967</LongitudeDegrees></Position><AltitudeMeters>53.798</AltitudeMeters><DistanceMeters>2784.199951171875</DistanceMeters><HeartRateBpm><Value>191</Value></HeartRateBpm><Cadence>81</Cadence><SensorState>Present</SensorState><Extensions><TPX xmlns="http://www.garmin.com/xmlschemas/ActivityExtension/v2"><Watts>326</Watts></TPX></Extensions></Trackpoint><Trackpoint xmlns="http://www.garmin.com/xmlschemas/TrainingCenterDatabase/v2"><Time>2026-08-29T07:18:18.055Z</Time><Position><LatitudeDegrees>52.32816833</LatitudeDegrees><LongitudeDegrees>12.98969</LongitudeDegrees></Position><AltitudeMeters>52.883</AltitudeMeters><DistanceMeters>2787.60009765625</DistanceMeters><HeartRateBpm><Value>191</Value></HeartRateBpm><Cadence>81</Cadence><SensorState>Present</SensorState><Extensions><TPX xmlns="http://www.garmin.com/xmlschemas/ActivityExtension/v2"><Watts>322</Watts></TPX></Extensions></Trackpoint><Trackpoint xmlns="http://www.garmin.com/xmlschemas/TrainingCenterDatabase/v2"><Time>2026-08-29T07:18:19.055Z</Time><Position><LatitudeDegrees>52.32818667</LatitudeDegrees><LongitudeDegrees>12.98970667</LongitudeDegrees></Position><AltitudeMeters>52.883</AltitudeMeters><DistanceMeters>2790.699951171875</DistanceMeters><HeartRateBpm><Value>191</Value></HeartRateBpm><Cadence>81</Cadence><SensorState>Present</SensorState><Extensions><TPX xmlns="http://www.garmin.com/xmlschemas/ActivityExtension/v2"><Watts>318</Watts></TPX></Extensions></Trackpoint><Trackpoint xmlns="http://www.garmin.com/xmlschemas/TrainingCenterDatabase/v2"><Time>2026-08-29T07:18:20.055Z</Time><Position><LatitudeDegrees>52.32819833</LatitudeDegrees><LongitudeDegrees>12.98971333</LongitudeDegrees></Position><AltitudeMeters>52.883</AltitudeMeters><DistanceMeters>2792.800048828125</DistanceMeters><HeartRateBpm><Value>191</Value></HeartRateBpm><Cadence>81</Cadence><SensorState>Present</SensorState><Extensions><TPX xmlns="http://www.garmin.com/xmlschemas/ActivityExtension/v2"><Watts>310</Watts></TPX></Extensions></Trackpoint><Trackpoint xmlns="http://www.garmin.com/xmlschemas/TrainingCenterDatabase/v2"><Time>2026-08-29T07:18:21.055Z</Time><Position><LatitudeDegrees>52.32820833</LatitudeDegrees><LongitudeDegrees>12.98971667</LongitudeDegrees></Position><AltitudeMeters>52.883</AltitudeMeters><DistanceMeters>2794.199951171875</DistanceMeters><HeartRateBpm><Value>191</Value></HeartRateBpm><Cadence>81</Cadence><SensorState>Present</SensorState><Extensions><TPX xmlns="http://www.garmin.com/xmlschemas/ActivityExtension/v2"><Watts>300</Watts></TPX></Extensions></Trackpoint><Trackpoint xmlns="http://www.garmin.com/xmlschemas/TrainingCenterDatabase/v2"><Time>2026-08-29T07:18:22.055Z</Time><Position><LatitudeDegrees>52.328215</LatitudeDegrees><LongitudeDegrees>12.98971667</LongitudeDegrees></Position><AltitudeMeters>52.883</AltitudeMeters><DistanceMeters>2795.39990234375</DistanceMeters><HeartRateBpm><Value>191</Value></HeartRateBpm><Cadence>81</Cadence><SensorState>Present</SensorState><Extensions><TPX xmlns="http://www.garmin.com/xmlschemas/ActivityExtension/v2"><Watts>286</Watts></TPX></Extensions></Trackpoint><Trackpoint xmlns="http://www.garmin.com/xmlschemas/TrainingCenterDatabase/v2"><Time>2026-08-29T07:18:23.055Z</Time><Position><LatitudeDegrees>52.32823333</LatitudeDegrees><LongitudeDegrees>12.98971667</LongitudeDegrees></Position><AltitudeMeters>52.883</AltitudeMeters><DistanceMeters>2796.199951171875</DistanceMeters><HeartRateBpm><Value>191</Value></HeartRateBpm><Cadence>81</Cadence><SensorState>Present</SensorState><Extensions><TPX xmlns="http://www.garmin.com/xmlschemas/ActivityExtension/v2"><Watts>230</Watts></TPX></Extensions></Trackpoint><Trackpoint xmlns="http://www.garmin.com/xmlschemas/TrainingCenterDatabase/v2"><Time>2026-08-29T07:18:24.055Z</Time><Position><LatitudeDegrees>52.32825</LatitudeDegrees><LongitudeDegrees>12.98971333</LongitudeDegrees></Position><AltitudeMeters>52.883</AltitudeMeters><DistanceMeters>2796.800048828125</DistanceMeters><HeartRateBpm><Value>191</Value></HeartRateBpm><Cadence>81</Cadence><SensorState>Present</SensorState><Extensions><TPX xmlns="http://www.garmin.com/xmlschemas/ActivityExtension/v2"><Watts>174</Watts></TPX></Extensions></Trackpoint><Trackpoint xmlns="http://www.garmin.com/xmlschemas/TrainingCenterDatabase/v2"><Time>2026-08-29T07:18:25.055Z</Time><Position><LatitudeDegrees>52.32826833</LatitudeDegrees><LongitudeDegrees>12.98970833</LongitudeDegrees></Position><AltitudeMeters>52.883</AltitudeMeters><DistanceMeters>2798.199951171875</DistanceMeters><HeartRateBpm><Value>191</Value></HeartRateBpm><Cadence>80</Cadence><SensorState>Present</SensorState><Extensions><TPX xmlns="http://www.garmin.com/xmlschemas/ActivityExtension/v2"><Watts>168</Watts></TPX></Extensions></Trackpoint><Trackpoint xmlns="http://www.garmin.com/xmlschemas/TrainingCenterDatabase/v2"><Time>2026-08-29T07:18:26.055Z</Time><Position><LatitudeDegrees>52.32829667</LatitudeDegrees><LongitudeDegrees>12.98970167</LongitudeDegrees></Position><AltitudeMeters>52.883</AltitudeMeters><DistanceMeters>2799.10009765625</DistanceMeters><HeartRateBpm><Value>191</Value></HeartRateBpm><Cadence>80</Cadence><SensorState>Present</SensorState><Extensions><TPX xmlns="http://www.garmin.com/xmlschemas/ActivityExtension/v2"><Watts>184</Watts></TPX></Extensions></Trackpoint><Trackpoint xmlns="http://www.garmin.com/xmlschemas/TrainingCenterDatabase/v2"><Time>2026-08-29T07:18:27.055Z</Time><Position><LatitudeDegrees>52.328315</LatitudeDegrees><LongitudeDegrees>12.98969</LongitudeDegrees></Position><AltitudeMeters>52.883</AltitudeMeters><DistanceMeters>2800.300048828125</DistanceMeters><HeartRateBpm><Value>191</Value></HeartRateBpm><Cadence>80</Cadence><SensorState>Present</SensorState><Extensions><TPX xmlns="http://www.garmin.com/xmlschemas/ActivityExtension/v2"><Watts>202</Watts></TPX></Extensions></Trackpoint><Trackpoint xmlns="http://www.garmin.com/xmlschemas/TrainingCenterDatabase/v2"><Time>2026-08-29T07:18:28.055Z</Time><Position><LatitudeDegrees>52.328345</LatitudeDegrees><LongitudeDegrees>12.98968</LongitudeDegrees></Position><AltitudeMeters>51.817</AltitudeMeters><DistanceMeters>2802.39990234375</DistanceMeters><HeartRateBpm><Value>191</Value></HeartRateBpm><Cadence>81</Cadence><SensorState>Present</SensorState><Extensions><TPX xmlns="http://www.garmin.com/xmlschemas/ActivityExtension/v2"><Watts>212</Watts></TPX></Extensions></Trackpoint><Trackpoint xmlns="http://www.garmin.com/xmlschemas/TrainingCenterDatabase/v2"><Time>2026-08-29T07:18:29.055Z</Time><Position><LatitudeDegrees>52.32836167</LatitudeDegrees><LongitudeDegrees>12.98967167</LongitudeDegrees></Position><AltitudeMeters>51.817</AltitudeMeters><DistanceMeters>2804.5</DistanceMeters><HeartRateBpm><Value>191</Value></HeartRateBpm><Cadence>81</Cadence><SensorState>Present</SensorState><Extensions><TPX xmlns="http://www.garmin.com/xmlschemas/ActivityExtension/v2"><Watts>228</Watts></TPX></Extensions></Trackpoint><Trackpoint xmlns="http://www.garmin.com/xmlschemas/TrainingCenterDatabase/v2"><Time>2026-08-29T07:18:30.055Z</Time><Position><LatitudeDegrees>52.328385</LatitudeDegrees><LongitudeDegrees>12.98965333</LongitudeDegrees></Position><AltitudeMeters>51.817</AltitudeMeters><DistanceMeters>2807.5</DistanceMeters><HeartRateBpm><Value>191</Value></HeartRateBpm><Cadence>81</Cadence><SensorState>Present</SensorState><Extensions><TPX xmlns="http://www.garmin.com/xmlschemas/ActivityExtension/v2"><Watts>240</Watts></TPX></Extensions></Trackpoint><Trackpoint xmlns="http://www.garmin.com/xmlschemas/TrainingCenterDatabase/v2"><Time>2026-08-29T07:18:31.055Z</Time><Position><LatitudeDegrees>52.32841333</LatitudeDegrees><LongitudeDegrees>12.98963167</LongitudeDegrees></Position><AltitudeMeters>51.817</AltitudeMeters><DistanceMeters>2810.199951171875</DistanceMeters><HeartRateBpm><Value>191</Value></HeartRateBpm><Cadence>81</Cadence><SensorState>Present</SensorState><Extensions><TPX xmlns="http://www.garmin.com/xmlschemas/ActivityExtension/v2"><Watts>250</Watts></TPX></Extensions></Trackpoint><Trackpoint xmlns="http://www.garmin.com/xmlschemas/TrainingCenterDatabase/v2"><Time>2026-08-29T07:18:32.055Z</Time><Position><LatitudeDegrees>52.328435</LatitudeDegrees><LongitudeDegrees>12.98961333</LongitudeDegrees></Position><AltitudeMeters>51.817</AltitudeMeters><DistanceMeters>2813.60009765625</DistanceMeters><HeartRateBpm><Value>191</Value></HeartRateBpm><Cadence>81</Cadence><SensorState>Present</SensorState><Extensions><TPX xmlns="http://www.garmin.com/xmlschemas/ActivityExtension/v2"><Watts>260</Watts></TPX></Extensions></Trackpoint><Trackpoint xmlns="http://www.garmin.com/xmlschemas/TrainingCenterDatabase/v2"><Time>2026-08-29T07:18:33.055Z</Time><Position><LatitudeDegrees>52.328455</LatitudeDegrees><LongitudeDegrees>12.9896</LongitudeDegrees></Position><AltitudeMeters>51.817</AltitudeMeters><DistanceMeters>2817.699951171875</DistanceMeters><HeartRateBpm><Value>192</Value></HeartRateBpm><Cadence>81</Cadence><SensorState>Present</SensorState><Extensions><TPX xmlns="http://www.garmin.com/xmlschemas/ActivityExtension/v2"><Watts>268</Watts></TPX></Extensions></Trackpoint><Trackpoint xmlns="http://www.garmin.com/xmlschemas/TrainingCenterDatabase/v2"><Time>2026-08-29T07:18:34.055Z</Time><Position><LatitudeDegrees>52.328475</LatitudeDegrees><LongitudeDegrees>12.98958667</LongitudeDegrees></Position><AltitudeMeters>51.817</AltitudeMeters><DistanceMeters>2820.800048828125</DistanceMeters><HeartRateBpm><Value>192</Value></HeartRateBpm><Cadence>80</Cadence><SensorState>Present</SensorState><Extensions><TPX xmlns="http://www.garmin.com/xmlschemas/ActivityExtension/v2"><Watts>276</Watts></TPX></Extensions></Trackpoint><Trackpoint xmlns="http://www.garmin.com/xmlschemas/TrainingCenterDatabase/v2"><Time>2026-08-29T07:18:35.055Z</Time><Position><LatitudeDegrees>52.328495</LatitudeDegrees><LongitudeDegrees>12.98957667</LongitudeDegrees></Position><AltitudeMeters>51.817</AltitudeMeters><DistanceMeters>2823.89990234375</DistanceMeters><HeartRateBpm><Value>192</Value></HeartRateBpm><Cadence>80</Cadence><SensorState>Present</SensorState><Extensions><TPX xmlns="http://www.garmin.com/xmlschemas/ActivityExtension/v2"><Watts>280</Watts></TPX></Extensions></Trackpoint><Trackpoint xmlns="http://www.garmin.com/xmlschemas/TrainingCenterDatabase/v2"><Time>2026-08-29T07:18:36.055Z</Time><Position><LatitudeDegrees>52.32851667</LatitudeDegrees><LongitudeDegrees>12.98956667</LongitudeDegrees></Position><AltitudeMeters>51.817</AltitudeMeters><DistanceMeters>2826.800048828125</DistanceMeters><HeartRateBpm><Value>192</Value></HeartRateBpm><Cadence>81</Cadence><SensorState>Present</SensorState><Extensions><TPX xmlns="http://www.garmin.com/xmlschemas/ActivityExtension/v2"><Watts>280</Watts></TPX></Extensions></Trackpoint><Trackpoint xmlns="http://www.garmin.com/xmlschemas/TrainingCenterDatabase/v2"><Time>2026-08-29T07:18:37.055Z</Time><Position><LatitudeDegrees>52.328535</LatitudeDegrees><LongitudeDegrees>12.98956</LongitudeDegrees></Position><AltitudeMeters>51.817</AltitudeMeters><DistanceMeters>2829.0</DistanceMeters><HeartRateBpm><Value>192</Value></HeartRateBpm><Cadence>81</Cadence><SensorState>Present</SensorState><Extensions><TPX xmlns="http://www.garmin.com/xmlschemas/ActivityExtension/v2"><Watts>278</Watts></TPX></Extensions></Trackpoint><Trackpoint xmlns="http://www.garmin.com/xmlschemas/TrainingCenterDatabase/v2"><Time>2026-08-29T07:18:38.055Z</Time><Position><LatitudeDegrees>52.32855</LatitudeDegrees><LongitudeDegrees>12.989555</LongitudeDegrees></Position><AltitudeMeters>51.817</AltitudeMeters><DistanceMeters>2831.699951171875</DistanceMeters><HeartRateBpm><Value>192</Value></HeartRateBpm><Cadence>81</Cadence><SensorState>Present</SensorState><Extensions><TPX xmlns="http://www.garmin.com/xmlschemas/ActivityExtension/v2"><Watts>272</Watts></TPX></Extensions></Trackpoint><Trackpoint xmlns="http://www.garmin.com/xmlschemas/TrainingCenterDatabase/v2"><Time>2026-08-29T07:18:39.055Z</Time><Position><LatitudeDegrees>52.32856833</LatitudeDegrees><LongitudeDegrees>12.98955167</LongitudeDegrees></Position><AltitudeMeters>51.817</AltitudeMeters><DistanceMeters>2833.60009765625</DistanceMeters><HeartRateBpm><Value>191</Value></HeartRateBpm><Cadence>81</Cadence><SensorState>Present</SensorState><Extensions><TPX xmlns="http://www.garmin.com/xmlschemas/ActivityExtension/v2"><Watts>262</Watts></TPX></Extensions></Trackpoint><Trackpoint xmlns="http://www.garmin.com/xmlschemas/TrainingCenterDatabase/v2"><Time>2026-08-29T07:18:40.055Z</Time><Position><LatitudeDegrees>52.32859333</LatitudeDegrees><LongitudeDegrees>12.989545</LongitudeDegrees></Position><AltitudeMeters>50.902</AltitudeMeters><DistanceMeters>2835.800048828125</DistanceMeters><HeartRateBpm><Value>191</Value></HeartRateBpm><Cadence>80</Cadence><SensorState>Present</SensorState><Extensions><TPX xmlns="http://www.garmin.com/xmlschemas/ActivityExtension/v2"><Watts>252</Watts></TPX></Extensions></Trackpoint><Trackpoint xmlns="http://www.garmin.com/xmlschemas/TrainingCenterDatabase/v2"><Time>2026-08-29T07:18:41.055Z</Time><Position><LatitudeDegrees>52.32862833</LatitudeDegrees><LongitudeDegrees>12.989525</LongitudeDegrees></Position><AltitudeMeters>50.902</AltitudeMeters><DistanceMeters>2837.5</DistanceMeters><HeartRateBpm><Value>191</Value></HeartRateBpm><Cadence>81</Cadence><SensorState>Present</SensorState><Extensions><TPX xmlns="http://www.garmin.com/xmlschemas/ActivityExtension/v2"><Watts>248</Watts></TPX></Extensions></Trackpoint><Trackpoint xmlns="http://www.garmin.com/xmlschemas/TrainingCenterDatabase/v2"><Time>2026-08-29T07:18:42.055Z</Time><Position><LatitudeDegrees>52.32866333</LatitudeDegrees><LongitudeDegrees>12.989515</LongitudeDegrees></Position><AltitudeMeters>50.902</AltitudeMeters><DistanceMeters>2839.60009765625</DistanceMeters><HeartRateBpm><Value>191</Value></HeartRateBpm><Cadence>81</Cadence><SensorState>Present</SensorState><Extensions><TPX xmlns="http://www.garmin.com/xmlschemas/ActivityExtension/v2"><Watts>252</Watts></TPX></Extensions></Trackpoint><Trackpoint xmlns="http://www.garmin.com/xmlschemas/TrainingCenterDatabase/v2"><Time>2026-08-29T07:18:43.055Z</Time><Position><LatitudeDegrees>52.32869333</LatitudeDegrees><LongitudeDegrees>12.98951667</LongitudeDegrees></Position><AltitudeMeters>50.902</AltitudeMeters><DistanceMeters>2842.800048828125</DistanceMeters><HeartRateBpm><Value>191</Value></HeartRateBpm><Cadence>81</Cadence><SensorState>Present</SensorState><Extensions><TPX xmlns="http://www.garmin.com/xmlschemas/ActivityExtension/v2"><Watts>260</Watts></TPX></Extensions></Trackpoint><Trackpoint xmlns="http://www.garmin.com/xmlschemas/TrainingCenterDatabase/v2"><Time>2026-08-29T07:18:44.055Z</Time><Position><LatitudeDegrees>52.32872167</LatitudeDegrees><LongitudeDegrees>12.98952333</LongitudeDegrees></Position><AltitudeMeters>50.902</AltitudeMeters><DistanceMeters>2846.39990234375</DistanceMeters><HeartRateBpm><Value>191</Value></HeartRateBpm><Cadence>81</Cadence><SensorState>Present</SensorState><Extensions><TPX xmlns="http://www.garmin.com/xmlschemas/ActivityExtension/v2"><Watts>268</Watts></TPX></Extensions></Trackpoint><Trackpoint xmlns="http://www.garmin.com/xmlschemas/TrainingCenterDatabase/v2"><Time>2026-08-29T07:18:45.055Z</Time><Position><LatitudeDegrees>52.32874667</LatitudeDegrees><LongitudeDegrees>12.989525</LongitudeDegrees></Position><AltitudeMeters>50.902</AltitudeMeters><DistanceMeters>2849.89990234375</DistanceMeters><HeartRateBpm><Value>191</Value></HeartRateBpm><Cadence>81</Cadence><SensorState>Present</SensorState><Extensions><TPX xmlns="http://www.garmin.com/xmlschemas/ActivityExtension/v2"><Watts>276</Watts></TPX></Extensions></Trackpoint><Trackpoint xmlns="http://www.garmin.com/xmlschemas/TrainingCenterDatabase/v2"><Time>2026-08-29T07:18:46.055Z</Time><Position><LatitudeDegrees>52.32877333</LatitudeDegrees><LongitudeDegrees>12.98952333</LongitudeDegrees></Position><AltitudeMeters>49.835</AltitudeMeters><DistanceMeters>2853.5</DistanceMeters><HeartRateBpm><Value>191</Value></HeartRateBpm><Cadence>81</Cadence><SensorState>Present</SensorState><Extensions><TPX xmlns="http://www.garmin.com/xmlschemas/ActivityExtension/v2"><Watts>280</Watts></TPX></Extensions></Trackpoint><Trackpoint xmlns="http://www.garmin.com/xmlschemas/TrainingCenterDatabase/v2"><Time>2026-08-29T07:18:47.055Z</Time><Position><LatitudeDegrees>52.3288</LatitudeDegrees><LongitudeDegrees>12.98951833</LongitudeDegrees></Position><AltitudeMeters>49.835</AltitudeMeters><DistanceMeters>2856.800048828125</DistanceMeters><HeartRateBpm><Value>191</Value></HeartRateBpm><Cadence>81</Cadence><SensorState>Present</SensorState><Extensions><TPX xmlns="http://www.garmin.com/xmlschemas/ActivityExtension/v2"><Watts>282</Watts></TPX></Extensions></Trackpoint><Trackpoint xmlns="http://www.garmin.com/xmlschemas/TrainingCenterDatabase/v2"><Time>2026-08-29T07:18:48.055Z</Time><Position><LatitudeDegrees>52.328825</LatitudeDegrees><LongitudeDegrees>12.98951333</LongitudeDegrees></Position><AltitudeMeters>49.835</AltitudeMeters><DistanceMeters>2860.5</DistanceMeters><HeartRateBpm><Value>191</Value></HeartRateBpm><Cadence>81</Cadence><SensorState>Present</SensorState><Extensions><TPX xmlns="http://www.garmin.com/xmlschemas/ActivityExtension/v2"><Watts>286</Watts></TPX></Extensions></Trackpoint><Trackpoint xmlns="http://www.garmin.com/xmlschemas/TrainingCenterDatabase/v2"><Time>2026-08-29T07:18:49.055Z</Time><Position><LatitudeDegrees>52.32884667</LatitudeDegrees><LongitudeDegrees>12.98950333</LongitudeDegrees></Position><AltitudeMeters>49.835</AltitudeMeters><DistanceMeters>2864.199951171875</DistanceMeters><HeartRateBpm><Value>191</Value></HeartRateBpm><Cadence>81</Cadence><SensorState>Present</SensorState><Extensions><TPX xmlns="http://www.garmin.com/xmlschemas/ActivityExtension/v2"><Watts>288</Watts></TPX></Extensions></Trackpoint><Trackpoint xmlns="http://www.garmin.com/xmlschemas/TrainingCenterDatabase/v2"><Time>2026-08-29T07:18:50.055Z</Time><Position><LatitudeDegrees>52.32886833</LatitudeDegrees><LongitudeDegrees>12.9895</LongitudeDegrees></Position><AltitudeMeters>49.835</AltitudeMeters><DistanceMeters>2867.699951171875</DistanceMeters><HeartRateBpm><Value>191</Value></HeartRateBpm><Cadence>81</Cadence><SensorState>Present</SensorState><Extensions><TPX xmlns="http://www.garmin.com/xmlschemas/ActivityExtension/v2"><Watts>290</Watts></TPX></Extensions></Trackpoint><Trackpoint xmlns="http://www.garmin.com/xmlschemas/TrainingCenterDatabase/v2"><Time>2026-08-29T07:18:51.055Z</Time><Position><LatitudeDegrees>52.32889333</LatitudeDegrees><LongitudeDegrees>12.9895</LongitudeDegrees></Position><AltitudeMeters>49.835</AltitudeMeters><DistanceMeters>2870.5</DistanceMeters><HeartRateBpm><Value>191</Value></HeartRateBpm><Cadence>81</Cadence><SensorState>Present</SensorState><Extensions><TPX xmlns="http://www.garmin.com/xmlschemas/ActivityExtension/v2"><Watts>292</Watts></TPX></Extensions></Trackpoint><Trackpoint xmlns="http://www.garmin.com/xmlschemas/TrainingCenterDatabase/v2"><Time>2026-08-29T07:18:52.055Z</Time><Position><LatitudeDegrees>52.32891</LatitudeDegrees><LongitudeDegrees>12.98950167</LongitudeDegrees></Position><AltitudeMeters>49.835</AltitudeMeters><DistanceMeters>2872.60009765625</DistanceMeters><HeartRateBpm><Value>191</Value></HeartRateBpm><Cadence>80</Cadence><SensorState>Present</SensorState><Extensions><TPX xmlns="http://www.garmin.com/xmlschemas/ActivityExtension/v2"><Watts>294</Watts></TPX></Extensions></Trackpoint><Trackpoint xmlns="http://www.garmin.com/xmlschemas/TrainingCenterDatabase/v2"><Time>2026-08-29T07:18:53.055Z</Time><Position><LatitudeDegrees>52.328935</LatitudeDegrees><LongitudeDegrees>12.9895</LongitudeDegrees></Position><AltitudeMeters>49.835</AltitudeMeters><DistanceMeters>2874.800048828125</DistanceMeters><HeartRateBpm><Value>191</Value></HeartRateBpm><Cadence>81</Cadence><SensorState>Present</SensorState><Extensions><TPX xmlns="http://www.garmin.com/xmlschemas/ActivityExtension/v2"><Watts>296</Watts></TPX></Extensions></Trackpoint><Trackpoint xmlns="http://www.garmin.com/xmlschemas/TrainingCenterDatabase/v2"><Time>2026-08-29T07:18:54.055Z</Time><Position><LatitudeDegrees>52.32896333</LatitudeDegrees><LongitudeDegrees>12.98949167</LongitudeDegrees></Position><AltitudeMeters>49.835</AltitudeMeters><DistanceMeters>2876.699951171875</DistanceMeters><HeartRateBpm><Value>191</Value></HeartRateBpm><Cadence>81</Cadence><SensorState>Present</SensorState><Extensions><TPX xmlns="http://www.garmin.com/xmlschemas/ActivityExtension/v2"><Watts>300</Watts></TPX></Extensions></Trackpoint><Trackpoint xmlns="http://www.garmin.com/xmlschemas/TrainingCenterDatabase/v2"><Time>2026-08-29T07:18:55.055Z</Time><Position><LatitudeDegrees>52.32898667</LatitudeDegrees><LongitudeDegrees>12.98948833</LongitudeDegrees></Position><AltitudeMeters>49.835</AltitudeMeters><DistanceMeters>2879.10009765625</DistanceMeters><HeartRateBpm><Value>191</Value></HeartRateBpm><Cadence>81</Cadence><SensorState>Present</SensorState><Extensions><TPX xmlns="http://www.garmin.com/xmlschemas/ActivityExtension/v2"><Watts>306</Watts></TPX></Extensions></Trackpoint><Trackpoint xmlns="http://www.garmin.com/xmlschemas/TrainingCenterDatabase/v2"><Time>2026-08-29T07:18:56.055Z</Time><Position><LatitudeDegrees>52.32902</LatitudeDegrees><LongitudeDegrees>12.98950167</LongitudeDegrees></Position><AltitudeMeters>49.835</AltitudeMeters><DistanceMeters>2882.0</DistanceMeters><HeartRateBpm><Value>191</Value></HeartRateBpm><Cadence>81</Cadence><SensorState>Present</SensorState><Extensions><TPX xmlns="http://www.garmin.com/xmlschemas/ActivityExtension/v2"><Watts>310</Watts></TPX></Extensions></Trackpoint><Trackpoint xmlns="http://www.garmin.com/xmlschemas/TrainingCenterDatabase/v2"><Time>2026-08-29T07:18:57.055Z</Time><Position><LatitudeDegrees>52.32904667</LatitudeDegrees><LongitudeDegrees>12.98950667</LongitudeDegrees></Position><AltitudeMeters>49.835</AltitudeMeters><DistanceMeters>2884.5</DistanceMeters><HeartRateBpm><Value>191</Value></HeartRateBpm><Cadence>81</Cadence><SensorState>Present</SensorState><Extensions><TPX xmlns="http://www.garmin.com/xmlschemas/ActivityExtension/v2"><Watts>316</Watts></TPX></Extensions></Trackpoint><Trackpoint xmlns="http://www.garmin.com/xmlschemas/TrainingCenterDatabase/v2"><Time>2026-08-29T07:18:58.055Z</Time><Position><LatitudeDegrees>52.32907667</LatitudeDegrees><LongitudeDegrees>12.98952167</LongitudeDegrees></Position><AltitudeMeters>49.835</AltitudeMeters><DistanceMeters>2887.5</DistanceMeters><HeartRateBpm><Value>191</Value></HeartRateBpm><Cadence>81</Cadence><SensorState>Present</SensorState><Extensions><TPX xmlns="http://www.garmin.com/xmlschemas/ActivityExtension/v2"><Watts>324</Watts></TPX></Extensions></Trackpoint><Trackpoint xmlns="http://www.garmin.com/xmlschemas/TrainingCenterDatabase/v2"><Time>2026-08-29T07:18:59.055Z</Time><Position><LatitudeDegrees>52.32911</LatitudeDegrees><LongitudeDegrees>12.98954</LongitudeDegrees></Position><AltitudeMeters>49.835</AltitudeMeters><DistanceMeters>2890.5</DistanceMeters><HeartRateBpm><Value>191</Value></HeartRateBpm><Cadence>81</Cadence><SensorState>Present</SensorState><Extensions><TPX xmlns="http://www.garmin.com/xmlschemas/ActivityExtension/v2"><Watts>338</Watts></TPX></Extensions></Trackpoint><Trackpoint xmlns="http://www.garmin.com/xmlschemas/TrainingCenterDatabase/v2"><Time>2026-08-29T07:19:00.055Z</Time><Position><LatitudeDegrees>52.32913667</LatitudeDegrees><LongitudeDegrees>12.98956333</LongitudeDegrees></Position><AltitudeMeters>49.835</AltitudeMeters><DistanceMeters>2894.0</DistanceMeters><HeartRateBpm><Value>191</Value></HeartRateBpm><Cadence>81</Cadence><SensorState>Present</SensorState><Extensions><TPX xmlns="http://www.garmin.com/xmlschemas/ActivityExtension/v2"><Watts>354</Watts></TPX></Extensions></Trackpoint><Trackpoint xmlns="http://www.garmin.com/xmlschemas/TrainingCenterDatabase/v2"><Time>2026-08-29T07:19:01.055Z</Time><Position><LatitudeDegrees>52.32916</LatitudeDegrees><LongitudeDegrees>12.98958167</LongitudeDegrees></Position><AltitudeMeters>49.835</AltitudeMeters><DistanceMeters>2898.10009765625</DistanceMeters><HeartRateBpm><Value>191</Value></HeartRateBpm><Cadence>80</Cadence><SensorState>Present</SensorState><Extensions><TPX xmlns="http://www.garmin.com/xmlschemas/ActivityExtension/v2"><Watts>368</Watts></TPX></Extensions></Trackpoint><Trackpoint xmlns="http://www.garmin.com/xmlschemas/TrainingCenterDatabase/v2"><Time>2026-08-29T07:19:02.055Z</Time><Position><LatitudeDegrees>52.329185</LatitudeDegrees><LongitudeDegrees>12.98960167</LongitudeDegrees></Position><AltitudeMeters>50.902</AltitudeMeters><DistanceMeters>2901.60009765625</DistanceMeters><HeartRateBpm><Value>192</Value></HeartRateBpm><Cadence>80</Cadence><SensorState>Present</SensorState><Extensions><TPX xmlns="http://www.garmin.com/xmlschemas/ActivityExtension/v2"><Watts>380</Watts></TPX></Extensions></Trackpoint><Trackpoint xmlns="http://www.garmin.com/xmlschemas/TrainingCenterDatabase/v2"><Time>2026-08-29T07:19:03.055Z</Time><Position><LatitudeDegrees>52.329205</LatitudeDegrees><LongitudeDegrees>12.98962667</LongitudeDegrees></Position><AltitudeMeters>50.902</AltitudeMeters><DistanceMeters>2905.39990234375</DistanceMeters><HeartRateBpm><Value>192</Value></HeartRateBpm><Cadence>80</Cadence><SensorState>Present</SensorState><Extensions><TPX xmlns="http://www.garmin.com/xmlschemas/ActivityExtension/v2"><Watts>390</Watts></TPX></Extensions></Trackpoint><Trackpoint xmlns="http://www.garmin.com/xmlschemas/TrainingCenterDatabase/v2"><Time>2026-08-29T07:19:04.055Z</Time><Position><LatitudeDegrees>52.32922667</LatitudeDegrees><LongitudeDegrees>12.98965167</LongitudeDegrees></Position><AltitudeMeters>50.902</AltitudeMeters><DistanceMeters>2908.800048828125</DistanceMeters><HeartRateBpm><Value>192</Value></HeartRateBpm><Cadence>80</Cadence><SensorState>Present</SensorState><Extensions><TPX xmlns="http://www.garmin.com/xmlschemas/ActivityExtension/v2"><Watts>396</Watts></TPX></Extensions></Trackpoint><Trackpoint xmlns="http://www.garmin.com/xmlschemas/TrainingCenterDatabase/v2"><Time>2026-08-29T07:19:05.055Z</Time><Position><LatitudeDegrees>52.32925333</LatitudeDegrees><LongitudeDegrees>12.98967833</LongitudeDegrees></Position><AltitudeMeters>50.902</AltitudeMeters><DistanceMeters>2911.89990234375</DistanceMeters><HeartRateBpm><Value>192</Value></HeartRateBpm><Cadence>81</Cadence><SensorState>Present</SensorState><Extensions><TPX xmlns="http://www.garmin.com/xmlschemas/ActivityExtension/v2"><Watts>402</Watts></TPX></Extensions></Trackpoint><Trackpoint xmlns="http://www.garmin.com/xmlschemas/TrainingCenterDatabase/v2"><Time>2026-08-29T07:19:06.055Z</Time><Position><LatitudeDegrees>52.32928333</LatitudeDegrees><LongitudeDegrees>12.9897</LongitudeDegrees></Position><AltitudeMeters>50.902</AltitudeMeters><DistanceMeters>2915.199951171875</DistanceMeters><HeartRateBpm><Value>192</Value></HeartRateBpm><Cadence>81</Cadence><SensorState>Present</SensorState><Extensions><TPX xmlns="http://www.garmin.com/xmlschemas/ActivityExtension/v2"><Watts>410</Watts></TPX></Extensions></Trackpoint><Trackpoint xmlns="http://www.garmin.com/xmlschemas/TrainingCenterDatabase/v2"><Time>2026-08-29T07:19:07.055Z</Time><Position><LatitudeDegrees>52.32931333</LatitudeDegrees><LongitudeDegrees>12.98972667</LongitudeDegrees></Position><AltitudeMeters>50.902</AltitudeMeters><DistanceMeters>2918.300048828125</DistanceMeters><HeartRateBpm><Value>192</Value></HeartRateBpm><Cadence>81</Cadence><SensorState>Present</SensorState><Extensions><TPX xmlns="http://www.garmin.com/xmlschemas/ActivityExtension/v2"><Watts>422</Watts></TPX></Extensions></Trackpoint><Trackpoint xmlns="http://www.garmin.com/xmlschemas/TrainingCenterDatabase/v2"><Time>2026-08-29T07:19:08.055Z</Time><Position><LatitudeDegrees>52.32934667</LatitudeDegrees><LongitudeDegrees>12.98976</LongitudeDegrees></Position><AltitudeMeters>51.817</AltitudeMeters><DistanceMeters>2921.89990234375</DistanceMeters><HeartRateBpm><Value>192</Value></HeartRateBpm><Cadence>80</Cadence><SensorState>Present</SensorState><Extensions><TPX xmlns="http://www.garmin.com/xmlschemas/ActivityExtension/v2"><Watts>436</Watts></TPX></Extensions></Trackpoint><Trackpoint xmlns="http://www.garmin.com/xmlschemas/TrainingCenterDatabase/v2"><Time>2026-08-29T07:19:09.055Z</Time><Position><LatitudeDegrees>52.32938</LatitudeDegrees><LongitudeDegrees>12.98979167</LongitudeDegrees></Position><AltitudeMeters>51.817</AltitudeMeters><DistanceMeters>2925.39990234375</DistanceMeters><HeartRateBpm><Value>192</Value></HeartRateBpm><Cadence>81</Cadence><SensorState>Present</SensorState><Extensions><TPX xmlns="http://www.garmin.com/xmlschemas/ActivityExtension/v2"><Watts>452</Watts></TPX></Extensions></Trackpoint><Trackpoint xmlns="http://www.garmin.com/xmlschemas/TrainingCenterDatabase/v2"><Time>2026-08-29T07:19:10.055Z</Time><Position><LatitudeDegrees>52.32940833</LatitudeDegrees><LongitudeDegrees>12.98982167</LongitudeDegrees></Position><AltitudeMeters>51.817</AltitudeMeters><DistanceMeters>2929.10009765625</DistanceMeters><HeartRateBpm><Value>192</Value></HeartRateBpm><Cadence>81</Cadence><SensorState>Present</SensorState><Extensions><TPX xmlns="http://www.garmin.com/xmlschemas/ActivityExtension/v2"><Watts>470</Watts></TPX></Extensions></Trackpoint><Trackpoint xmlns="http://www.garmin.com/xmlschemas/TrainingCenterDatabase/v2"><Time>2026-08-29T07:19:11.055Z</Time><Position><LatitudeDegrees>52.32942833</LatitudeDegrees><LongitudeDegrees>12.98984833</LongitudeDegrees></Position><AltitudeMeters>51.817</AltitudeMeters><DistanceMeters>2933.300048828125</DistanceMeters><HeartRateBpm><Value>192</Value></HeartRateBpm><Cadence>81</Cadence><SensorState>Present</SensorState><Extensions><TPX xmlns="http://www.garmin.com/xmlschemas/ActivityExtension/v2"><Watts>484</Watts></TPX></Extensions></Trackpoint><Trackpoint xmlns="http://www.garmin.com/xmlschemas/TrainingCenterDatabase/v2"><Time>2026-08-29T07:19:12.055Z</Time><Position><LatitudeDegrees>52.32945167</LatitudeDegrees><LongitudeDegrees>12.98987833</LongitudeDegrees></Position><AltitudeMeters>51.817</AltitudeMeters><DistanceMeters>2937.60009765625</DistanceMeters><HeartRateBpm><Value>192</Value></HeartRateBpm><Cadence>81</Cadence><SensorState>Present</SensorState><Extensions><TPX xmlns="http://www.garmin.com/xmlschemas/ActivityExtension/v2"><Watts>490</Watts></TPX></Extensions></Trackpoint><Trackpoint xmlns="http://www.garmin.com/xmlschemas/TrainingCenterDatabase/v2"><Time>2026-08-29T07:19:13.055Z</Time><Position><LatitudeDegrees>52.329465</LatitudeDegrees><LongitudeDegrees>12.98989667</LongitudeDegrees></Position><AltitudeMeters>51.817</AltitudeMeters><DistanceMeters>2941.199951171875</DistanceMeters><HeartRateBpm><Value>192</Value></HeartRateBpm><Cadence>80</Cadence><SensorState>Present</SensorState><Extensions><TPX xmlns="http://www.garmin.com/xmlschemas/ActivityExtension/v2"><Watts>488</Watts></TPX></Extensions></Trackpoint><Trackpoint xmlns="http://www.garmin.com/xmlschemas/TrainingCenterDatabase/v2"><Time>2026-08-29T07:19:14.055Z</Time><Position><LatitudeDegrees>52.32948667</LatitudeDegrees><LongitudeDegrees>12.98992</LongitudeDegrees></Position><AltitudeMeters>51.817</AltitudeMeters><DistanceMeters>2945.10009765625</DistanceMeters><HeartRateBpm><Value>192</Value></HeartRateBpm><Cadence>81</Cadence><SensorState>Present</SensorState><Extensions><TPX xmlns="http://www.garmin.com/xmlschemas/ActivityExtension/v2"><Watts>478</Watts></TPX></Extensions></Trackpoint><Trackpoint xmlns="http://www.garmin.com/xmlschemas/TrainingCenterDatabase/v2"><Time>2026-08-29T07:19:15.055Z</Time><Position><LatitudeDegrees>52.329515</LatitudeDegrees><LongitudeDegrees>12.98994667</LongitudeDegrees></Position><AltitudeMeters>51.817</AltitudeMeters><DistanceMeters>2948.10009765625</DistanceMeters><HeartRateBpm><Value>192</Value></HeartRateBpm><Cadence>80</Cadence><SensorState>Present</SensorState><Extensions><TPX xmlns="http://www.garmin.com/xmlschemas/ActivityExtension/v2"><Watts>466</Watts></TPX></Extensions></Trackpoint><Trackpoint xmlns="http://www.garmin.com/xmlschemas/TrainingCenterDatabase/v2"><Time>2026-08-29T07:19:16.055Z</Time><Position><LatitudeDegrees>52.32953833</LatitudeDegrees><LongitudeDegrees>12.98996833</LongitudeDegrees></Position><AltitudeMeters>51.817</AltitudeMeters><DistanceMeters>2951.0</DistanceMeters><HeartRateBpm><Value>193</Value></HeartRateBpm><Cadence>80</Cadence><SensorState>Present</SensorState><Extensions><TPX xmlns="http://www.garmin.com/xmlschemas/ActivityExtension/v2"><Watts>454</Watts></TPX></Extensions></Trackpoint><Trackpoint xmlns="http://www.garmin.com/xmlschemas/TrainingCenterDatabase/v2"><Time>2026-08-29T07:19:17.055Z</Time><Position><LatitudeDegrees>52.32956167</LatitudeDegrees><LongitudeDegrees>12.98999333</LongitudeDegrees></Position><AltitudeMeters>51.817</AltitudeMeters><DistanceMeters>2954.10009765625</DistanceMeters><HeartRateBpm><Value>193</Value></HeartRateBpm><Cadence>80</Cadence><SensorState>Present</SensorState><Extensions><TPX xmlns="http://www.garmin.com/xmlschemas/ActivityExtension/v2"><Watts>444</Watts></TPX></Extensions></Trackpoint><Trackpoint xmlns="http://www.garmin.com/xmlschemas/TrainingCenterDatabase/v2"><Time>2026-08-29T07:19:18.055Z</Time><Position><LatitudeDegrees>52.329585</LatitudeDegrees><LongitudeDegrees>12.99002167</LongitudeDegrees></Position><AltitudeMeters>52.883</AltitudeMeters><DistanceMeters>2956.89990234375</DistanceMeters><HeartRateBpm><Value>193</Value></HeartRateBpm><Cadence>80</Cadence><SensorState>Present</SensorState><Extensions><TPX xmlns="http://www.garmin.com/xmlschemas/ActivityExtension/v2"><Watts>436</Watts></TPX></Extensions></Trackpoint><Trackpoint xmlns="http://www.garmin.com/xmlschemas/TrainingCenterDatabase/v2"><Time>2026-08-29T07:19:19.055Z</Time><Position><LatitudeDegrees>52.32960667</LatitudeDegrees><LongitudeDegrees>12.99005333</LongitudeDegrees></Position><AltitudeMeters>52.883</AltitudeMeters><DistanceMeters>2959.199951171875</DistanceMeters><HeartRateBpm><Value>193</Value></HeartRateBpm><Cadence>80</Cadence><SensorState>Present</SensorState><Extensions><TPX xmlns="http://www.garmin.com/xmlschemas/ActivityExtension/v2"><Watts>428</Watts></TPX></Extensions></Trackpoint><Trackpoint xmlns="http://www.garmin.com/xmlschemas/TrainingCenterDatabase/v2"><Time>2026-08-29T07:19:20.055Z</Time><Position><LatitudeDegrees>52.32963</LatitudeDegrees><LongitudeDegrees>12.99008333</LongitudeDegrees></Position><AltitudeMeters>52.883</AltitudeMeters><DistanceMeters>2961.699951171875</DistanceMeters><HeartRateBpm><Value>193</Value></HeartRateBpm><Cadence>81</Cadence><SensorState>Present</SensorState><Extensions><TPX xmlns="http://www.garmin.com/xmlschemas/ActivityExtension/v2"><Watts>422</Watts></TPX></Extensions></Trackpoint><Trackpoint xmlns="http://www.garmin.com/xmlschemas/TrainingCenterDatabase/v2"><Time>2026-08-29T07:19:21.055Z</Time><Position><LatitudeDegrees>52.32966833</LatitudeDegrees><LongitudeDegrees>12.99012667</LongitudeDegrees></Position><AltitudeMeters>52.883</AltitudeMeters><DistanceMeters>2964.60009765625</DistanceMeters><HeartRateBpm><Value>193</Value></HeartRateBpm><Cadence>81</Cadence><SensorState>Present</SensorState><Extensions><TPX xmlns="http://www.garmin.com/xmlschemas/ActivityExtension/v2"><Watts>418</Watts></TPX></Extensions></Trackpoint><Trackpoint xmlns="http://www.garmin.com/xmlschemas/TrainingCenterDatabase/v2"><Time>2026-08-29T07:19:22.055Z</Time><Position><LatitudeDegrees>52.32970667</LatitudeDegrees><LongitudeDegrees>12.99016833</LongitudeDegrees></Position><AltitudeMeters>52.883</AltitudeMeters><DistanceMeters>2968.0</DistanceMeters><HeartRateBpm><Value>193</Value></HeartRateBpm><Cadence>80</Cadence><SensorState>Present</SensorState><Extensions><TPX xmlns="http://www.garmin.com/xmlschemas/ActivityExtension/v2"><Watts>422</Watts></TPX></Extensions></Trackpoint><Trackpoint xmlns="http://www.garmin.com/xmlschemas/TrainingCenterDatabase/v2"><Time>2026-08-29T07:19:23.055Z</Time><Position><LatitudeDegrees>52.32974167</LatitudeDegrees><LongitudeDegrees>12.99020667</LongitudeDegrees></Position><AltitudeMeters>52.883</AltitudeMeters><DistanceMeters>2972.5</DistanceMeters><HeartRateBpm><Value>193</Value></HeartRateBpm><Cadence>81</Cadence><SensorState>Present</SensorState><Extensions><TPX xmlns="http://www.garmin.com/xmlschemas/ActivityExtension/v2"><Watts>436</Watts></TPX></Extensions></Trackpoint><Trackpoint xmlns="http://www.garmin.com/xmlschemas/TrainingCenterDatabase/v2"><Time>2026-08-29T07:19:24.055Z</Time><Position><LatitudeDegrees>52.32977333</LatitudeDegrees><LongitudeDegrees>12.99024167</LongitudeDegrees></Position><AltitudeMeters>52.883</AltitudeMeters><DistanceMeters>2978.0</DistanceMeters><HeartRateBpm><Value>193</Value></HeartRateBpm><Cadence>81</Cadence><SensorState>Present</SensorState><Extensions><TPX xmlns="http://www.garmin.com/xmlschemas/ActivityExtension/v2"><Watts>452</Watts></TPX></Extensions></Trackpoint><Trackpoint xmlns="http://www.garmin.com/xmlschemas/TrainingCenterDatabase/v2"><Time>2026-08-29T07:19:25.055Z</Time><Position><LatitudeDegrees>52.32979333</LatitudeDegrees><LongitudeDegrees>12.99027667</LongitudeDegrees></Position><AltitudeMeters>52.883</AltitudeMeters><DistanceMeters>2983.10009765625</DistanceMeters><HeartRateBpm><Value>192</Value></HeartRateBpm><Cadence>80</Cadence><SensorState>Present</SensorState><Extensions><TPX xmlns="http://www.garmin.com/xmlschemas/ActivityExtension/v2"><Watts>460</Watts></TPX></Extensions></Trackpoint><Trackpoint xmlns="http://www.garmin.com/xmlschemas/TrainingCenterDatabase/v2"><Time>2026-08-29T07:19:26.055Z</Time><Position><LatitudeDegrees>52.329815</LatitudeDegrees><LongitudeDegrees>12.99031167</LongitudeDegrees></Position><AltitudeMeters>52.883</AltitudeMeters><DistanceMeters>2987.60009765625</DistanceMeters><HeartRateBpm><Value>192</Value></HeartRateBpm><Cadence>80</Cadence><SensorState>Present</SensorState><Extensions><TPX xmlns="http://www.garmin.com/xmlschemas/ActivityExtension/v2"><Watts>462</Watts></TPX></Extensions></Trackpoint><Trackpoint xmlns="http://www.garmin.com/xmlschemas/TrainingCenterDatabase/v2"><Time>2026-08-29T07:19:27.055Z</Time><Position><LatitudeDegrees>52.32983667</LatitudeDegrees><LongitudeDegrees>12.99034667</LongitudeDegrees></Position><AltitudeMeters>52.883</AltitudeMeters><DistanceMeters>2991.89990234375</DistanceMeters><HeartRateBpm><Value>192</Value></HeartRateBpm><Cadence>80</Cadence><SensorState>Present</SensorState><Extensions><TPX xmlns="http://www.garmin.com/xmlschemas/ActivityExtension/v2"><Watts>454</Watts></TPX></Extensions></Trackpoint><Trackpoint xmlns="http://www.garmin.com/xmlschemas/TrainingCenterDatabase/v2"><Time>2026-08-29T07:19:28.055Z</Time><Position><LatitudeDegrees>52.32986</LatitudeDegrees><LongitudeDegrees>12.99037667</LongitudeDegrees></Position><AltitudeMeters>52.883</AltitudeMeters><DistanceMeters>2996.199951171875</DistanceMeters><HeartRateBpm><Value>192</Value></HeartRateBpm><Cadence>80</Cadence><SensorState>Present</SensorState><Extensions><TPX xmlns="http://www.garmin.com/xmlschemas/ActivityExtension/v2"><Watts>442</Watts></TPX></Extensions></Trackpoint><Trackpoint xmlns="http://www.garmin.com/xmlschemas/TrainingCenterDatabase/v2"><Time>2026-08-29T07:19:29.055Z</Time><Position><LatitudeDegrees>52.32988333</LatitudeDegrees><LongitudeDegrees>12.99040667</LongitudeDegrees></Position><AltitudeMeters>52.883</AltitudeMeters><DistanceMeters>3000.300048828125</DistanceMeters><HeartRateBpm><Value>192</Value></HeartRateBpm><Cadence>80</Cadence><SensorState>Present</SensorState><Extensions><TPX xmlns="http://www.garmin.com/xmlschemas/ActivityExtension/v2"><Watts>428</Watts></TPX></Extensions></Trackpoint><Trackpoint xmlns="http://www.garmin.com/xmlschemas/TrainingCenterDatabase/v2"><Time>2026-08-29T07:19:30.055Z</Time><Position><LatitudeDegrees>52.32990667</LatitudeDegrees><LongitudeDegrees>12.990435</LongitudeDegrees></Position><AltitudeMeters>52.883</AltitudeMeters><DistanceMeters>3004.10009765625</DistanceMeters><HeartRateBpm><Value>192</Value></HeartRateBpm><Cadence>81</Cadence><SensorState>Present</SensorState><Extensions><TPX xmlns="http://www.garmin.com/xmlschemas/ActivityExtension/v2"><Watts>416</Watts></TPX></Extensions></Trackpoint><Trackpoint xmlns="http://www.garmin.com/xmlschemas/TrainingCenterDatabase/v2"><Time>2026-08-29T07:19:31.055Z</Time><Position><LatitudeDegrees>52.32993</LatitudeDegrees><LongitudeDegrees>12.99045833</LongitudeDegrees></Position><AltitudeMeters>52.883</AltitudeMeters><DistanceMeters>3007.800048828125</DistanceMeters><HeartRateBpm><Value>192</Value></HeartRateBpm><Cadence>81</Cadence><SensorState>Present</SensorState><Extensions><TPX xmlns="http://www.garmin.com/xmlschemas/ActivityExtension/v2"><Watts>408</Watts></TPX></Extensions></Trackpoint></Track><Extensions xmlns="http://www.garmin.com/xmlschemas/TrainingCenterDatabase/v2"><LX xmlns="http://www.garmin.com/xmlschemas/ActivityExtension/v2"><AvgSpeed>3.0421490139431424</AvgSpeed><AvgWatts>342</AvgWatts><MaxWatts>491</MaxWatts></LX></Extensions></Lap><Lap xmlns="http://www.garmin.com/xmlschemas/TrainingCenterDatabase/v2" StartTime="2026-08-29T07:19:32.055Z"><TotalTimeSeconds>325.0</TotalTimeSeconds><DistanceMeters>1000.0</DistanceMeters><MaximumSpeed>3.57478830549452</MaximumSpeed><Calories>0</Calories><AverageHeartRateBpm><Value>192</Value></AverageHeartRateBpm><MaximumHeartRateBpm><Value>194</Value></MaximumHeartRateBpm><Intensity>Active</Intensity><Cadence>81</Cadence><TriggerMethod>Distance</TriggerMethod><Track><Trackpoint><Time>2026-08-29T07:19:32.055Z</Time><Position><LatitudeDegrees>52.32995167</LatitudeDegrees><LongitudeDegrees>12.990485</LongitudeDegrees></Position><AltitudeMeters>52.883</AltitudeMeters><DistanceMeters>3010.199951171875</DistanceMeters><HeartRateBpm><Value>193</Value></HeartRateBpm><Cadence>81</Cadence><SensorState>Present</SensorState><Extensions><TPX xmlns="http://www.garmin.com/xmlschemas/ActivityExtension/v2"><Watts>400</Watts></TPX></Extensions></Trackpoint><Trackpoint xmlns="http://www.garmin.com/xmlschemas/TrainingCenterDatabase/v2"><Time>2026-08-29T07:19:33.055Z</Time><Position><LatitudeDegrees>52.32997667</LatitudeDegrees><LongitudeDegrees>12.99052</LongitudeDegrees></Position><AltitudeMeters>52.883</AltitudeMeters><DistanceMeters>3012.60009765625</DistanceMeters><HeartRateBpm><Value>193</Value></HeartRateBpm><Cadence>81</Cadence><SensorState>Present</SensorState><Extensions><TPX xmlns="http://www.garmin.com/xmlschemas/ActivityExtension/v2"><Watts>392</Watts></TPX></Extensions></Trackpoint><Trackpoint xmlns="http://www.garmin.com/xmlschemas/TrainingCenterDatabase/v2"><Time>2026-08-29T07:19:34.055Z</Time><Position><LatitudeDegrees>52.32999667</LatitudeDegrees><LongitudeDegrees>12.990545</LongitudeDegrees></Position><AltitudeMeters>51.817</AltitudeMeters><DistanceMeters>3015.0</DistanceMeters><HeartRateBpm><Value>193</Value></HeartRateBpm><Cadence>81</Cadence><SensorState>Present</SensorState><Extensions><TPX xmlns="http://www.garmin.com/xmlschemas/ActivityExtension/v2"><Watts>386</Watts></TPX></Extensions></Trackpoint><Trackpoint xmlns="http://www.garmin.com/xmlschemas/TrainingCenterDatabase/v2"><Time>2026-08-29T07:19:35.055Z</Time><Position><LatitudeDegrees>52.33002</LatitudeDegrees><LongitudeDegrees>12.99058333</LongitudeDegrees></Position><AltitudeMeters>51.817</AltitudeMeters><DistanceMeters>3018.0</DistanceMeters><HeartRateBpm><Value>193</Value></HeartRateBpm><Cadence>81</Cadence><SensorState>Present</SensorState><Extensions><TPX xmlns="http://www.garmin.com/xmlschemas/ActivityExtension/v2"><Watts>382</Watts></TPX></Extensions></Trackpoint><Trackpoint xmlns="http://www.garmin.com/xmlschemas/TrainingCenterDatabase/v2"><Time>2026-08-29T07:19:36.055Z</Time><Position><LatitudeDegrees>52.33003667</LatitudeDegrees><LongitudeDegrees>12.99060667</LongitudeDegrees></Position><AltitudeMeters>51.817</AltitudeMeters><DistanceMeters>3020.89990234375</DistanceMeters><HeartRateBpm><Value>193</Value></HeartRateBpm><Cadence>80</Cadence><SensorState>Present</SensorState><Extensions><TPX xmlns="http://www.garmin.com/xmlschemas/ActivityExtension/v2"><Watts>376</Watts></TPX></Extensions></Trackpoint><Trackpoint xmlns="http://www.garmin.com/xmlschemas/TrainingCenterDatabase/v2"><Time>2026-08-29T07:19:37.055Z</Time><Position><LatitudeDegrees>52.330055</LatitudeDegrees><LongitudeDegrees>12.99063667</LongitudeDegrees></Position><AltitudeMeters>51.817</AltitudeMeters><DistanceMeters>3024.300048828125</DistanceMeters><HeartRateBpm><Value>193</Value></HeartRateBpm><Cadence>80</Cadence><SensorState>Present</SensorState><Extensions><TPX xmlns="http://www.garmin.com/xmlschemas/ActivityExtension/v2"><Watts>374</Watts></TPX></Extensions></Trackpoint><Trackpoint xmlns="http://www.garmin.com/xmlschemas/TrainingCenterDatabase/v2"><Time>2026-08-29T07:19:38.055Z</Time><Position><LatitudeDegrees>52.33007333</LatitudeDegrees><LongitudeDegrees>12.99066667</LongitudeDegrees></Position><AltitudeMeters>51.817</AltitudeMeters><DistanceMeters>3027.0</DistanceMeters><HeartRateBpm><Value>193</Value></HeartRateBpm><Cadence>80</Cadence><SensorState>Present</SensorState><Extensions><TPX xmlns="http://www.garmin.com/xmlschemas/ActivityExtension/v2"><Watts>372</Watts></TPX></Extensions></Trackpoint><Trackpoint xmlns="http://www.garmin.com/xmlschemas/TrainingCenterDatabase/v2"><Time>2026-08-29T07:19:39.055Z</Time><Position><LatitudeDegrees>52.33009333</LatitudeDegrees><LongitudeDegrees>12.99069333</LongitudeDegrees></Position><AltitudeMeters>51.817</AltitudeMeters><DistanceMeters>3029.89990234375</DistanceMeters><HeartRateBpm><Value>193</Value></HeartRateBpm><Cadence>80</Cadence><SensorState>Present</SensorState><Extensions><TPX xmlns="http://www.garmin.com/xmlschemas/ActivityExtension/v2"><Watts>372</Watts></TPX></Extensions></Trackpoint><Trackpoint xmlns="http://www.garmin.com/xmlschemas/TrainingCenterDatabase/v2"><Time>2026-08-29T07:19:40.055Z</Time><Position><LatitudeDegrees>52.330115</LatitudeDegrees><LongitudeDegrees>12.99072</LongitudeDegrees></Position><AltitudeMeters>51.817</AltitudeMeters><DistanceMeters>3032.699951171875</DistanceMeters><HeartRateBpm><Value>193</Value></HeartRateBpm><Cadence>80</Cadence><SensorState>Present</SensorState><Extensions><TPX xmlns="http://www.garmin.com/xmlschemas/ActivityExtension/v2"><Watts>372</Watts></TPX></Extensions></Trackpoint><Trackpoint xmlns="http://www.garmin.com/xmlschemas/TrainingCenterDatabase/v2"><Time>2026-08-29T07:19:41.055Z</Time><Position><LatitudeDegrees>52.33013833</LatitudeDegrees><LongitudeDegrees>12.990755</LongitudeDegrees></Position><AltitudeMeters>51.817</AltitudeMeters><DistanceMeters>3035.60009765625</DistanceMeters><HeartRateBpm><Value>193</Value></HeartRateBpm><Cadence>80</Cadence><SensorState>Present</SensorState><Extensions><TPX xmlns="http://www.garmin.com/xmlschemas/ActivityExtension/v2"><Watts>374</Watts></TPX></Extensions></Trackpoint><Trackpoint xmlns="http://www.garmin.com/xmlschemas/TrainingCenterDatabase/v2"><Time>2026-08-29T07:19:42.055Z</Time><Position><LatitudeDegrees>52.33016167</LatitudeDegrees><LongitudeDegrees>12.99079333</LongitudeDegrees></Position><AltitudeMeters>51.817</AltitudeMeters><DistanceMeters>3038.60009765625</DistanceMeters><HeartRateBpm><Value>193</Value></HeartRateBpm><Cadence>81</Cadence><SensorState>Present</SensorState><Extensions><TPX xmlns="http://www.garmin.com/xmlschemas/ActivityExtension/v2"><Watts>376</Watts></TPX></Extensions></Trackpoint><Trackpoint xmlns="http://www.garmin.com/xmlschemas/TrainingCenterDatabase/v2"><Time>2026-08-29T07:19:43.055Z</Time><Position><LatitudeDegrees>52.33019</LatitudeDegrees><LongitudeDegrees>12.99082667</LongitudeDegrees></Position><AltitudeMeters>51.817</AltitudeMeters><DistanceMeters>3041.89990234375</DistanceMeters><HeartRateBpm><Value>193</Value></HeartRateBpm><Cadence>81</Cadence><SensorState>Present</SensorState><Extensions><TPX xmlns="http://www.garmin.com/xmlschemas/ActivityExtension/v2"><Watts>380</Watts></TPX></Extensions></Trackpoint><Trackpoint xmlns="http://www.garmin.com/xmlschemas/TrainingCenterDatabase/v2"><Time>2026-08-29T07:19:44.055Z</Time><Position><LatitudeDegrees>52.33022333</LatitudeDegrees><LongitudeDegrees>12.99086</LongitudeDegrees></Position><AltitudeMeters>51.817</AltitudeMeters><DistanceMeters>3045.0</DistanceMeters><HeartRateBpm><Value>193</Value></HeartRateBpm><Cadence>81</Cadence><SensorState>Present</SensorState><Extensions><TPX xmlns="http://www.garmin.com/xmlschemas/ActivityExtension/v2"><Watts>386</Watts></TPX></Extensions></Trackpoint><Trackpoint xmlns="http://www.garmin.com/xmlschemas/TrainingCenterDatabase/v2"><Time>2026-08-29T07:19:45.055Z</Time><Position><LatitudeDegrees>52.33025667</LatitudeDegrees><LongitudeDegrees>12.99089667</LongitudeDegrees></Position><AltitudeMeters>51.817</AltitudeMeters><DistanceMeters>3049.0</DistanceMeters><HeartRateBpm><Value>193</Value></HeartRateBpm><Cadence>81</Cadence><SensorState>Present</SensorState><Extensions><TPX xmlns="http://www.garmin.com/xmlschemas/ActivityExtension/v2"><Watts>396</Watts></TPX></Extensions></Trackpoint><Trackpoint xmlns="http://www.garmin.com/xmlschemas/TrainingCenterDatabase/v2"><Time>2026-08-29T07:19:46.055Z</Time><Position><LatitudeDegrees>52.33027833</LatitudeDegrees><LongitudeDegrees>12.99093167</LongitudeDegrees></Position><AltitudeMeters>51.817</AltitudeMeters><DistanceMeters>3052.699951171875</DistanceMeters><HeartRateBpm><Value>193</Value></HeartRateBpm><Cadence>80</Cadence><SensorState>Present</SensorState><Extensions><TPX xmlns="http://www.garmin.com/xmlschemas/ActivityExtension/v2"><Watts>408</Watts></TPX></Extensions></Trackpoint><Trackpoint xmlns="http://www.garmin.com/xmlschemas/TrainingCenterDatabase/v2"><Time>2026-08-29T07:19:47.055Z</Time><Position><LatitudeDegrees>52.3303</LatitudeDegrees><LongitudeDegrees>12.99097333</LongitudeDegrees></Position><AltitudeMeters>51.817</AltitudeMeters><DistanceMeters>3057.5</DistanceMeters><HeartRateBpm><Value>194</Value></HeartRateBpm><Cadence>81</Cadence><SensorState>Present</SensorState><Extensions><TPX xmlns="http://www.garmin.com/xmlschemas/ActivityExtension/v2"><Watts>418</Watts></TPX></Extensions></Trackpoint><Trackpoint xmlns="http://www.garmin.com/xmlschemas/TrainingCenterDatabase/v2"><Time>2026-08-29T07:19:48.055Z</Time><Position><LatitudeDegrees>52.33031333</LatitudeDegrees><LongitudeDegrees>12.991</LongitudeDegrees></Position><AltitudeMeters>51.817</AltitudeMeters><DistanceMeters>3061.5</DistanceMeters><HeartRateBpm><Value>194</Value></HeartRateBpm><Cadence>80</Cadence><SensorState>Present</SensorState><Extensions><TPX xmlns="http://www.garmin.com/xmlschemas/ActivityExtension/v2"><Watts>422</Watts></TPX></Extensions></Trackpoint><Trackpoint xmlns="http://www.garmin.com/xmlschemas/TrainingCenterDatabase/v2"><Time>2026-08-29T07:19:49.055Z</Time><Position><LatitudeDegrees>52.33033167</LatitudeDegrees><LongitudeDegrees>12.99103333</LongitudeDegrees></Position><AltitudeMeters>51.817</AltitudeMeters><DistanceMeters>3065.699951171875</DistanceMeters><HeartRateBpm><Value>194</Value></HeartRateBpm><Cadence>80</Cadence><SensorState>Present</SensorState><Extensions><TPX xmlns="http://www.garmin.com/xmlschemas/ActivityExtension/v2"><Watts>416</Watts></TPX></Extensions></Trackpoint><Trackpoint xmlns="http://www.garmin.com/xmlschemas/TrainingCenterDatabase/v2"><Time>2026-08-29T07:19:50.055Z</Time><Position><LatitudeDegrees>52.330355</LatitudeDegrees><LongitudeDegrees>12.99107333</LongitudeDegrees></Position><AltitudeMeters>51.817</AltitudeMeters><DistanceMeters>3069.10009765625</DistanceMeters><HeartRateBpm><Value>194</Value></HeartRateBpm><Cadence>81</Cadence><SensorState>Present</SensorState><Extensions><TPX xmlns="http://www.garmin.com/xmlschemas/ActivityExtension/v2"><Watts>412</Watts></TPX></Extensions></Trackpoint><Trackpoint xmlns="http://www.garmin.com/xmlschemas/TrainingCenterDatabase/v2"><Time>2026-08-29T07:19:51.055Z</Time><Position><LatitudeDegrees>52.33037167</LatitudeDegrees><LongitudeDegrees>12.99110167</LongitudeDegrees></Position><AltitudeMeters>51.817</AltitudeMeters><DistanceMeters>3072.699951171875</DistanceMeters><HeartRateBpm><Value>194</Value></HeartRateBpm><Cadence>81</Cadence><SensorState>Present</SensorState><Extensions><TPX xmlns="http://www.garmin.com/xmlschemas/ActivityExtension/v2"><Watts>406</Watts></TPX></Extensions></Trackpoint><Trackpoint xmlns="http://www.garmin.com/xmlschemas/TrainingCenterDatabase/v2"><Time>2026-08-29T07:19:52.055Z</Time><Position><LatitudeDegrees>52.330395</LatitudeDegrees><LongitudeDegrees>12.991135</LongitudeDegrees></Position><AltitudeMeters>51.817</AltitudeMeters><DistanceMeters>3076.199951171875</DistanceMeters><HeartRateBpm><Value>194</Value></HeartRateBpm><Cadence>81</Cadence><SensorState>Present</SensorState><Extensions><TPX xmlns="http://www.garmin.com/xmlschemas/ActivityExtension/v2"><Watts>398</Watts></TPX></Extensions></Trackpoint><Trackpoint xmlns="http://www.garmin.com/xmlschemas/TrainingCenterDatabase/v2"><Time>2026-08-29T07:19:53.055Z</Time><Position><LatitudeDegrees>52.33042667</LatitudeDegrees><LongitudeDegrees>12.99117</LongitudeDegrees></Position><AltitudeMeters>51.817</AltitudeMeters><DistanceMeters>3079.0</DistanceMeters><HeartRateBpm><Value>194</Value></HeartRateBpm><Cadence>81</Cadence><SensorState>Present</SensorState><Extensions><TPX xmlns="http://www.garmin.com/xmlschemas/ActivityExtension/v2"><Watts>392</Watts></TPX></Extensions></Trackpoint><Trackpoint xmlns="http://www.garmin.com/xmlschemas/TrainingCenterDatabase/v2"><Time>2026-08-29T07:19:54.055Z</Time><Position><LatitudeDegrees>52.330455</LatitudeDegrees><LongitudeDegrees>12.991205</LongitudeDegrees></Position><AltitudeMeters>50.902</AltitudeMeters><DistanceMeters>3082.10009765625</DistanceMeters><HeartRateBpm><Value>194</Value></HeartRateBpm><Cadence>80</Cadence><SensorState>Present</SensorState><Extensions><TPX xmlns="http://www.garmin.com/xmlschemas/ActivityExtension/v2"><Watts>392</Watts></TPX></Extensions></Trackpoint><Trackpoint xmlns="http://www.garmin.com/xmlschemas/TrainingCenterDatabase/v2"><Time>2026-08-29T07:19:55.055Z</Time><Position><LatitudeDegrees>52.33047667</LatitudeDegrees><LongitudeDegrees>12.99122667</LongitudeDegrees></Position><AltitudeMeters>50.902</AltitudeMeters><DistanceMeters>3085.5</DistanceMeters><HeartRateBpm><Value>194</Value></HeartRateBpm><Cadence>81</Cadence><SensorState>Present</SensorState><Extensions><TPX xmlns="http://www.garmin.com/xmlschemas/ActivityExtension/v2"><Watts>392</Watts></TPX></Extensions></Trackpoint><Trackpoint xmlns="http://www.garmin.com/xmlschemas/TrainingCenterDatabase/v2"><Time>2026-08-29T07:19:56.055Z</Time><Position><LatitudeDegrees>52.33049167</LatitudeDegrees><LongitudeDegrees>12.991235</LongitudeDegrees></Position><AltitudeMeters>50.902</AltitudeMeters><DistanceMeters>3088.699951171875</DistanceMeters><HeartRateBpm><Value>194</Value></HeartRateBpm><Cadence>80</Cadence><SensorState>Present</SensorState><Extensions><TPX xmlns="http://www.garmin.com/xmlschemas/ActivityExtension/v2"><Watts>388</Watts></TPX></Extensions></Trackpoint><Trackpoint xmlns="http://www.garmin.com/xmlschemas/TrainingCenterDatabase/v2"><Time>2026-08-29T07:19:57.055Z</Time><Position><LatitudeDegrees>52.33050667</LatitudeDegrees><LongitudeDegrees>12.99124667</LongitudeDegrees></Position><AltitudeMeters>50.902</AltitudeMeters><DistanceMeters>3091.699951171875</DistanceMeters><HeartRateBpm><Value>194</Value></HeartRateBpm><Cadence>81</Cadence><SensorState>Present</SensorState><Extensions><TPX xmlns="http://www.garmin.com/xmlschemas/ActivityExtension/v2"><Watts>374</Watts></TPX></Extensions></Trackpoint><Trackpoint xmlns="http://www.garmin.com/xmlschemas/TrainingCenterDatabase/v2"><Time>2026-08-29T07:19:58.055Z</Time><Position><LatitudeDegrees>52.33052333</LatitudeDegrees><LongitudeDegrees>12.99125667</LongitudeDegrees></Position><AltitudeMeters>50.902</AltitudeMeters><DistanceMeters>3093.800048828125</DistanceMeters><HeartRateBpm><Value>194</Value></HeartRateBpm><Cadence>81</Cadence><SensorState>Present</SensorState><Extensions><TPX xmlns="http://www.garmin.com/xmlschemas/ActivityExtension/v2"><Watts>348</Watts></TPX></Extensions></Trackpoint><Trackpoint xmlns="http://www.garmin.com/xmlschemas/TrainingCenterDatabase/v2"><Time>2026-08-29T07:19:59.055Z</Time><Position><LatitudeDegrees>52.33055167</LatitudeDegrees><LongitudeDegrees>12.99127333</LongitudeDegrees></Position><AltitudeMeters>50.902</AltitudeMeters><DistanceMeters>3096.39990234375</DistanceMeters><HeartRateBpm><Value>193</Value></HeartRateBpm><Cadence>81</Cadence><SensorState>Present</SensorState><Extensions><TPX xmlns="http://www.garmin.com/xmlschemas/ActivityExtension/v2"><Watts>326</Watts></TPX></Extensions></Trackpoint><Trackpoint xmlns="http://www.garmin.com/xmlschemas/TrainingCenterDatabase/v2"><Time>2026-08-29T07:20:00.055Z</Time><Position><LatitudeDegrees>52.33057333</LatitudeDegrees><LongitudeDegrees>12.991285</LongitudeDegrees></Position><AltitudeMeters>50.902</AltitudeMeters><DistanceMeters>3098.60009765625</DistanceMeters><HeartRateBpm><Value>194</Value></HeartRateBpm><Cadence>81</Cadence><SensorState>Present</SensorState><Extensions><TPX xmlns="http://www.garmin.com/xmlschemas/ActivityExtension/v2"><Watts>316</Watts></TPX></Extensions></Trackpoint><Trackpoint xmlns="http://www.garmin.com/xmlschemas/TrainingCenterDatabase/v2"><Time>2026-08-29T07:20:01.055Z</Time><Position><LatitudeDegrees>52.33059667</LatitudeDegrees><LongitudeDegrees>12.99129833</LongitudeDegrees></Position><AltitudeMeters>50.902</AltitudeMeters><DistanceMeters>3101.10009765625</DistanceMeters><HeartRateBpm><Value>193</Value></HeartRateBpm><Cadence>80</Cadence><SensorState>Present</SensorState><Extensions><TPX xmlns="http://www.garmin.com/xmlschemas/ActivityExtension/v2"><Watts>310</Watts></TPX></Extensions></Trackpoint><Trackpoint xmlns="http://www.garmin.com/xmlschemas/TrainingCenterDatabase/v2"><Time>2026-08-29T07:20:02.055Z</Time><Position><LatitudeDegrees>52.33062167</LatitudeDegrees><LongitudeDegrees>12.99130667</LongitudeDegrees></Position><AltitudeMeters>49.835</AltitudeMeters><DistanceMeters>3103.60009765625</DistanceMeters><HeartRateBpm><Value>193</Value></HeartRateBpm><Cadence>80</Cadence><SensorState>Present</SensorState><Extensions><TPX xmlns="http://www.garmin.com/xmlschemas/ActivityExtension/v2"><Watts>310</Watts></TPX></Extensions></Trackpoint><Trackpoint xmlns="http://www.garmin.com/xmlschemas/TrainingCenterDatabase/v2"><Time>2026-08-29T07:20:03.055Z</Time><Position><LatitudeDegrees>52.33064667</LatitudeDegrees><LongitudeDegrees>12.99131833</LongitudeDegrees></Position><AltitudeMeters>49.835</AltitudeMeters><DistanceMeters>3105.800048828125</DistanceMeters><HeartRateBpm><Value>193</Value></HeartRateBpm><Cadence>80</Cadence><SensorState>Present</SensorState><Extensions><TPX xmlns="http://www.garmin.com/xmlschemas/ActivityExtension/v2"><Watts>312</Watts></TPX></Extensions></Trackpoint><Trackpoint xmlns="http://www.garmin.com/xmlschemas/TrainingCenterDatabase/v2"><Time>2026-08-29T07:20:04.055Z</Time><Position><LatitudeDegrees>52.33067333</LatitudeDegrees><LongitudeDegrees>12.99133333</LongitudeDegrees></Position><AltitudeMeters>49.835</AltitudeMeters><DistanceMeters>3107.699951171875</DistanceMeters><HeartRateBpm><Value>193</Value></HeartRateBpm><Cadence>80</Cadence><SensorState>Present</SensorState><Extensions><TPX xmlns="http://www.garmin.com/xmlschemas/ActivityExtension/v2"><Watts>314</Watts></TPX></Extensions></Trackpoint><Trackpoint xmlns="http://www.garmin.com/xmlschemas/TrainingCenterDatabase/v2"><Time>2026-08-29T07:20:05.055Z</Time><Position><LatitudeDegrees>52.33069833</LatitudeDegrees><LongitudeDegrees>12.99135167</LongitudeDegrees></Position><AltitudeMeters>49.835</AltitudeMeters><DistanceMeters>3109.89990234375</DistanceMeters><HeartRateBpm><Value>193</Value></HeartRateBpm><Cadence>80</Cadence><SensorState>Present</SensorState><Extensions><TPX xmlns="http://www.garmin.com/xmlschemas/ActivityExtension/v2"><Watts>320</Watts></TPX></Extensions></Trackpoint><Trackpoint xmlns="http://www.garmin.com/xmlschemas/TrainingCenterDatabase/v2"><Time>2026-08-29T07:20:06.055Z</Time><Position><LatitudeDegrees>52.33073</LatitudeDegrees><LongitudeDegrees>12.99137167</LongitudeDegrees></Position><AltitudeMeters>49.835</AltitudeMeters><DistanceMeters>3112.800048828125</DistanceMeters><HeartRateBpm><Value>193</Value></HeartRateBpm><Cadence>80</Cadence><SensorState>Present</SensorState><Extensions><TPX xmlns="http://www.garmin.com/xmlschemas/ActivityExtension/v2"><Watts>326</Watts></TPX></Extensions></Trackpoint><Trackpoint xmlns="http://www.garmin.com/xmlschemas/TrainingCenterDatabase/v2"><Time>2026-08-29T07:20:07.055Z</Time><Position><LatitudeDegrees>52.33076167</LatitudeDegrees><LongitudeDegrees>12.99139333</LongitudeDegrees></Position><AltitudeMeters>49.835</AltitudeMeters><DistanceMeters>3116.39990234375</DistanceMeters><HeartRateBpm><Value>193</Value></HeartRateBpm><Cadence>80</Cadence><SensorState>Present</SensorState><Extensions><TPX xmlns="http://www.garmin.com/xmlschemas/ActivityExtension/v2"><Watts>330</Watts></TPX></Extensions></Trackpoint><Trackpoint xmlns="http://www.garmin.com/xmlschemas/TrainingCenterDatabase/v2"><Time>2026-08-29T07:20:08.055Z</Time><Position><LatitudeDegrees>52.33079167</LatitudeDegrees><LongitudeDegrees>12.99141667</LongitudeDegrees></Position><AltitudeMeters>49.835</AltitudeMeters><DistanceMeters>3120.39990234375</DistanceMeters><HeartRateBpm><Value>193</Value></HeartRateBpm><Cadence>81</Cadence><SensorState>Present</SensorState><Extensions><TPX xmlns="http://www.garmin.com/xmlschemas/ActivityExtension/v2"><Watts>338</Watts></TPX></Extensions></Trackpoint><Trackpoint xmlns="http://www.garmin.com/xmlschemas/TrainingCenterDatabase/v2"><Time>2026-08-29T07:20:09.055Z</Time><Position><LatitudeDegrees>52.33082167</LatitudeDegrees><LongitudeDegrees>12.991445</LongitudeDegrees></Position><AltitudeMeters>49.835</AltitudeMeters><DistanceMeters>3124.699951171875</DistanceMeters><HeartRateBpm><Value>193</Value></HeartRateBpm><Cadence>81</Cadence><SensorState>Present</SensorState><Extensions><TPX xmlns="http://www.garmin.com/xmlschemas/ActivityExtension/v2"><Watts>348</Watts></TPX></Extensions></Trackpoint><Trackpoint xmlns="http://www.garmin.com/xmlschemas/TrainingCenterDatabase/v2"><Time>2026-08-29T07:20:10.055Z</Time><Position><LatitudeDegrees>52.330845</LatitudeDegrees><LongitudeDegrees>12.99146833</LongitudeDegrees></Position><AltitudeMeters>49.835</AltitudeMeters><DistanceMeters>3128.300048828125</DistanceMeters><HeartRateBpm><Value>193</Value></HeartRateBpm><Cadence>81</Cadence><SensorState>Present</SensorState><Extensions><TPX xmlns="http://www.garmin.com/xmlschemas/ActivityExtension/v2"><Watts>358</Watts></TPX></Extensions></Trackpoint><Trackpoint xmlns="http://www.garmin.com/xmlschemas/TrainingCenterDatabase/v2"><Time>2026-08-29T07:20:11.055Z</Time><Position><LatitudeDegrees>52.33086833</LatitudeDegrees><LongitudeDegrees>12.99150167</LongitudeDegrees></Position><AltitudeMeters>49.835</AltitudeMeters><DistanceMeters>3132.39990234375</DistanceMeters><HeartRateBpm><Value>193</Value></HeartRateBpm><Cadence>80</Cadence><SensorState>Present</SensorState><Extensions><TPX xmlns="http://www.garmin.com/xmlschemas/ActivityExtension/v2"><Watts>360</Watts></TPX></Extensions></Trackpoint><Trackpoint xmlns="http://www.garmin.com/xmlschemas/TrainingCenterDatabase/v2"><Time>2026-08-29T07:20:12.055Z</Time><Position><LatitudeDegrees>52.330895</LatitudeDegrees><LongitudeDegrees>12.99153833</LongitudeDegrees></Position><AltitudeMeters>49.835</AltitudeMeters><DistanceMeters>3136.10009765625</DistanceMeters><HeartRateBpm><Value>193</Value></HeartRateBpm><Cadence>80</Cadence><SensorState>Present</SensorState><Extensions><TPX xmlns="http://www.garmin.com/xmlschemas/ActivityExtension/v2"><Watts>360</Watts></TPX></Extensions></Trackpoint><Trackpoint xmlns="http://www.garmin.com/xmlschemas/TrainingCenterDatabase/v2"><Time>2026-08-29T07:20:13.055Z</Time><Position><LatitudeDegrees>52.33092</LatitudeDegrees><LongitudeDegrees>12.991575</LongitudeDegrees></Position><AltitudeMeters>49.835</AltitudeMeters><DistanceMeters>3139.89990234375</DistanceMeters><HeartRateBpm><Value>193</Value></HeartRateBpm><Cadence>80</Cadence><SensorState>Present</SensorState><Extensions><TPX xmlns="http://www.garmin.com/xmlschemas/ActivityExtension/v2"><Watts>358</Watts></TPX></Extensions></Trackpoint><Trackpoint xmlns="http://www.garmin.com/xmlschemas/TrainingCenterDatabase/v2"><Time>2026-08-29T07:20:14.055Z</Time><Position><LatitudeDegrees>52.33094</LatitudeDegrees><LongitudeDegrees>12.99161667</LongitudeDegrees></Position><AltitudeMeters>49.835</AltitudeMeters><DistanceMeters>3144.0</DistanceMeters><HeartRateBpm><Value>193</Value></HeartRateBpm><Cadence>80</Cadence><SensorState>Present</SensorState><Extensions><TPX xmlns="http://www.garmin.com/xmlschemas/ActivityExtension/v2"><Watts>358</Watts></TPX></Extensions></Trackpoint><Trackpoint xmlns="http://www.garmin.com/xmlschemas/TrainingCenterDatabase/v2"><Time>2026-08-29T07:20:15.055Z</Time><Position><LatitudeDegrees>52.330975</LatitudeDegrees><LongitudeDegrees>12.99166667</LongitudeDegrees></Position><AltitudeMeters>49.835</AltitudeMeters><DistanceMeters>3147.89990234375</DistanceMeters><HeartRateBpm><Value>193</Value></HeartRateBpm><Cadence>81</Cadence><SensorState>Present</SensorState><Extensions><TPX xmlns="http://www.garmin.com/xmlschemas/ActivityExtension/v2"><Watts>362</Watts></TPX></Extensions></Trackpoint><Trackpoint xmlns="http://www.garmin.com/xmlschemas/TrainingCenterDatabase/v2"><Time>2026-08-29T07:20:16.055Z</Time><Position><LatitudeDegrees>52.331</LatitudeDegrees><LongitudeDegrees>12.99169833</LongitudeDegrees></Position><AltitudeMeters>49.835</AltitudeMeters><DistanceMeters>3151.89990234375</DistanceMeters><HeartRateBpm><Value>193</Value></HeartRateBpm><Cadence>81</Cadence><SensorState>Present</SensorState><Extensions><TPX xmlns="http://www.garmin.com/xmlschemas/ActivityExtension/v2"><Watts>366</Watts></TPX></Extensions></Trackpoint><Trackpoint xmlns="http://www.garmin.com/xmlschemas/TrainingCenterDatabase/v2"><Time>2026-08-29T07:20:17.055Z</Time><Position><LatitudeDegrees>52.33103167</LatitudeDegrees><LongitudeDegrees>12.991735</LongitudeDegrees></Position><AltitudeMeters>49.835</AltitudeMeters><DistanceMeters>3156.300048828125</DistanceMeters><HeartRateBpm><Value>193</Value></HeartRateBpm><Cadence>81</Cadence><SensorState>Present</SensorState><Extensions><TPX xmlns="http://www.garmin.com/xmlschemas/ActivityExtension/v2"><Watts>370</Watts></TPX></Extensions></Trackpoint><Trackpoint xmlns="http://www.garmin.com/xmlschemas/TrainingCenterDatabase/v2"><Time>2026-08-29T07:20:18.055Z</Time><Position><LatitudeDegrees>52.33105667</LatitudeDegrees><LongitudeDegrees>12.99175167</LongitudeDegrees></Position><AltitudeMeters>48.769</AltitudeMeters><DistanceMeters>3160.0</DistanceMeters><HeartRateBpm><Value>193</Value></HeartRateBpm><Cadence>81</Cadence><SensorState>Present</SensorState><Extensions><TPX xmlns="http://www.garmin.com/xmlschemas/ActivityExtension/v2"><Watts>376</Watts></TPX></Extensions></Trackpoint><Trackpoint xmlns="http://www.garmin.com/xmlschemas/TrainingCenterDatabase/v2"><Time>2026-08-29T07:20:19.055Z</Time><Position><LatitudeDegrees>52.33107167</LatitudeDegrees><LongitudeDegrees>12.99176167</LongitudeDegrees></Position><AltitudeMeters>48.769</AltitudeMeters><DistanceMeters>3164.300048828125</DistanceMeters><HeartRateBpm><Value>193</Value></HeartRateBpm><Cadence>80</Cadence><SensorState>Present</SensorState><Extensions><TPX xmlns="http://www.garmin.com/xmlschemas/ActivityExtension/v2"><Watts>376</Watts></TPX></Extensions></Trackpoint><Trackpoint xmlns="http://www.garmin.com/xmlschemas/TrainingCenterDatabase/v2"><Time>2026-08-29T07:20:20.055Z</Time><Position><LatitudeDegrees>52.33109333</LatitudeDegrees><LongitudeDegrees>12.991755</LongitudeDegrees></Position><AltitudeMeters>48.769</AltitudeMeters><DistanceMeters>3167.60009765625</DistanceMeters><HeartRateBpm><Value>193</Value></HeartRateBpm><Cadence>81</Cadence><SensorState>Present</SensorState><Extensions><TPX xmlns="http://www.garmin.com/xmlschemas/ActivityExtension/v2"><Watts>370</Watts></TPX></Extensions></Trackpoint><Trackpoint xmlns="http://www.garmin.com/xmlschemas/TrainingCenterDatabase/v2"><Time>2026-08-29T07:20:21.055Z</Time><Position><LatitudeDegrees>52.33111667</LatitudeDegrees><LongitudeDegrees>12.99175833</LongitudeDegrees></Position><AltitudeMeters>48.769</AltitudeMeters><DistanceMeters>3170.5</DistanceMeters><HeartRateBpm><Value>193</Value></HeartRateBpm><Cadence>81</Cadence><SensorState>Present</SensorState><Extensions><TPX xmlns="http://www.garmin.com/xmlschemas/ActivityExtension/v2"><Watts>356</Watts></TPX></Extensions></Trackpoint><Trackpoint xmlns="http://www.garmin.com/xmlschemas/TrainingCenterDatabase/v2"><Time>2026-08-29T07:20:22.055Z</Time><Position><LatitudeDegrees>52.33113833</LatitudeDegrees><LongitudeDegrees>12.99175667</LongitudeDegrees></Position><AltitudeMeters>48.769</AltitudeMeters><DistanceMeters>3173.10009765625</DistanceMeters><HeartRateBpm><Value>193</Value></HeartRateBpm><Cadence>81</Cadence><SensorState>Present</SensorState><Extensions><TPX xmlns="http://www.garmin.com/xmlschemas/ActivityExtension/v2"><Watts>338</Watts></TPX></Extensions></Trackpoint><Trackpoint xmlns="http://www.garmin.com/xmlschemas/TrainingCenterDatabase/v2"><Time>2026-08-29T07:20:23.055Z</Time><Position><LatitudeDegrees>52.33116167</LatitudeDegrees><LongitudeDegrees>12.99176167</LongitudeDegrees></Position><AltitudeMeters>48.769</AltitudeMeters><DistanceMeters>3175.39990234375</DistanceMeters><HeartRateBpm><Value>193</Value></HeartRateBpm><Cadence>81</Cadence><SensorState>Present</SensorState><Extensions><TPX xmlns="http://www.garmin.com/xmlschemas/ActivityExtension/v2"><Watts>320</Watts></TPX></Extensions></Trackpoint><Trackpoint xmlns="http://www.garmin.com/xmlschemas/TrainingCenterDatabase/v2"><Time>2026-08-29T07:20:24.055Z</Time><Position><LatitudeDegrees>52.33118333</LatitudeDegrees><LongitudeDegrees>12.99176833</LongitudeDegrees></Position><AltitudeMeters>47.854</AltitudeMeters><DistanceMeters>3177.39990234375</DistanceMeters><HeartRateBpm><Value>193</Value></HeartRateBpm><Cadence>81</Cadence><SensorState>Present</SensorState><Extensions><TPX xmlns="http://www.garmin.com/xmlschemas/ActivityExtension/v2"><Watts>306</Watts></TPX></Extensions></Trackpoint><Trackpoint xmlns="http://www.garmin.com/xmlschemas/TrainingCenterDatabase/v2"><Time>2026-08-29T07:20:25.055Z</Time><Position><LatitudeDegrees>52.33120833</LatitudeDegrees><LongitudeDegrees>12.99177667</LongitudeDegrees></Position><AltitudeMeters>47.854</AltitudeMeters><DistanceMeters>3179.60009765625</DistanceMeters><HeartRateBpm><Value>193</Value></HeartRateBpm><Cadence>81</Cadence><SensorState>Present</SensorState><Extensions><TPX xmlns="http://www.garmin.com/xmlschemas/ActivityExtension/v2"><Watts>294</Watts></TPX></Extensions></Trackpoint><Trackpoint xmlns="http://www.garmin.com/xmlschemas/TrainingCenterDatabase/v2"><Time>2026-08-29T07:20:26.055Z</Time><Position><LatitudeDegrees>52.33123167</LatitudeDegrees><LongitudeDegrees>12.99177833</LongitudeDegrees></Position><AltitudeMeters>47.854</AltitudeMeters><DistanceMeters>3180.5</DistanceMeters><HeartRateBpm><Value>193</Value></HeartRateBpm><Cadence>80</Cadence><SensorState>Present</SensorState><Extensions><TPX xmlns="http://www.garmin.com/xmlschemas/ActivityExtension/v2"><Watts>284</Watts></TPX></Extensions></Trackpoint><Trackpoint xmlns="http://www.garmin.com/xmlschemas/TrainingCenterDatabase/v2"><Time>2026-08-29T07:20:27.055Z</Time><Position><LatitudeDegrees>52.33125667</LatitudeDegrees><LongitudeDegrees>12.99177833</LongitudeDegrees></Position><AltitudeMeters>47.854</AltitudeMeters><DistanceMeters>3182.699951171875</DistanceMeters><HeartRateBpm><Value>193</Value></HeartRateBpm><Cadence>81</Cadence><SensorState>Present</SensorState><Extensions><TPX xmlns="http://www.garmin.com/xmlschemas/ActivityExtension/v2"><Watts>278</Watts></TPX></Extensions></Trackpoint><Trackpoint xmlns="http://www.garmin.com/xmlschemas/TrainingCenterDatabase/v2"><Time>2026-08-29T07:20:28.055Z</Time><Position><LatitudeDegrees>52.33128167</LatitudeDegrees><LongitudeDegrees>12.991775</LongitudeDegrees></Position><AltitudeMeters>46.787</AltitudeMeters><DistanceMeters>3184.5</DistanceMeters><HeartRateBpm><Value>193</Value></HeartRateBpm><Cadence>80</Cadence><SensorState>Present</SensorState><Extensions><TPX xmlns="http://www.garmin.com/xmlschemas/ActivityExtension/v2"><Watts>278</Watts></TPX></Extensions></Trackpoint><Trackpoint xmlns="http://www.garmin.com/xmlschemas/TrainingCenterDatabase/v2"><Time>2026-08-29T07:20:29.055Z</Time><Position><LatitudeDegrees>52.33131167</LatitudeDegrees><LongitudeDegrees>12.99176667</LongitudeDegrees></Position><AltitudeMeters>46.787</AltitudeMeters><DistanceMeters>3186.89990234375</DistanceMeters><HeartRateBpm><Value>193</Value></HeartRateBpm><Cadence>81</Cadence><SensorState>Present</SensorState><Extensions><TPX xmlns="http://www.garmin.com/xmlschemas/ActivityExtension/v2"><Watts>278</Watts></TPX></Extensions></Trackpoint><Trackpoint xmlns="http://www.garmin.com/xmlschemas/TrainingCenterDatabase/v2"><Time>2026-08-29T07:20:30.055Z</Time><Position><LatitudeDegrees>52.33133</LatitudeDegrees><LongitudeDegrees>12.99175667</LongitudeDegrees></Position><AltitudeMeters>46.787</AltitudeMeters><DistanceMeters>3190.199951171875</DistanceMeters><HeartRateBpm><Value>192</Value></HeartRateBpm><Cadence>81</Cadence><SensorState>Present</SensorState><Extensions><TPX xmlns="http://www.garmin.com/xmlschemas/ActivityExtension/v2"><Watts>278</Watts></TPX></Extensions></Trackpoint><Trackpoint xmlns="http://www.garmin.com/xmlschemas/TrainingCenterDatabase/v2"><Time>2026-08-29T07:20:31.055Z</Time><Position><LatitudeDegrees>52.33135333</LatitudeDegrees><LongitudeDegrees>12.99173333</LongitudeDegrees></Position><AltitudeMeters>46.787</AltitudeMeters><DistanceMeters>3193.5</DistanceMeters><HeartRateBpm><Value>192</Value></HeartRateBpm><Cadence>81</Cadence><SensorState>Present</SensorState><Extensions><TPX xmlns="http://www.garmin.com/xmlschemas/ActivityExtension/v2"><Watts>282</Watts></TPX></Extensions></Trackpoint><Trackpoint xmlns="http://www.garmin.com/xmlschemas/TrainingCenterDatabase/v2"><Time>2026-08-29T07:20:32.055Z</Time><Position><LatitudeDegrees>52.33136667</LatitudeDegrees><LongitudeDegrees>12.99171167</LongitudeDegrees></Position><AltitudeMeters>46.787</AltitudeMeters><DistanceMeters>3195.800048828125</DistanceMeters><HeartRateBpm><Value>192</Value></HeartRateBpm><Cadence>81</Cadence><SensorState>Present</SensorState><Extensions><TPX xmlns="http://www.garmin.com/xmlschemas/ActivityExtension/v2"><Watts>280</Watts></TPX></Extensions></Trackpoint><Trackpoint xmlns="http://www.garmin.com/xmlschemas/TrainingCenterDatabase/v2"><Time>2026-08-29T07:20:33.055Z</Time><Position><LatitudeDegrees>52.33137833</LatitudeDegrees><LongitudeDegrees>12.99168167</LongitudeDegrees></Position><AltitudeMeters>46.787</AltitudeMeters><DistanceMeters>3198.89990234375</DistanceMeters><HeartRateBpm><Value>192</Value></HeartRateBpm><Cadence>81</Cadence><SensorState>Present</SensorState><Extensions><TPX xmlns="http://www.garmin.com/xmlschemas/ActivityExtension/v2"><Watts>274</Watts></TPX></Extensions></Trackpoint><Trackpoint xmlns="http://www.garmin.com/xmlschemas/TrainingCenterDatabase/v2"><Time>2026-08-29T07:20:34.055Z</Time><Position><LatitudeDegrees>52.33139167</LatitudeDegrees><LongitudeDegrees>12.99164667</LongitudeDegrees></Position><AltitudeMeters>45.873</AltitudeMeters><DistanceMeters>3201.0</DistanceMeters><HeartRateBpm><Value>192</Value></HeartRateBpm><Cadence>80</Cadence><SensorState>Present</SensorState><Extensions><TPX xmlns="http://www.garmin.com/xmlschemas/ActivityExtension/v2"><Watts>270</Watts></TPX></Extensions></Trackpoint><Trackpoint xmlns="http://www.garmin.com/xmlschemas/TrainingCenterDatabase/v2"><Time>2026-08-29T07:20:35.055Z</Time><Position><LatitudeDegrees>52.331395</LatitudeDegrees><LongitudeDegrees>12.99162167</LongitudeDegrees></Position><AltitudeMeters>45.873</AltitudeMeters><DistanceMeters>3203.39990234375</DistanceMeters><HeartRateBpm><Value>191</Value></HeartRateBpm><Cadence>80</Cadence><SensorState>Present</SensorState><Extensions><TPX xmlns="http://www.garmin.com/xmlschemas/ActivityExtension/v2"><Watts>266</Watts></TPX></Extensions></Trackpoint><Trackpoint xmlns="http://www.garmin.com/xmlschemas/TrainingCenterDatabase/v2"><Time>2026-08-29T07:20:36.055Z</Time><Position><LatitudeDegrees>52.33140667</LatitudeDegrees><LongitudeDegrees>12.991585</LongitudeDegrees></Position><AltitudeMeters>45.873</AltitudeMeters><DistanceMeters>3206.0</DistanceMeters><HeartRateBpm><Value>192</Value></HeartRateBpm><Cadence>80</Cadence><SensorState>Present</SensorState><Extensions><TPX xmlns="http://www.garmin.com/xmlschemas/ActivityExtension/v2"><Watts>262</Watts></TPX></Extensions></Trackpoint><Trackpoint xmlns="http://www.garmin.com/xmlschemas/TrainingCenterDatabase/v2"><Time>2026-08-29T07:20:37.055Z</Time><Position><LatitudeDegrees>52.33142667</LatitudeDegrees><LongitudeDegrees>12.99154833</LongitudeDegrees></Position><AltitudeMeters>45.873</AltitudeMeters><DistanceMeters>3207.800048828125</DistanceMeters><HeartRateBpm><Value>192</Value></HeartRateBpm><Cadence>80</Cadence><SensorState>Present</SensorState><Extensions><TPX xmlns="http://www.garmin.com/xmlschemas/ActivityExtension/v2"><Watts>262</Watts></TPX></Extensions></Trackpoint><Trackpoint xmlns="http://www.garmin.com/xmlschemas/TrainingCenterDatabase/v2"><Time>2026-08-29T07:20:38.055Z</Time><Position><LatitudeDegrees>52.33143667</LatitudeDegrees><LongitudeDegrees>12.99152167</LongitudeDegrees></Position><AltitudeMeters>45.873</AltitudeMeters><DistanceMeters>3210.10009765625</DistanceMeters><HeartRateBpm><Value>192</Value></HeartRateBpm><Cadence>80</Cadence><SensorState>Present</SensorState><Extensions><TPX xmlns="http://www.garmin.com/xmlschemas/ActivityExtension/v2"><Watts>264</Watts></TPX></Extensions></Trackpoint><Trackpoint xmlns="http://www.garmin.com/xmlschemas/TrainingCenterDatabase/v2"><Time>2026-08-29T07:20:39.055Z</Time><Position><LatitudeDegrees>52.33145</LatitudeDegrees><LongitudeDegrees>12.99148833</LongitudeDegrees></Position><AltitudeMeters>45.873</AltitudeMeters><DistanceMeters>3212.699951171875</DistanceMeters><HeartRateBpm><Value>192</Value></HeartRateBpm><Cadence>80</Cadence><SensorState>Present</SensorState><Extensions><TPX xmlns="http://www.garmin.com/xmlschemas/ActivityExtension/v2"><Watts>268</Watts></TPX></Extensions></Trackpoint><Trackpoint xmlns="http://www.garmin.com/xmlschemas/TrainingCenterDatabase/v2"><Time>2026-08-29T07:20:40.055Z</Time><Position><LatitudeDegrees>52.33146667</LatitudeDegrees><LongitudeDegrees>12.99145333</LongitudeDegrees></Position><AltitudeMeters>45.873</AltitudeMeters><DistanceMeters>3214.699951171875</DistanceMeters><HeartRateBpm><Value>192</Value></HeartRateBpm><Cadence>80</Cadence><SensorState>Present</SensorState><Extensions><TPX xmlns="http://www.garmin.com/xmlschemas/ActivityExtension/v2"><Watts>274</Watts></TPX></Extensions></Trackpoint><Trackpoint xmlns="http://www.garmin.com/xmlschemas/TrainingCenterDatabase/v2"><Time>2026-08-29T07:20:41.055Z</Time><Position><LatitudeDegrees>52.331485</LatitudeDegrees><LongitudeDegrees>12.99141333</LongitudeDegrees></Position><AltitudeMeters>45.873</AltitudeMeters><DistanceMeters>3217.699951171875</DistanceMeters><HeartRateBpm><Value>192</Value></HeartRateBpm><Cadence>80</Cadence><SensorState>Present</SensorState><Extensions><TPX xmlns="http://www.garmin.com/xmlschemas/ActivityExtension/v2"><Watts>280</Watts></TPX></Extensions></Trackpoint><Trackpoint xmlns="http://www.garmin.com/xmlschemas/TrainingCenterDatabase/v2"><Time>2026-08-29T07:20:42.055Z</Time><Position><LatitudeDegrees>52.331495</LatitudeDegrees><LongitudeDegrees>12.99137833</LongitudeDegrees></Position><AltitudeMeters>45.873</AltitudeMeters><DistanceMeters>3220.5</DistanceMeters><HeartRateBpm><Value>192</Value></HeartRateBpm><Cadence>80</Cadence><SensorState>Present</SensorState><Extensions><TPX xmlns="http://www.garmin.com/xmlschemas/ActivityExtension/v2"><Watts>286</Watts></TPX></Extensions></Trackpoint><Trackpoint xmlns="http://www.garmin.com/xmlschemas/TrainingCenterDatabase/v2"><Time>2026-08-29T07:20:43.055Z</Time><Position><LatitudeDegrees>52.33150833</LatitudeDegrees><LongitudeDegrees>12.99134167</LongitudeDegrees></Position><AltitudeMeters>45.873</AltitudeMeters><DistanceMeters>3223.89990234375</DistanceMeters><HeartRateBpm><Value>192</Value></HeartRateBpm><Cadence>80</Cadence><SensorState>Present</SensorState><Extensions><TPX xmlns="http://www.garmin.com/xmlschemas/ActivityExtension/v2"><Watts>290</Watts></TPX></Extensions></Trackpoint><Trackpoint xmlns="http://www.garmin.com/xmlschemas/TrainingCenterDatabase/v2"><Time>2026-08-29T07:20:44.055Z</Time><Position><LatitudeDegrees>52.331525</LatitudeDegrees><LongitudeDegrees>12.99130833</LongitudeDegrees></Position><AltitudeMeters>44.806</AltitudeMeters><DistanceMeters>3226.800048828125</DistanceMeters><HeartRateBpm><Value>192</Value></HeartRateBpm><Cadence>80</Cadence><SensorState>Present</SensorState><Extensions><TPX xmlns="http://www.garmin.com/xmlschemas/ActivityExtension/v2"><Watts>294</Watts></TPX></Extensions></Trackpoint><Trackpoint xmlns="http://www.garmin.com/xmlschemas/TrainingCenterDatabase/v2"><Time>2026-08-29T07:20:45.055Z</Time><Position><LatitudeDegrees>52.33154167</LatitudeDegrees><LongitudeDegrees>12.99128667</LongitudeDegrees></Position><AltitudeMeters>44.806</AltitudeMeters><DistanceMeters>3229.699951171875</DistanceMeters><HeartRateBpm><Value>192</Value></HeartRateBpm><Cadence>81</Cadence><SensorState>Present</SensorState><Extensions><TPX xmlns="http://www.garmin.com/xmlschemas/ActivityExtension/v2"><Watts>296</Watts></TPX></Extensions></Trackpoint><Trackpoint xmlns="http://www.garmin.com/xmlschemas/TrainingCenterDatabase/v2"><Time>2026-08-29T07:20:46.055Z</Time><Position><LatitudeDegrees>52.33155833</LatitudeDegrees><LongitudeDegrees>12.99127333</LongitudeDegrees></Position><AltitudeMeters>44.806</AltitudeMeters><DistanceMeters>3233.300048828125</DistanceMeters><HeartRateBpm><Value>192</Value></HeartRateBpm><Cadence>81</Cadence><SensorState>Present</SensorState><Extensions><TPX xmlns="http://www.garmin.com/xmlschemas/ActivityExtension/v2"><Watts>298</Watts></TPX></Extensions></Trackpoint><Trackpoint xmlns="http://www.garmin.com/xmlschemas/TrainingCenterDatabase/v2"><Time>2026-08-29T07:20:47.055Z</Time><Position><LatitudeDegrees>52.33157667</LatitudeDegrees><LongitudeDegrees>12.991275</LongitudeDegrees></Position><AltitudeMeters>44.806</AltitudeMeters><DistanceMeters>3235.800048828125</DistanceMeters><HeartRateBpm><Value>192</Value></HeartRateBpm><Cadence>81</Cadence><SensorState>Present</SensorState><Extensions><TPX xmlns="http://www.garmin.com/xmlschemas/ActivityExtension/v2"><Watts>296</Watts></TPX></Extensions></Trackpoint><Trackpoint xmlns="http://www.garmin.com/xmlschemas/TrainingCenterDatabase/v2"><Time>2026-08-29T07:20:48.055Z</Time><Position><LatitudeDegrees>52.33159667</LatitudeDegrees><LongitudeDegrees>12.99129667</LongitudeDegrees></Position><AltitudeMeters>44.806</AltitudeMeters><DistanceMeters>3237.699951171875</DistanceMeters><HeartRateBpm><Value>192</Value></HeartRateBpm><Cadence>81</Cadence><SensorState>Present</SensorState><Extensions><TPX xmlns="http://www.garmin.com/xmlschemas/ActivityExtension/v2"><Watts>290</Watts></TPX></Extensions></Trackpoint><Trackpoint xmlns="http://www.garmin.com/xmlschemas/TrainingCenterDatabase/v2"><Time>2026-08-29T07:20:49.055Z</Time><Position><LatitudeDegrees>52.33162</LatitudeDegrees><LongitudeDegrees>12.99132667</LongitudeDegrees></Position><AltitudeMeters>44.806</AltitudeMeters><DistanceMeters>3239.89990234375</DistanceMeters><HeartRateBpm><Value>192</Value></HeartRateBpm><Cadence>81</Cadence><SensorState>Present</SensorState><Extensions><TPX xmlns="http://www.garmin.com/xmlschemas/ActivityExtension/v2"><Watts>284</Watts></TPX></Extensions></Trackpoint><Trackpoint xmlns="http://www.garmin.com/xmlschemas/TrainingCenterDatabase/v2"><Time>2026-08-29T07:20:50.055Z</Time><Position><LatitudeDegrees>52.33164167</LatitudeDegrees><LongitudeDegrees>12.99136167</LongitudeDegrees></Position><AltitudeMeters>44.806</AltitudeMeters><DistanceMeters>3241.60009765625</DistanceMeters><HeartRateBpm><Value>192</Value></HeartRateBpm><Cadence>81</Cadence><SensorState>Present</SensorState><Extensions><TPX xmlns="http://www.garmin.com/xmlschemas/ActivityExtension/v2"><Watts>276</Watts></TPX></Extensions></Trackpoint><Trackpoint xmlns="http://www.garmin.com/xmlschemas/TrainingCenterDatabase/v2"><Time>2026-08-29T07:20:51.055Z</Time><Position><LatitudeDegrees>52.33166167</LatitudeDegrees><LongitudeDegrees>12.99139333</LongitudeDegrees></Position><AltitudeMeters>44.806</AltitudeMeters><DistanceMeters>3243.89990234375</DistanceMeters><HeartRateBpm><Value>191</Value></HeartRateBpm><Cadence>81</Cadence><SensorState>Present</SensorState><Extensions><TPX xmlns="http://www.garmin.com/xmlschemas/ActivityExtension/v2"><Watts>272</Watts></TPX></Extensions></Trackpoint><Trackpoint xmlns="http://www.garmin.com/xmlschemas/TrainingCenterDatabase/v2"><Time>2026-08-29T07:20:52.055Z</Time><Position><LatitudeDegrees>52.33167833</LatitudeDegrees><LongitudeDegrees>12.99142667</LongitudeDegrees></Position><AltitudeMeters>44.806</AltitudeMeters><DistanceMeters>3246.10009765625</DistanceMeters><HeartRateBpm><Value>191</Value></HeartRateBpm><Cadence>80</Cadence><SensorState>Present</SensorState><Extensions><TPX xmlns="http://www.garmin.com/xmlschemas/ActivityExtension/v2"><Watts>274</Watts></TPX></Extensions></Trackpoint><Trackpoint xmlns="http://www.garmin.com/xmlschemas/TrainingCenterDatabase/v2"><Time>2026-08-29T07:20:53.055Z</Time><Position><LatitudeDegrees>52.33169167</LatitudeDegrees><LongitudeDegrees>12.99146</LongitudeDegrees></Position><AltitudeMeters>44.806</AltitudeMeters><DistanceMeters>3248.60009765625</DistanceMeters><HeartRateBpm><Value>191</Value></HeartRateBpm><Cadence>80</Cadence><SensorState>Present</SensorState><Extensions><TPX xmlns="http://www.garmin.com/xmlschemas/ActivityExtension/v2"><Watts>274</Watts></TPX></Extensions></Trackpoint><Trackpoint xmlns="http://www.garmin.com/xmlschemas/TrainingCenterDatabase/v2"><Time>2026-08-29T07:20:54.055Z</Time><Position><LatitudeDegrees>52.33170833</LatitudeDegrees><LongitudeDegrees>12.99150167</LongitudeDegrees></Position><AltitudeMeters>43.892</AltitudeMeters><DistanceMeters>3250.699951171875</DistanceMeters><HeartRateBpm><Value>191</Value></HeartRateBpm><Cadence>80</Cadence><SensorState>Present</SensorState><Extensions><TPX xmlns="http://www.garmin.com/xmlschemas/ActivityExtension/v2"><Watts>266</Watts></TPX></Extensions></Trackpoint><Trackpoint xmlns="http://www.garmin.com/xmlschemas/TrainingCenterDatabase/v2"><Time>2026-08-29T07:20:55.055Z</Time><Position><LatitudeDegrees>52.33172667</LatitudeDegrees><LongitudeDegrees>12.991545</LongitudeDegrees></Position><AltitudeMeters>43.892</AltitudeMeters><DistanceMeters>3253.199951171875</DistanceMeters><HeartRateBpm><Value>190</Value></HeartRateBpm><Cadence>80</Cadence><SensorState>Present</SensorState><Extensions><TPX xmlns="http://www.garmin.com/xmlschemas/ActivityExtension/v2"><Watts>260</Watts></TPX></Extensions></Trackpoint><Trackpoint xmlns="http://www.garmin.com/xmlschemas/TrainingCenterDatabase/v2"><Time>2026-08-29T07:20:56.055Z</Time><Position><LatitudeDegrees>52.33173833</LatitudeDegrees><LongitudeDegrees>12.99158167</LongitudeDegrees></Position><AltitudeMeters>43.892</AltitudeMeters><DistanceMeters>3257.0</DistanceMeters><HeartRateBpm><Value>190</Value></HeartRateBpm><Cadence>80</Cadence><SensorState>Present</SensorState><Extensions><TPX xmlns="http://www.garmin.com/xmlschemas/ActivityExtension/v2"><Watts>256</Watts></TPX></Extensions></Trackpoint><Trackpoint xmlns="http://www.garmin.com/xmlschemas/TrainingCenterDatabase/v2"><Time>2026-08-29T07:20:57.055Z</Time><Position><LatitudeDegrees>52.33174833</LatitudeDegrees><LongitudeDegrees>12.99162667</LongitudeDegrees></Position><AltitudeMeters>43.892</AltitudeMeters><DistanceMeters>3261.199951171875</DistanceMeters><HeartRateBpm><Value>190</Value></HeartRateBpm><Cadence>81</Cadence><SensorState>Present</SensorState><Extensions><TPX xmlns="http://www.garmin.com/xmlschemas/ActivityExtension/v2"><Watts>256</Watts></TPX></Extensions></Trackpoint><Trackpoint xmlns="http://www.garmin.com/xmlschemas/TrainingCenterDatabase/v2"><Time>2026-08-29T07:20:58.055Z</Time><Position><LatitudeDegrees>52.33175833</LatitudeDegrees><LongitudeDegrees>12.99168167</LongitudeDegrees></Position><AltitudeMeters>43.892</AltitudeMeters><DistanceMeters>3264.89990234375</DistanceMeters><HeartRateBpm><Value>190</Value></HeartRateBpm><Cadence>81</Cadence><SensorState>Present</SensorState><Extensions><TPX xmlns="http://www.garmin.com/xmlschemas/ActivityExtension/v2"><Watts>256</Watts></TPX></Extensions></Trackpoint><Trackpoint xmlns="http://www.garmin.com/xmlschemas/TrainingCenterDatabase/v2"><Time>2026-08-29T07:20:59.055Z</Time><Position><LatitudeDegrees>52.33177</LatitudeDegrees><LongitudeDegrees>12.991725</LongitudeDegrees></Position><AltitudeMeters>43.892</AltitudeMeters><DistanceMeters>3268.300048828125</DistanceMeters><HeartRateBpm><Value>190</Value></HeartRateBpm><Cadence>80</Cadence><SensorState>Present</SensorState><Extensions><TPX xmlns="http://www.garmin.com/xmlschemas/ActivityExtension/v2"><Watts>256</Watts></TPX></Extensions></Trackpoint><Trackpoint xmlns="http://www.garmin.com/xmlschemas/TrainingCenterDatabase/v2"><Time>2026-08-29T07:21:00.055Z</Time><Position><LatitudeDegrees>52.33177667</LatitudeDegrees><LongitudeDegrees>12.99176667</LongitudeDegrees></Position><AltitudeMeters>43.892</AltitudeMeters><DistanceMeters>3271.800048828125</DistanceMeters><HeartRateBpm><Value>190</Value></HeartRateBpm><Cadence>80</Cadence><SensorState>Present</SensorState><Extensions><TPX xmlns="http://www.garmin.com/xmlschemas/ActivityExtension/v2"><Watts>260</Watts></TPX></Extensions></Trackpoint><Trackpoint xmlns="http://www.garmin.com/xmlschemas/TrainingCenterDatabase/v2"><Time>2026-08-29T07:21:01.055Z</Time><Position><LatitudeDegrees>52.33178167</LatitudeDegrees><LongitudeDegrees>12.991815</LongitudeDegrees></Position><AltitudeMeters>43.892</AltitudeMeters><DistanceMeters>3275.0</DistanceMeters><HeartRateBpm><Value>190</Value></HeartRateBpm><Cadence>80</Cadence><SensorState>Present</SensorState><Extensions><TPX xmlns="http://www.garmin.com/xmlschemas/ActivityExtension/v2"><Watts>264</Watts></TPX></Extensions></Trackpoint><Trackpoint xmlns="http://www.garmin.com/xmlschemas/TrainingCenterDatabase/v2"><Time>2026-08-29T07:21:02.055Z</Time><Position><LatitudeDegrees>52.331785</LatitudeDegrees><LongitudeDegrees>12.99186</LongitudeDegrees></Position><AltitudeMeters>43.892</AltitudeMeters><DistanceMeters>3278.199951171875</DistanceMeters><HeartRateBpm><Value>190</Value></HeartRateBpm><Cadence>80</Cadence><SensorState>Present</SensorState><Extensions><TPX xmlns="http://www.garmin.com/xmlschemas/ActivityExtension/v2"><Watts>268</Watts></TPX></Extensions></Trackpoint><Trackpoint xmlns="http://www.garmin.com/xmlschemas/TrainingCenterDatabase/v2"><Time>2026-08-29T07:21:03.055Z</Time><Position><LatitudeDegrees>52.331785</LatitudeDegrees><LongitudeDegrees>12.99192</LongitudeDegrees></Position><AltitudeMeters>43.892</AltitudeMeters><DistanceMeters>3281.60009765625</DistanceMeters><HeartRateBpm><Value>191</Value></HeartRateBpm><Cadence>80</Cadence><SensorState>Present</SensorState><Extensions><TPX xmlns="http://www.garmin.com/xmlschemas/ActivityExtension/v2"><Watts>272</Watts></TPX></Extensions></Trackpoint><Trackpoint xmlns="http://www.garmin.com/xmlschemas/TrainingCenterDatabase/v2"><Time>2026-08-29T07:21:04.055Z</Time><Position><LatitudeDegrees>52.33178167</LatitudeDegrees><LongitudeDegrees>12.99197833</LongitudeDegrees></Position><AltitudeMeters>43.892</AltitudeMeters><DistanceMeters>3285.10009765625</DistanceMeters><HeartRateBpm><Value>191</Value></HeartRateBpm><Cadence>81</Cadence><SensorState>Present</SensorState><Extensions><TPX xmlns="http://www.garmin.com/xmlschemas/ActivityExtension/v2"><Watts>276</Watts></TPX></Extensions></Trackpoint><Trackpoint xmlns="http://www.garmin.com/xmlschemas/TrainingCenterDatabase/v2"><Time>2026-08-29T07:21:05.055Z</Time><Position><LatitudeDegrees>52.33177833</LatitudeDegrees><LongitudeDegrees>12.99202833</LongitudeDegrees></Position><AltitudeMeters>43.892</AltitudeMeters><DistanceMeters>3288.800048828125</DistanceMeters><HeartRateBpm><Value>191</Value></HeartRateBpm><Cadence>80</Cadence><SensorState>Present</SensorState><Extensions><TPX xmlns="http://www.garmin.com/xmlschemas/ActivityExtension/v2"><Watts>282</Watts></TPX></Extensions></Trackpoint><Trackpoint xmlns="http://www.garmin.com/xmlschemas/TrainingCenterDatabase/v2"><Time>2026-08-29T07:21:06.055Z</Time><Position><LatitudeDegrees>52.33177167</LatitudeDegrees><LongitudeDegrees>12.992075</LongitudeDegrees></Position><AltitudeMeters>42.825</AltitudeMeters><DistanceMeters>3292.5</DistanceMeters><HeartRateBpm><Value>190</Value></HeartRateBpm><Cadence>80</Cadence><SensorState>Present</SensorState><Extensions><TPX xmlns="http://www.garmin.com/xmlschemas/ActivityExtension/v2"><Watts>294</Watts></TPX></Extensions></Trackpoint><Trackpoint xmlns="http://www.garmin.com/xmlschemas/TrainingCenterDatabase/v2"><Time>2026-08-29T07:21:07.055Z</Time><Position><LatitudeDegrees>52.33176667</LatitudeDegrees><LongitudeDegrees>12.99212333</LongitudeDegrees></Position><AltitudeMeters>42.825</AltitudeMeters><DistanceMeters>3296.300048828125</DistanceMeters><HeartRateBpm><Value>190</Value></HeartRateBpm><Cadence>80</Cadence><SensorState>Present</SensorState><Extensions><TPX xmlns="http://www.garmin.com/xmlschemas/ActivityExtension/v2"><Watts>296</Watts></TPX></Extensions></Trackpoint><Trackpoint xmlns="http://www.garmin.com/xmlschemas/TrainingCenterDatabase/v2"><Time>2026-08-29T07:21:08.055Z</Time><Position><LatitudeDegrees>52.331755</LatitudeDegrees><LongitudeDegrees>12.99216833</LongitudeDegrees></Position><AltitudeMeters>42.825</AltitudeMeters><DistanceMeters>3299.699951171875</DistanceMeters><HeartRateBpm><Value>190</Value></HeartRateBpm><Cadence>80</Cadence><SensorState>Present</SensorState><Extensions><TPX xmlns="http://www.garmin.com/xmlschemas/ActivityExtension/v2"><Watts>290</Watts></TPX></Extensions></Trackpoint><Trackpoint xmlns="http://www.garmin.com/xmlschemas/TrainingCenterDatabase/v2"><Time>2026-08-29T07:21:09.055Z</Time><Position><LatitudeDegrees>52.33174833</LatitudeDegrees><LongitudeDegrees>12.992205</LongitudeDegrees></Position><AltitudeMeters>42.825</AltitudeMeters><DistanceMeters>3302.89990234375</DistanceMeters><HeartRateBpm><Value>190</Value></HeartRateBpm><Cadence>80</Cadence><SensorState>Present</SensorState><Extensions><TPX xmlns="http://www.garmin.com/xmlschemas/ActivityExtension/v2"><Watts>284</Watts></TPX></Extensions></Trackpoint><Trackpoint xmlns="http://www.garmin.com/xmlschemas/TrainingCenterDatabase/v2"><Time>2026-08-29T07:21:10.055Z</Time><Position><LatitudeDegrees>52.33173667</LatitudeDegrees><LongitudeDegrees>12.99223667</LongitudeDegrees></Position><AltitudeMeters>42.825</AltitudeMeters><DistanceMeters>3306.199951171875</DistanceMeters><HeartRateBpm><Value>190</Value></HeartRateBpm><Cadence>80</Cadence><SensorState>Present</SensorState><Extensions><TPX xmlns="http://www.garmin.com/xmlschemas/ActivityExtension/v2"><Watts>284</Watts></TPX></Extensions></Trackpoint><Trackpoint xmlns="http://www.garmin.com/xmlschemas/TrainingCenterDatabase/v2"><Time>2026-08-29T07:21:11.055Z</Time><Position><LatitudeDegrees>52.33172333</LatitudeDegrees><LongitudeDegrees>12.99226333</LongitudeDegrees></Position><AltitudeMeters>42.825</AltitudeMeters><DistanceMeters>3309.39990234375</DistanceMeters><HeartRateBpm><Value>190</Value></HeartRateBpm><Cadence>80</Cadence><SensorState>Present</SensorState><Extensions><TPX xmlns="http://www.garmin.com/xmlschemas/ActivityExtension/v2"><Watts>282</Watts></TPX></Extensions></Trackpoint><Trackpoint xmlns="http://www.garmin.com/xmlschemas/TrainingCenterDatabase/v2"><Time>2026-08-29T07:21:12.055Z</Time><Position><LatitudeDegrees>52.33171</LatitudeDegrees><LongitudeDegrees>12.99228667</LongitudeDegrees></Position><AltitudeMeters>42.825</AltitudeMeters><DistanceMeters>3312.10009765625</DistanceMeters><HeartRateBpm><Value>190</Value></HeartRateBpm><Cadence>79</Cadence><SensorState>Present</SensorState><Extensions><TPX xmlns="http://www.garmin.com/xmlschemas/ActivityExtension/v2"><Watts>280</Watts></TPX></Extensions></Trackpoint><Trackpoint xmlns="http://www.garmin.com/xmlschemas/TrainingCenterDatabase/v2"><Time>2026-08-29T07:21:13.055Z</Time><Position><LatitudeDegrees>52.33169667</LatitudeDegrees><LongitudeDegrees>12.99230667</LongitudeDegrees></Position><AltitudeMeters>42.825</AltitudeMeters><DistanceMeters>3314.800048828125</DistanceMeters><HeartRateBpm><Value>190</Value></HeartRateBpm><Cadence>78</Cadence><SensorState>Present</SensorState><Extensions><TPX xmlns="http://www.garmin.com/xmlschemas/ActivityExtension/v2"><Watts>278</Watts></TPX></Extensions></Trackpoint><Trackpoint xmlns="http://www.garmin.com/xmlschemas/TrainingCenterDatabase/v2"><Time>2026-08-29T07:21:14.055Z</Time><Position><LatitudeDegrees>52.33168333</LatitudeDegrees><LongitudeDegrees>12.99233167</LongitudeDegrees></Position><AltitudeMeters>42.825</AltitudeMeters><DistanceMeters>3316.39990234375</DistanceMeters><HeartRateBpm><Value>190</Value></HeartRateBpm><Cadence>79</Cadence><SensorState>Present</SensorState><Extensions><TPX xmlns="http://www.garmin.com/xmlschemas/ActivityExtension/v2"><Watts>276</Watts></TPX></Extensions></Trackpoint><Trackpoint xmlns="http://www.garmin.com/xmlschemas/TrainingCenterDatabase/v2"><Time>2026-08-29T07:21:15.055Z</Time><Position><LatitudeDegrees>52.33166667</LatitudeDegrees><LongitudeDegrees>12.99236667</LongitudeDegrees></Position><AltitudeMeters>42.825</AltitudeMeters><DistanceMeters>3318.10009765625</DistanceMeters><HeartRateBpm><Value>190</Value></HeartRateBpm><Cadence>79</Cadence><SensorState>Present</SensorState><Extensions><TPX xmlns="http://www.garmin.com/xmlschemas/ActivityExtension/v2"><Watts>268</Watts></TPX></Extensions></Trackpoint><Trackpoint xmlns="http://www.garmin.com/xmlschemas/TrainingCenterDatabase/v2"><Time>2026-08-29T07:21:16.055Z</Time><Position><LatitudeDegrees>52.33165167</LatitudeDegrees><LongitudeDegrees>12.99240667</LongitudeDegrees></Position><AltitudeMeters>42.825</AltitudeMeters><DistanceMeters>3319.89990234375</DistanceMeters><HeartRateBpm><Value>190</Value></HeartRateBpm><Cadence>79</Cadence><SensorState>Present</SensorState><Extensions><TPX xmlns="http://www.garmin.com/xmlschemas/ActivityExtension/v2"><Watts>256</Watts></TPX></Extensions></Trackpoint><Trackpoint xmlns="http://www.garmin.com/xmlschemas/TrainingCenterDatabase/v2"><Time>2026-08-29T07:21:17.055Z</Time><Position><LatitudeDegrees>52.331645</LatitudeDegrees><LongitudeDegrees>12.99244833</LongitudeDegrees></Position><AltitudeMeters>42.825</AltitudeMeters><DistanceMeters>3322.10009765625</DistanceMeters><HeartRateBpm><Value>189</Value></HeartRateBpm><Cadence>78</Cadence><SensorState>Present</SensorState><Extensions><TPX xmlns="http://www.garmin.com/xmlschemas/ActivityExtension/v2"><Watts>252</Watts></TPX></Extensions></Trackpoint><Trackpoint xmlns="http://www.garmin.com/xmlschemas/TrainingCenterDatabase/v2"><Time>2026-08-29T07:21:18.055Z</Time><Position><LatitudeDegrees>52.33163833</LatitudeDegrees><LongitudeDegrees>12.99249</LongitudeDegrees></Position><AltitudeMeters>41.911</AltitudeMeters><DistanceMeters>3324.5</DistanceMeters><HeartRateBpm><Value>189</Value></HeartRateBpm><Cadence>78</Cadence><SensorState>Present</SensorState><Extensions><TPX xmlns="http://www.garmin.com/xmlschemas/ActivityExtension/v2"><Watts>256</Watts></TPX></Extensions></Trackpoint><Trackpoint xmlns="http://www.garmin.com/xmlschemas/TrainingCenterDatabase/v2"><Time>2026-08-29T07:21:19.055Z</Time><Position><LatitudeDegrees>52.33163</LatitudeDegrees><LongitudeDegrees>12.99253</LongitudeDegrees></Position><AltitudeMeters>41.911</AltitudeMeters><DistanceMeters>3326.800048828125</DistanceMeters><HeartRateBpm><Value>190</Value></HeartRateBpm><Cadence>78</Cadence><SensorState>Present</SensorState><Extensions><TPX xmlns="http://www.garmin.com/xmlschemas/ActivityExtension/v2"><Watts>260</Watts></TPX></Extensions></Trackpoint><Trackpoint xmlns="http://www.garmin.com/xmlschemas/TrainingCenterDatabase/v2"><Time>2026-08-29T07:21:20.055Z</Time><Position><LatitudeDegrees>52.33162167</LatitudeDegrees><LongitudeDegrees>12.99256833</LongitudeDegrees></Position><AltitudeMeters>41.911</AltitudeMeters><DistanceMeters>3329.699951171875</DistanceMeters><HeartRateBpm><Value>190</Value></HeartRateBpm><Cadence>78</Cadence><SensorState>Present</SensorState><Extensions><TPX xmlns="http://www.garmin.com/xmlschemas/ActivityExtension/v2"><Watts>264</Watts></TPX></Extensions></Trackpoint><Trackpoint xmlns="http://www.garmin.com/xmlschemas/TrainingCenterDatabase/v2"><Time>2026-08-29T07:21:21.055Z</Time><Position><LatitudeDegrees>52.33161167</LatitudeDegrees><LongitudeDegrees>12.99261</LongitudeDegrees></Position><AltitudeMeters>41.911</AltitudeMeters><DistanceMeters>3332.699951171875</DistanceMeters><HeartRateBpm><Value>190</Value></HeartRateBpm><Cadence>78</Cadence><SensorState>Present</SensorState><Extensions><TPX xmlns="http://www.garmin.com/xmlschemas/ActivityExtension/v2"><Watts>268</Watts></TPX></Extensions></Trackpoint><Trackpoint xmlns="http://www.garmin.com/xmlschemas/TrainingCenterDatabase/v2"><Time>2026-08-29T07:21:22.055Z</Time><Position><LatitudeDegrees>52.33159667</LatitudeDegrees><LongitudeDegrees>12.99264833</LongitudeDegrees></Position><AltitudeMeters>41.911</AltitudeMeters><DistanceMeters>3335.800048828125</DistanceMeters><HeartRateBpm><Value>190</Value></HeartRateBpm><Cadence>78</Cadence><SensorState>Present</SensorState><Extensions><TPX xmlns="http://www.garmin.com/xmlschemas/ActivityExtension/v2"><Watts>272</Watts></TPX></Extensions></Trackpoint><Trackpoint xmlns="http://www.garmin.com/xmlschemas/TrainingCenterDatabase/v2"><Time>2026-08-29T07:21:23.055Z</Time><Position><LatitudeDegrees>52.33158333</LatitudeDegrees><LongitudeDegrees>12.99269333</LongitudeDegrees></Position><AltitudeMeters>41.911</AltitudeMeters><DistanceMeters>3339.10009765625</DistanceMeters><HeartRateBpm><Value>190</Value></HeartRateBpm><Cadence>78</Cadence><SensorState>Present</SensorState><Extensions><TPX xmlns="http://www.garmin.com/xmlschemas/ActivityExtension/v2"><Watts>278</Watts></TPX></Extensions></Trackpoint><Trackpoint xmlns="http://www.garmin.com/xmlschemas/TrainingCenterDatabase/v2"><Time>2026-08-29T07:21:24.055Z</Time><Position><LatitudeDegrees>52.33157833</LatitudeDegrees><LongitudeDegrees>12.99274167</LongitudeDegrees></Position><AltitudeMeters>41.911</AltitudeMeters><DistanceMeters>3342.5</DistanceMeters><HeartRateBpm><Value>190</Value></HeartRateBpm><Cadence>78</Cadence><SensorState>Present</SensorState><Extensions><TPX xmlns="http://www.garmin.com/xmlschemas/ActivityExtension/v2"><Watts>288</Watts></TPX></Extensions></Trackpoint><Trackpoint xmlns="http://www.garmin.com/xmlschemas/TrainingCenterDatabase/v2"><Time>2026-08-29T07:21:25.055Z</Time><Position><LatitudeDegrees>52.33157</LatitudeDegrees><LongitudeDegrees>12.99278833</LongitudeDegrees></Position><AltitudeMeters>41.911</AltitudeMeters><DistanceMeters>3346.300048828125</DistanceMeters><HeartRateBpm><Value>190</Value></HeartRateBpm><Cadence>79</Cadence><SensorState>Present</SensorState><Extensions><TPX xmlns="http://www.garmin.com/xmlschemas/ActivityExtension/v2"><Watts>298</Watts></TPX></Extensions></Trackpoint><Trackpoint xmlns="http://www.garmin.com/xmlschemas/TrainingCenterDatabase/v2"><Time>2026-08-29T07:21:26.055Z</Time><Position><LatitudeDegrees>52.331565</LatitudeDegrees><LongitudeDegrees>12.992835</LongitudeDegrees></Position><AltitudeMeters>41.911</AltitudeMeters><DistanceMeters>3349.5</DistanceMeters><HeartRateBpm><Value>190</Value></HeartRateBpm><Cadence>79</Cadence><SensorState>Present</SensorState><Extensions><TPX xmlns="http://www.garmin.com/xmlschemas/ActivityExtension/v2"><Watts>308</Watts></TPX></Extensions></Trackpoint><Trackpoint xmlns="http://www.garmin.com/xmlschemas/TrainingCenterDatabase/v2"><Time>2026-08-29T07:21:27.055Z</Time><Position><LatitudeDegrees>52.33156667</LatitudeDegrees><LongitudeDegrees>12.99288</LongitudeDegrees></Position><AltitudeMeters>41.911</AltitudeMeters><DistanceMeters>3352.800048828125</DistanceMeters><HeartRateBpm><Value>190</Value></HeartRateBpm><Cadence>79</Cadence><SensorState>Present</SensorState><Extensions><TPX xmlns="http://www.garmin.com/xmlschemas/ActivityExtension/v2"><Watts>316</Watts></TPX></Extensions></Trackpoint><Trackpoint xmlns="http://www.garmin.com/xmlschemas/TrainingCenterDatabase/v2"><Time>2026-08-29T07:21:28.055Z</Time><Position><LatitudeDegrees>52.33157</LatitudeDegrees><LongitudeDegrees>12.99291667</LongitudeDegrees></Position><AltitudeMeters>41.911</AltitudeMeters><DistanceMeters>3356.199951171875</DistanceMeters><HeartRateBpm><Value>190</Value></HeartRateBpm><Cadence>79</Cadence><SensorState>Present</SensorState><Extensions><TPX xmlns="http://www.garmin.com/xmlschemas/ActivityExtension/v2"><Watts>320</Watts></TPX></Extensions></Trackpoint><Trackpoint xmlns="http://www.garmin.com/xmlschemas/TrainingCenterDatabase/v2"><Time>2026-08-29T07:21:29.055Z</Time><Position><LatitudeDegrees>52.33157333</LatitudeDegrees><LongitudeDegrees>12.99296</LongitudeDegrees></Position><AltitudeMeters>41.911</AltitudeMeters><DistanceMeters>3359.39990234375</DistanceMeters><HeartRateBpm><Value>190</Value></HeartRateBpm><Cadence>79</Cadence><SensorState>Present</SensorState><Extensions><TPX xmlns="http://www.garmin.com/xmlschemas/ActivityExtension/v2"><Watts>322</Watts></TPX></Extensions></Trackpoint><Trackpoint xmlns="http://www.garmin.com/xmlschemas/TrainingCenterDatabase/v2"><Time>2026-08-29T07:21:30.055Z</Time><Position><LatitudeDegrees>52.33158</LatitudeDegrees><LongitudeDegrees>12.99301</LongitudeDegrees></Position><AltitudeMeters>40.844</AltitudeMeters><DistanceMeters>3362.199951171875</DistanceMeters><HeartRateBpm><Value>190</Value></HeartRateBpm><Cadence>79</Cadence><SensorState>Present</SensorState><Extensions><TPX xmlns="http://www.garmin.com/xmlschemas/ActivityExtension/v2"><Watts>324</Watts></TPX></Extensions></Trackpoint><Trackpoint xmlns="http://www.garmin.com/xmlschemas/TrainingCenterDatabase/v2"><Time>2026-08-29T07:21:31.055Z</Time><Position><LatitudeDegrees>52.33159167</LatitudeDegrees><LongitudeDegrees>12.993055</LongitudeDegrees></Position><AltitudeMeters>40.844</AltitudeMeters><DistanceMeters>3365.39990234375</DistanceMeters><HeartRateBpm><Value>190</Value></HeartRateBpm><Cadence>79</Cadence><SensorState>Present</SensorState><Extensions><TPX xmlns="http://www.garmin.com/xmlschemas/ActivityExtension/v2"><Watts>326</Watts></TPX></Extensions></Trackpoint><Trackpoint xmlns="http://www.garmin.com/xmlschemas/TrainingCenterDatabase/v2"><Time>2026-08-29T07:21:32.055Z</Time><Position><LatitudeDegrees>52.33159833</LatitudeDegrees><LongitudeDegrees>12.99310667</LongitudeDegrees></Position><AltitudeMeters>40.844</AltitudeMeters><DistanceMeters>3368.699951171875</DistanceMeters><HeartRateBpm><Value>190</Value></HeartRateBpm><Cadence>79</Cadence><SensorState>Present</SensorState><Extensions><TPX xmlns="http://www.garmin.com/xmlschemas/ActivityExtension/v2"><Watts>330</Watts></TPX></Extensions></Trackpoint><Trackpoint xmlns="http://www.garmin.com/xmlschemas/TrainingCenterDatabase/v2"><Time>2026-08-29T07:21:33.055Z</Time><Position><LatitudeDegrees>52.33160667</LatitudeDegrees><LongitudeDegrees>12.99314833</LongitudeDegrees></Position><AltitudeMeters>40.844</AltitudeMeters><DistanceMeters>3372.0</DistanceMeters><HeartRateBpm><Value>190</Value></HeartRateBpm><Cadence>80</Cadence><SensorState>Present</SensorState><Extensions><TPX xmlns="http://www.garmin.com/xmlschemas/ActivityExtension/v2"><Watts>338</Watts></TPX></Extensions></Trackpoint><Trackpoint xmlns="http://www.garmin.com/xmlschemas/TrainingCenterDatabase/v2"><Time>2026-08-29T07:21:34.055Z</Time><Position><LatitudeDegrees>52.33162333</LatitudeDegrees><LongitudeDegrees>12.99319</LongitudeDegrees></Position><AltitudeMeters>40.844</AltitudeMeters><DistanceMeters>3375.199951171875</DistanceMeters><HeartRateBpm><Value>190</Value></HeartRateBpm><Cadence>81</Cadence><SensorState>Present</SensorState><Extensions><TPX xmlns="http://www.garmin.com/xmlschemas/ActivityExtension/v2"><Watts>344</Watts></TPX></Extensions></Trackpoint><Trackpoint xmlns="http://www.garmin.com/xmlschemas/TrainingCenterDatabase/v2"><Time>2026-08-29T07:21:35.055Z</Time><Position><LatitudeDegrees>52.33163833</LatitudeDegrees><LongitudeDegrees>12.99323333</LongitudeDegrees></Position><AltitudeMeters>40.844</AltitudeMeters><DistanceMeters>3378.300048828125</DistanceMeters><HeartRateBpm><Value>190</Value></HeartRateBpm><Cadence>80</Cadence><SensorState>Present</SensorState><Extensions><TPX xmlns="http://www.garmin.com/xmlschemas/ActivityExtension/v2"><Watts>348</Watts></TPX></Extensions></Trackpoint><Trackpoint xmlns="http://www.garmin.com/xmlschemas/TrainingCenterDatabase/v2"><Time>2026-08-29T07:21:36.055Z</Time><Position><LatitudeDegrees>52.33164833</LatitudeDegrees><LongitudeDegrees>12.99327667</LongitudeDegrees></Position><AltitudeMeters>40.844</AltitudeMeters><DistanceMeters>3381.5</DistanceMeters><HeartRateBpm><Value>190</Value></HeartRateBpm><Cadence>80</Cadence><SensorState>Present</SensorState><Extensions><TPX xmlns="http://www.garmin.com/xmlschemas/ActivityExtension/v2"><Watts>352</Watts></TPX></Extensions></Trackpoint><Trackpoint xmlns="http://www.garmin.com/xmlschemas/TrainingCenterDatabase/v2"><Time>2026-08-29T07:21:37.055Z</Time><Position><LatitudeDegrees>52.33165333</LatitudeDegrees><LongitudeDegrees>12.99331667</LongitudeDegrees></Position><AltitudeMeters>40.844</AltitudeMeters><DistanceMeters>3384.800048828125</DistanceMeters><HeartRateBpm><Value>190</Value></HeartRateBpm><Cadence>80</Cadence><SensorState>Present</SensorState><Extensions><TPX xmlns="http://www.garmin.com/xmlschemas/ActivityExtension/v2"><Watts>354</Watts></TPX></Extensions></Trackpoint><Trackpoint xmlns="http://www.garmin.com/xmlschemas/TrainingCenterDatabase/v2"><Time>2026-08-29T07:21:38.055Z</Time><Position><LatitudeDegrees>52.33165667</LatitudeDegrees><LongitudeDegrees>12.99335333</LongitudeDegrees></Position><AltitudeMeters>40.844</AltitudeMeters><DistanceMeters>3388.199951171875</DistanceMeters><HeartRateBpm><Value>189</Value></HeartRateBpm><Cadence>81</Cadence><SensorState>Present</SensorState><Extensions><TPX xmlns="http://www.garmin.com/xmlschemas/ActivityExtension/v2"><Watts>358</Watts></TPX></Extensions></Trackpoint><Trackpoint xmlns="http://www.garmin.com/xmlschemas/TrainingCenterDatabase/v2"><Time>2026-08-29T07:21:39.055Z</Time><Position><LatitudeDegrees>52.33166167</LatitudeDegrees><LongitudeDegrees>12.99340167</LongitudeDegrees></Position><AltitudeMeters>40.844</AltitudeMeters><DistanceMeters>3391.5</DistanceMeters><HeartRateBpm><Value>189</Value></HeartRateBpm><Cadence>81</Cadence><SensorState>Present</SensorState><Extensions><TPX xmlns="http://www.garmin.com/xmlschemas/ActivityExtension/v2"><Watts>364</Watts></TPX></Extensions></Trackpoint><Trackpoint xmlns="http://www.garmin.com/xmlschemas/TrainingCenterDatabase/v2"><Time>2026-08-29T07:21:40.055Z</Time><Position><LatitudeDegrees>52.33167167</LatitudeDegrees><LongitudeDegrees>12.99344833</LongitudeDegrees></Position><AltitudeMeters>40.844</AltitudeMeters><DistanceMeters>3394.300048828125</DistanceMeters><HeartRateBpm><Value>189</Value></HeartRateBpm><Cadence>81</Cadence><SensorState>Present</SensorState><Extensions><TPX xmlns="http://www.garmin.com/xmlschemas/ActivityExtension/v2"><Watts>370</Watts></TPX></Extensions></Trackpoint><Trackpoint xmlns="http://www.garmin.com/xmlschemas/TrainingCenterDatabase/v2"><Time>2026-08-29T07:21:41.055Z</Time><Position><LatitudeDegrees>52.33168667</LatitudeDegrees><LongitudeDegrees>12.99350167</LongitudeDegrees></Position><AltitudeMeters>40.844</AltitudeMeters><DistanceMeters>3397.300048828125</DistanceMeters><HeartRateBpm><Value>189</Value></HeartRateBpm><Cadence>81</Cadence><SensorState>Present</SensorState><Extensions><TPX xmlns="http://www.garmin.com/xmlschemas/ActivityExtension/v2"><Watts>376</Watts></TPX></Extensions></Trackpoint><Trackpoint xmlns="http://www.garmin.com/xmlschemas/TrainingCenterDatabase/v2"><Time>2026-08-29T07:21:42.055Z</Time><Position><LatitudeDegrees>52.33170333</LatitudeDegrees><LongitudeDegrees>12.99354167</LongitudeDegrees></Position><AltitudeMeters>40.844</AltitudeMeters><DistanceMeters>3400.60009765625</DistanceMeters><HeartRateBpm><Value>189</Value></HeartRateBpm><Cadence>80</Cadence><SensorState>Present</SensorState><Extensions><TPX xmlns="http://www.garmin.com/xmlschemas/ActivityExtension/v2"><Watts>382</Watts></TPX></Extensions></Trackpoint><Trackpoint xmlns="http://www.garmin.com/xmlschemas/TrainingCenterDatabase/v2"><Time>2026-08-29T07:21:43.055Z</Time><Position><LatitudeDegrees>52.33172</LatitudeDegrees><LongitudeDegrees>12.99358667</LongitudeDegrees></Position><AltitudeMeters>40.844</AltitudeMeters><DistanceMeters>3403.89990234375</DistanceMeters><HeartRateBpm><Value>190</Value></HeartRateBpm><Cadence>81</Cadence><SensorState>Present</SensorState><Extensions><TPX xmlns="http://www.garmin.com/xmlschemas/ActivityExtension/v2"><Watts>390</Watts></TPX></Extensions></Trackpoint><Trackpoint xmlns="http://www.garmin.com/xmlschemas/TrainingCenterDatabase/v2"><Time>2026-08-29T07:21:44.055Z</Time><Position><LatitudeDegrees>52.33173667</LatitudeDegrees><LongitudeDegrees>12.99363667</LongitudeDegrees></Position><AltitudeMeters>40.844</AltitudeMeters><DistanceMeters>3407.10009765625</DistanceMeters><HeartRateBpm><Value>190</Value></HeartRateBpm><Cadence>81</Cadence><SensorState>Present</SensorState><Extensions><TPX xmlns="http://www.garmin.com/xmlschemas/ActivityExtension/v2"><Watts>404</Watts></TPX></Extensions></Trackpoint><Trackpoint xmlns="http://www.garmin.com/xmlschemas/TrainingCenterDatabase/v2"><Time>2026-08-29T07:21:45.055Z</Time><Position><LatitudeDegrees>52.33175</LatitudeDegrees><LongitudeDegrees>12.99368</LongitudeDegrees></Position><AltitudeMeters>40.844</AltitudeMeters><DistanceMeters>3410.699951171875</DistanceMeters><HeartRateBpm><Value>190</Value></HeartRateBpm><Cadence>81</Cadence><SensorState>Present</SensorState><Extensions><TPX xmlns="http://www.garmin.com/xmlschemas/ActivityExtension/v2"><Watts>414</Watts></TPX></Extensions></Trackpoint><Trackpoint xmlns="http://www.garmin.com/xmlschemas/TrainingCenterDatabase/v2"><Time>2026-08-29T07:21:46.055Z</Time><Position><LatitudeDegrees>52.33176</LatitudeDegrees><LongitudeDegrees>12.99371333</LongitudeDegrees></Position><AltitudeMeters>41.911</AltitudeMeters><DistanceMeters>3414.39990234375</DistanceMeters><HeartRateBpm><Value>190</Value></HeartRateBpm><Cadence>80</Cadence><SensorState>Present</SensorState><Extensions><TPX xmlns="http://www.garmin.com/xmlschemas/ActivityExtension/v2"><Watts>416</Watts></TPX></Extensions></Trackpoint><Trackpoint xmlns="http://www.garmin.com/xmlschemas/TrainingCenterDatabase/v2"><Time>2026-08-29T07:21:47.055Z</Time><Position><LatitudeDegrees>52.33177833</LatitudeDegrees><LongitudeDegrees>12.993765</LongitudeDegrees></Position><AltitudeMeters>41.911</AltitudeMeters><DistanceMeters>3417.89990234375</DistanceMeters><HeartRateBpm><Value>190</Value></HeartRateBpm><Cadence>80</Cadence><SensorState>Present</SensorState><Extensions><TPX xmlns="http://www.garmin.com/xmlschemas/ActivityExtension/v2"><Watts>420</Watts></TPX></Extensions></Trackpoint><Trackpoint xmlns="http://www.garmin.com/xmlschemas/TrainingCenterDatabase/v2"><Time>2026-08-29T07:21:48.055Z</Time><Position><LatitudeDegrees>52.331795</LatitudeDegrees><LongitudeDegrees>12.993805</LongitudeDegrees></Position><AltitudeMeters>41.911</AltitudeMeters><DistanceMeters>3421.199951171875</DistanceMeters><HeartRateBpm><Value>190</Value></HeartRateBpm><Cadence>80</Cadence><SensorState>Present</SensorState><Extensions><TPX xmlns="http://www.garmin.com/xmlschemas/ActivityExtension/v2"><Watts>422</Watts></TPX></Extensions></Trackpoint><Trackpoint xmlns="http://www.garmin.com/xmlschemas/TrainingCenterDatabase/v2"><Time>2026-08-29T07:21:49.055Z</Time><Position><LatitudeDegrees>52.33181167</LatitudeDegrees><LongitudeDegrees>12.993845</LongitudeDegrees></Position><AltitudeMeters>41.911</AltitudeMeters><DistanceMeters>3425.39990234375</DistanceMeters><HeartRateBpm><Value>190</Value></HeartRateBpm><Cadence>81</Cadence><SensorState>Present</SensorState><Extensions><TPX xmlns="http://www.garmin.com/xmlschemas/ActivityExtension/v2"><Watts>420</Watts></TPX></Extensions></Trackpoint><Trackpoint xmlns="http://www.garmin.com/xmlschemas/TrainingCenterDatabase/v2"><Time>2026-08-29T07:21:50.055Z</Time><Position><LatitudeDegrees>52.33182833</LatitudeDegrees><LongitudeDegrees>12.99388333</LongitudeDegrees></Position><AltitudeMeters>41.911</AltitudeMeters><DistanceMeters>3429.0</DistanceMeters><HeartRateBpm><Value>191</Value></HeartRateBpm><Cadence>81</Cadence><SensorState>Present</SensorState><Extensions><TPX xmlns="http://www.garmin.com/xmlschemas/ActivityExtension/v2"><Watts>418</Watts></TPX></Extensions></Trackpoint><Trackpoint xmlns="http://www.garmin.com/xmlschemas/TrainingCenterDatabase/v2"><Time>2026-08-29T07:21:51.055Z</Time><Position><LatitudeDegrees>52.33184667</LatitudeDegrees><LongitudeDegrees>12.99392167</LongitudeDegrees></Position><AltitudeMeters>41.911</AltitudeMeters><DistanceMeters>3432.39990234375</DistanceMeters><HeartRateBpm><Value>191</Value></HeartRateBpm><Cadence>81</Cadence><SensorState>Present</SensorState><Extensions><TPX xmlns="http://www.garmin.com/xmlschemas/ActivityExtension/v2"><Watts>416</Watts></TPX></Extensions></Trackpoint><Trackpoint xmlns="http://www.garmin.com/xmlschemas/TrainingCenterDatabase/v2"><Time>2026-08-29T07:21:52.055Z</Time><Position><LatitudeDegrees>52.33186833</LatitudeDegrees><LongitudeDegrees>12.99395833</LongitudeDegrees></Position><AltitudeMeters>41.911</AltitudeMeters><DistanceMeters>3435.39990234375</DistanceMeters><HeartRateBpm><Value>191</Value></HeartRateBpm><Cadence>81</Cadence><SensorState>Present</SensorState><Extensions><TPX xmlns="http://www.garmin.com/xmlschemas/ActivityExtension/v2"><Watts>412</Watts></TPX></Extensions></Trackpoint><Trackpoint xmlns="http://www.garmin.com/xmlschemas/TrainingCenterDatabase/v2"><Time>2026-08-29T07:21:53.055Z</Time><Position><LatitudeDegrees>52.33189333</LatitudeDegrees><LongitudeDegrees>12.993995</LongitudeDegrees></Position><AltitudeMeters>41.911</AltitudeMeters><DistanceMeters>3438.800048828125</DistanceMeters><HeartRateBpm><Value>191</Value></HeartRateBpm><Cadence>81</Cadence><SensorState>Present</SensorState><Extensions><TPX xmlns="http://www.garmin.com/xmlschemas/ActivityExtension/v2"><Watts>410</Watts></TPX></Extensions></Trackpoint><Trackpoint xmlns="http://www.garmin.com/xmlschemas/TrainingCenterDatabase/v2"><Time>2026-08-29T07:21:54.055Z</Time><Position><LatitudeDegrees>52.33191667</LatitudeDegrees><LongitudeDegrees>12.99403167</LongitudeDegrees></Position><AltitudeMeters>41.911</AltitudeMeters><DistanceMeters>3442.10009765625</DistanceMeters><HeartRateBpm><Value>191</Value></HeartRateBpm><Cadence>81</Cadence><SensorState>Present</SensorState><Extensions><TPX xmlns="http://www.garmin.com/xmlschemas/ActivityExtension/v2"><Watts>410</Watts></TPX></Extensions></Trackpoint><Trackpoint xmlns="http://www.garmin.com/xmlschemas/TrainingCenterDatabase/v2"><Time>2026-08-29T07:21:55.055Z</Time><Position><LatitudeDegrees>52.33193667</LatitudeDegrees><LongitudeDegrees>12.99406667</LongitudeDegrees></Position><AltitudeMeters>41.911</AltitudeMeters><DistanceMeters>3445.39990234375</DistanceMeters><HeartRateBpm><Value>191</Value></HeartRateBpm><Cadence>81</Cadence><SensorState>Present</SensorState><Extensions><TPX xmlns="http://www.garmin.com/xmlschemas/ActivityExtension/v2"><Watts>408</Watts></TPX></Extensions></Trackpoint><Trackpoint xmlns="http://www.garmin.com/xmlschemas/TrainingCenterDatabase/v2"><Time>2026-08-29T07:21:56.055Z</Time><Position><LatitudeDegrees>52.33195833</LatitudeDegrees><LongitudeDegrees>12.99410167</LongitudeDegrees></Position><AltitudeMeters>41.911</AltitudeMeters><DistanceMeters>3449.0</DistanceMeters><HeartRateBpm><Value>191</Value></HeartRateBpm><Cadence>81</Cadence><SensorState>Present</SensorState><Extensions><TPX xmlns="http://www.garmin.com/xmlschemas/ActivityExtension/v2"><Watts>406</Watts></TPX></Extensions></Trackpoint><Trackpoint xmlns="http://www.garmin.com/xmlschemas/TrainingCenterDatabase/v2"><Time>2026-08-29T07:21:57.055Z</Time><Position><LatitudeDegrees>52.331975</LatitudeDegrees><LongitudeDegrees>12.99413667</LongitudeDegrees></Position><AltitudeMeters>41.911</AltitudeMeters><DistanceMeters>3452.800048828125</DistanceMeters><HeartRateBpm><Value>191</Value></HeartRateBpm><Cadence>81</Cadence><SensorState>Present</SensorState><Extensions><TPX xmlns="http://www.garmin.com/xmlschemas/ActivityExtension/v2"><Watts>404</Watts></TPX></Extensions></Trackpoint><Trackpoint xmlns="http://www.garmin.com/xmlschemas/TrainingCenterDatabase/v2"><Time>2026-08-29T07:21:58.055Z</Time><Position><LatitudeDegrees>52.331985</LatitudeDegrees><LongitudeDegrees>12.99416833</LongitudeDegrees></Position><AltitudeMeters>41.911</AltitudeMeters><DistanceMeters>3455.89990234375</DistanceMeters><HeartRateBpm><Value>191</Value></HeartRateBpm><Cadence>81</Cadence><SensorState>Present</SensorState><Extensions><TPX xmlns="http://www.garmin.com/xmlschemas/ActivityExtension/v2"><Watts>402</Watts></TPX></Extensions></Trackpoint><Trackpoint xmlns="http://www.garmin.com/xmlschemas/TrainingCenterDatabase/v2"><Time>2026-08-29T07:21:59.055Z</Time><Position><LatitudeDegrees>52.33200167</LatitudeDegrees><LongitudeDegrees>12.99421833</LongitudeDegrees></Position><AltitudeMeters>41.911</AltitudeMeters><DistanceMeters>3459.10009765625</DistanceMeters><HeartRateBpm><Value>191</Value></HeartRateBpm><Cadence>81</Cadence><SensorState>Present</SensorState><Extensions><TPX xmlns="http://www.garmin.com/xmlschemas/ActivityExtension/v2"><Watts>398</Watts></TPX></Extensions></Trackpoint><Trackpoint xmlns="http://www.garmin.com/xmlschemas/TrainingCenterDatabase/v2"><Time>2026-08-29T07:22:00.055Z</Time><Position><LatitudeDegrees>52.33201167</LatitudeDegrees><LongitudeDegrees>12.99426167</LongitudeDegrees></Position><AltitudeMeters>41.911</AltitudeMeters><DistanceMeters>3462.0</DistanceMeters><HeartRateBpm><Value>191</Value></HeartRateBpm><Cadence>81</Cadence><SensorState>Present</SensorState><Extensions><TPX xmlns="http://www.garmin.com/xmlschemas/ActivityExtension/v2"><Watts>396</Watts></TPX></Extensions></Trackpoint><Trackpoint xmlns="http://www.garmin.com/xmlschemas/TrainingCenterDatabase/v2"><Time>2026-08-29T07:22:01.055Z</Time><Position><LatitudeDegrees>52.33202167</LatitudeDegrees><LongitudeDegrees>12.99430333</LongitudeDegrees></Position><AltitudeMeters>41.911</AltitudeMeters><DistanceMeters>3465.699951171875</DistanceMeters><HeartRateBpm><Value>191</Value></HeartRateBpm><Cadence>81</Cadence><SensorState>Present</SensorState><Extensions><TPX xmlns="http://www.garmin.com/xmlschemas/ActivityExtension/v2"><Watts>390</Watts></TPX></Extensions></Trackpoint><Trackpoint xmlns="http://www.garmin.com/xmlschemas/TrainingCenterDatabase/v2"><Time>2026-08-29T07:22:02.055Z</Time><Position><LatitudeDegrees>52.33202667</LatitudeDegrees><LongitudeDegrees>12.99433833</LongitudeDegrees></Position><AltitudeMeters>41.911</AltitudeMeters><DistanceMeters>3468.699951171875</DistanceMeters><HeartRateBpm><Value>191</Value></HeartRateBpm><Cadence>81</Cadence><SensorState>Present</SensorState><Extensions><TPX xmlns="http://www.garmin.com/xmlschemas/ActivityExtension/v2"><Watts>380</Watts></TPX></Extensions></Trackpoint><Trackpoint xmlns="http://www.garmin.com/xmlschemas/TrainingCenterDatabase/v2"><Time>2026-08-29T07:22:03.055Z</Time><Position><LatitudeDegrees>52.33203333</LatitudeDegrees><LongitudeDegrees>12.9944</LongitudeDegrees></Position><AltitudeMeters>41.911</AltitudeMeters><DistanceMeters>3471.699951171875</DistanceMeters><HeartRateBpm><Value>191</Value></HeartRateBpm><Cadence>81</Cadence><SensorState>Present</SensorState><Extensions><TPX xmlns="http://www.garmin.com/xmlschemas/ActivityExtension/v2"><Watts>374</Watts></TPX></Extensions></Trackpoint><Trackpoint xmlns="http://www.garmin.com/xmlschemas/TrainingCenterDatabase/v2"><Time>2026-08-29T07:22:04.055Z</Time><Position><LatitudeDegrees>52.33204</LatitudeDegrees><LongitudeDegrees>12.99445333</LongitudeDegrees></Position><AltitudeMeters>40.844</AltitudeMeters><DistanceMeters>3474.10009765625</DistanceMeters><HeartRateBpm><Value>191</Value></HeartRateBpm><Cadence>81</Cadence><SensorState>Present</SensorState><Extensions><TPX xmlns="http://www.garmin.com/xmlschemas/ActivityExtension/v2"><Watts>366</Watts></TPX></Extensions></Trackpoint><Trackpoint xmlns="http://www.garmin.com/xmlschemas/TrainingCenterDatabase/v2"><Time>2026-08-29T07:22:05.055Z</Time><Position><LatitudeDegrees>52.332045</LatitudeDegrees><LongitudeDegrees>12.994505</LongitudeDegrees></Position><AltitudeMeters>40.844</AltitudeMeters><DistanceMeters>3477.5</DistanceMeters><HeartRateBpm><Value>191</Value></HeartRateBpm><Cadence>81</Cadence><SensorState>Present</SensorState><Extensions><TPX xmlns="http://www.garmin.com/xmlschemas/ActivityExtension/v2"><Watts>352</Watts></TPX></Extensions></Trackpoint><Trackpoint xmlns="http://www.garmin.com/xmlschemas/TrainingCenterDatabase/v2"><Time>2026-08-29T07:22:06.055Z</Time><Position><LatitudeDegrees>52.33205</LatitudeDegrees><LongitudeDegrees>12.99455</LongitudeDegrees></Position><AltitudeMeters>40.844</AltitudeMeters><DistanceMeters>3480.89990234375</DistanceMeters><HeartRateBpm><Value>190</Value></HeartRateBpm><Cadence>81</Cadence><SensorState>Present</SensorState><Extensions><TPX xmlns="http://www.garmin.com/xmlschemas/ActivityExtension/v2"><Watts>340</Watts></TPX></Extensions></Trackpoint><Trackpoint xmlns="http://www.garmin.com/xmlschemas/TrainingCenterDatabase/v2"><Time>2026-08-29T07:22:07.055Z</Time><Position><LatitudeDegrees>52.33205</LatitudeDegrees><LongitudeDegrees>12.9946</LongitudeDegrees></Position><AltitudeMeters>40.844</AltitudeMeters><DistanceMeters>3484.300048828125</DistanceMeters><HeartRateBpm><Value>190</Value></HeartRateBpm><Cadence>81</Cadence><SensorState>Present</SensorState><Extensions><TPX xmlns="http://www.garmin.com/xmlschemas/ActivityExtension/v2"><Watts>328</Watts></TPX></Extensions></Trackpoint><Trackpoint xmlns="http://www.garmin.com/xmlschemas/TrainingCenterDatabase/v2"><Time>2026-08-29T07:22:08.055Z</Time><Position><LatitudeDegrees>52.33204667</LatitudeDegrees><LongitudeDegrees>12.99464333</LongitudeDegrees></Position><AltitudeMeters>40.844</AltitudeMeters><DistanceMeters>3487.60009765625</DistanceMeters><HeartRateBpm><Value>190</Value></HeartRateBpm><Cadence>81</Cadence><SensorState>Present</SensorState><Extensions><TPX xmlns="http://www.garmin.com/xmlschemas/ActivityExtension/v2"><Watts>316</Watts></TPX></Extensions></Trackpoint><Trackpoint xmlns="http://www.garmin.com/xmlschemas/TrainingCenterDatabase/v2"><Time>2026-08-29T07:22:09.055Z</Time><Position><LatitudeDegrees>52.33204</LatitudeDegrees><LongitudeDegrees>12.994685</LongitudeDegrees></Position><AltitudeMeters>40.844</AltitudeMeters><DistanceMeters>3491.300048828125</DistanceMeters><HeartRateBpm><Value>190</Value></HeartRateBpm><Cadence>81</Cadence><SensorState>Present</SensorState><Extensions><TPX xmlns="http://www.garmin.com/xmlschemas/ActivityExtension/v2"><Watts>306</Watts></TPX></Extensions></Trackpoint><Trackpoint xmlns="http://www.garmin.com/xmlschemas/TrainingCenterDatabase/v2"><Time>2026-08-29T07:22:10.055Z</Time><Position><LatitudeDegrees>52.332025</LatitudeDegrees><LongitudeDegrees>12.99473667</LongitudeDegrees></Position><AltitudeMeters>40.844</AltitudeMeters><DistanceMeters>3494.10009765625</DistanceMeters><HeartRateBpm><Value>190</Value></HeartRateBpm><Cadence>81</Cadence><SensorState>Present</SensorState><Extensions><TPX xmlns="http://www.garmin.com/xmlschemas/ActivityExtension/v2"><Watts>296</Watts></TPX></Extensions></Trackpoint><Trackpoint xmlns="http://www.garmin.com/xmlschemas/TrainingCenterDatabase/v2"><Time>2026-08-29T07:22:11.055Z</Time><Position><LatitudeDegrees>52.33201333</LatitudeDegrees><LongitudeDegrees>12.99478333</LongitudeDegrees></Position><AltitudeMeters>40.844</AltitudeMeters><DistanceMeters>3497.300048828125</DistanceMeters><HeartRateBpm><Value>190</Value></HeartRateBpm><Cadence>81</Cadence><SensorState>Present</SensorState><Extensions><TPX xmlns="http://www.garmin.com/xmlschemas/ActivityExtension/v2"><Watts>294</Watts></TPX></Extensions></Trackpoint><Trackpoint xmlns="http://www.garmin.com/xmlschemas/TrainingCenterDatabase/v2"><Time>2026-08-29T07:22:12.055Z</Time><Position><LatitudeDegrees>52.33200333</LatitudeDegrees><LongitudeDegrees>12.99481667</LongitudeDegrees></Position><AltitudeMeters>40.844</AltitudeMeters><DistanceMeters>3501.0</DistanceMeters><HeartRateBpm><Value>191</Value></HeartRateBpm><Cadence>81</Cadence><SensorState>Present</SensorState><Extensions><TPX xmlns="http://www.garmin.com/xmlschemas/ActivityExtension/v2"><Watts>302</Watts></TPX></Extensions></Trackpoint><Trackpoint xmlns="http://www.garmin.com/xmlschemas/TrainingCenterDatabase/v2"><Time>2026-08-29T07:22:13.055Z</Time><Position><LatitudeDegrees>52.33199</LatitudeDegrees><LongitudeDegrees>12.994855</LongitudeDegrees></Position><AltitudeMeters>40.844</AltitudeMeters><DistanceMeters>3504.800048828125</DistanceMeters><HeartRateBpm><Value>191</Value></HeartRateBpm><Cadence>81</Cadence><SensorState>Present</SensorState><Extensions><TPX xmlns="http://www.garmin.com/xmlschemas/ActivityExtension/v2"><Watts>310</Watts></TPX></Extensions></Trackpoint><Trackpoint xmlns="http://www.garmin.com/xmlschemas/TrainingCenterDatabase/v2"><Time>2026-08-29T07:22:14.055Z</Time><Position><LatitudeDegrees>52.331975</LatitudeDegrees><LongitudeDegrees>12.99489667</LongitudeDegrees></Position><AltitudeMeters>40.844</AltitudeMeters><DistanceMeters>3507.199951171875</DistanceMeters><HeartRateBpm><Value>191</Value></HeartRateBpm><Cadence>81</Cadence><SensorState>Present</SensorState><Extensions><TPX xmlns="http://www.garmin.com/xmlschemas/ActivityExtension/v2"><Watts>316</Watts></TPX></Extensions></Trackpoint><Trackpoint xmlns="http://www.garmin.com/xmlschemas/TrainingCenterDatabase/v2"><Time>2026-08-29T07:22:15.055Z</Time><Position><LatitudeDegrees>52.33197</LatitudeDegrees><LongitudeDegrees>12.99493833</LongitudeDegrees></Position><AltitudeMeters>40.844</AltitudeMeters><DistanceMeters>3509.89990234375</DistanceMeters><HeartRateBpm><Value>191</Value></HeartRateBpm><Cadence>81</Cadence><SensorState>Present</SensorState><Extensions><TPX xmlns="http://www.garmin.com/xmlschemas/ActivityExtension/v2"><Watts>314</Watts></TPX></Extensions></Trackpoint><Trackpoint xmlns="http://www.garmin.com/xmlschemas/TrainingCenterDatabase/v2"><Time>2026-08-29T07:22:16.055Z</Time><Position><LatitudeDegrees>52.33196333</LatitudeDegrees><LongitudeDegrees>12.99497333</LongitudeDegrees></Position><AltitudeMeters>40.844</AltitudeMeters><DistanceMeters>3512.800048828125</DistanceMeters><HeartRateBpm><Value>191</Value></HeartRateBpm><Cadence>81</Cadence><SensorState>Present</SensorState><Extensions><TPX xmlns="http://www.garmin.com/xmlschemas/ActivityExtension/v2"><Watts>312</Watts></TPX></Extensions></Trackpoint><Trackpoint xmlns="http://www.garmin.com/xmlschemas/TrainingCenterDatabase/v2"><Time>2026-08-29T07:22:17.055Z</Time><Position><LatitudeDegrees>52.33195</LatitudeDegrees><LongitudeDegrees>12.99501</LongitudeDegrees></Position><AltitudeMeters>40.844</AltitudeMeters><DistanceMeters>3515.699951171875</DistanceMeters><HeartRateBpm><Value>191</Value></HeartRateBpm><Cadence>80</Cadence><SensorState>Present</SensorState><Extensions><TPX xmlns="http://www.garmin.com/xmlschemas/ActivityExtension/v2"><Watts>320</Watts></TPX></Extensions></Trackpoint><Trackpoint xmlns="http://www.garmin.com/xmlschemas/TrainingCenterDatabase/v2"><Time>2026-08-29T07:22:18.055Z</Time><Position><LatitudeDegrees>52.33194167</LatitudeDegrees><LongitudeDegrees>12.99504667</LongitudeDegrees></Position><AltitudeMeters>40.844</AltitudeMeters><DistanceMeters>3518.39990234375</DistanceMeters><HeartRateBpm><Value>191</Value></HeartRateBpm><Cadence>80</Cadence><SensorState>Present</SensorState><Extensions><TPX xmlns="http://www.garmin.com/xmlschemas/ActivityExtension/v2"><Watts>326</Watts></TPX></Extensions></Trackpoint><Trackpoint xmlns="http://www.garmin.com/xmlschemas/TrainingCenterDatabase/v2"><Time>2026-08-29T07:22:19.055Z</Time><Position><LatitudeDegrees>52.33194</LatitudeDegrees><LongitudeDegrees>12.99508333</LongitudeDegrees></Position><AltitudeMeters>40.844</AltitudeMeters><DistanceMeters>3521.39990234375</DistanceMeters><HeartRateBpm><Value>191</Value></HeartRateBpm><Cadence>81</Cadence><SensorState>Present</SensorState><Extensions><TPX xmlns="http://www.garmin.com/xmlschemas/ActivityExtension/v2"><Watts>320</Watts></TPX></Extensions></Trackpoint><Trackpoint xmlns="http://www.garmin.com/xmlschemas/TrainingCenterDatabase/v2"><Time>2026-08-29T07:22:20.055Z</Time><Position><LatitudeDegrees>52.33193167</LatitudeDegrees><LongitudeDegrees>12.99513167</LongitudeDegrees></Position><AltitudeMeters>40.844</AltitudeMeters><DistanceMeters>3524.10009765625</DistanceMeters><HeartRateBpm><Value>191</Value></HeartRateBpm><Cadence>81</Cadence><SensorState>Present</SensorState><Extensions><TPX xmlns="http://www.garmin.com/xmlschemas/ActivityExtension/v2"><Watts>316</Watts></TPX></Extensions></Trackpoint><Trackpoint xmlns="http://www.garmin.com/xmlschemas/TrainingCenterDatabase/v2"><Time>2026-08-29T07:22:21.055Z</Time><Position><LatitudeDegrees>52.33192167</LatitudeDegrees><LongitudeDegrees>12.995175</LongitudeDegrees></Position><AltitudeMeters>40.844</AltitudeMeters><DistanceMeters>3526.0</DistanceMeters><HeartRateBpm><Value>191</Value></HeartRateBpm><Cadence>81</Cadence><SensorState>Present</SensorState><Extensions><TPX xmlns="http://www.garmin.com/xmlschemas/ActivityExtension/v2"><Watts>318</Watts></TPX></Extensions></Trackpoint><Trackpoint xmlns="http://www.garmin.com/xmlschemas/TrainingCenterDatabase/v2"><Time>2026-08-29T07:22:22.055Z</Time><Position><LatitudeDegrees>52.33191333</LatitudeDegrees><LongitudeDegrees>12.99522167</LongitudeDegrees></Position><AltitudeMeters>40.844</AltitudeMeters><DistanceMeters>3528.800048828125</DistanceMeters><HeartRateBpm><Value>191</Value></HeartRateBpm><Cadence>81</Cadence><SensorState>Present</SensorState><Extensions><TPX xmlns="http://www.garmin.com/xmlschemas/ActivityExtension/v2"><Watts>314</Watts></TPX></Extensions></Trackpoint><Trackpoint xmlns="http://www.garmin.com/xmlschemas/TrainingCenterDatabase/v2"><Time>2026-08-29T07:22:23.055Z</Time><Position><LatitudeDegrees>52.33191</LatitudeDegrees><LongitudeDegrees>12.995255</LongitudeDegrees></Position><AltitudeMeters>40.844</AltitudeMeters><DistanceMeters>3532.10009765625</DistanceMeters><HeartRateBpm><Value>192</Value></HeartRateBpm><Cadence>81</Cadence><SensorState>Present</SensorState><Extensions><TPX xmlns="http://www.garmin.com/xmlschemas/ActivityExtension/v2"><Watts>318</Watts></TPX></Extensions></Trackpoint><Trackpoint xmlns="http://www.garmin.com/xmlschemas/TrainingCenterDatabase/v2"><Time>2026-08-29T07:22:24.055Z</Time><Position><LatitudeDegrees>52.33190333</LatitudeDegrees><LongitudeDegrees>12.99530167</LongitudeDegrees></Position><AltitudeMeters>40.844</AltitudeMeters><DistanceMeters>3535.10009765625</DistanceMeters><HeartRateBpm><Value>192</Value></HeartRateBpm><Cadence>81</Cadence><SensorState>Present</SensorState><Extensions><TPX xmlns="http://www.garmin.com/xmlschemas/ActivityExtension/v2"><Watts>330</Watts></TPX></Extensions></Trackpoint><Trackpoint xmlns="http://www.garmin.com/xmlschemas/TrainingCenterDatabase/v2"><Time>2026-08-29T07:22:25.055Z</Time><Position><LatitudeDegrees>52.33189667</LatitudeDegrees><LongitudeDegrees>12.99535</LongitudeDegrees></Position><AltitudeMeters>40.844</AltitudeMeters><DistanceMeters>3537.60009765625</DistanceMeters><HeartRateBpm><Value>192</Value></HeartRateBpm><Cadence>81</Cadence><SensorState>Present</SensorState><Extensions><TPX xmlns="http://www.garmin.com/xmlschemas/ActivityExtension/v2"><Watts>340</Watts></TPX></Extensions></Trackpoint><Trackpoint xmlns="http://www.garmin.com/xmlschemas/TrainingCenterDatabase/v2"><Time>2026-08-29T07:22:26.055Z</Time><Position><LatitudeDegrees>52.33189333</LatitudeDegrees><LongitudeDegrees>12.995395</LongitudeDegrees></Position><AltitudeMeters>40.844</AltitudeMeters><DistanceMeters>3540.800048828125</DistanceMeters><HeartRateBpm><Value>192</Value></HeartRateBpm><Cadence>81</Cadence><SensorState>Present</SensorState><Extensions><TPX xmlns="http://www.garmin.com/xmlschemas/ActivityExtension/v2"><Watts>342</Watts></TPX></Extensions></Trackpoint><Trackpoint xmlns="http://www.garmin.com/xmlschemas/TrainingCenterDatabase/v2"><Time>2026-08-29T07:22:27.055Z</Time><Position><LatitudeDegrees>52.33189333</LatitudeDegrees><LongitudeDegrees>12.99542833</LongitudeDegrees></Position><AltitudeMeters>40.844</AltitudeMeters><DistanceMeters>3544.300048828125</DistanceMeters><HeartRateBpm><Value>192</Value></HeartRateBpm><Cadence>81</Cadence><SensorState>Present</SensorState><Extensions><TPX xmlns="http://www.garmin.com/xmlschemas/ActivityExtension/v2"><Watts>334</Watts></TPX></Extensions></Trackpoint><Trackpoint xmlns="http://www.garmin.com/xmlschemas/TrainingCenterDatabase/v2"><Time>2026-08-29T07:22:28.055Z</Time><Position><LatitudeDegrees>52.33189333</LatitudeDegrees><LongitudeDegrees>12.99545333</LongitudeDegrees></Position><AltitudeMeters>40.844</AltitudeMeters><DistanceMeters>3547.39990234375</DistanceMeters><HeartRateBpm><Value>192</Value></HeartRateBpm><Cadence>81</Cadence><SensorState>Present</SensorState><Extensions><TPX xmlns="http://www.garmin.com/xmlschemas/ActivityExtension/v2"><Watts>328</Watts></TPX></Extensions></Trackpoint><Trackpoint xmlns="http://www.garmin.com/xmlschemas/TrainingCenterDatabase/v2"><Time>2026-08-29T07:22:29.055Z</Time><Position><LatitudeDegrees>52.33189667</LatitudeDegrees><LongitudeDegrees>12.99549</LongitudeDegrees></Position><AltitudeMeters>40.844</AltitudeMeters><DistanceMeters>3550.10009765625</DistanceMeters><HeartRateBpm><Value>192</Value></HeartRateBpm><Cadence>80</Cadence><SensorState>Present</SensorState><Extensions><TPX xmlns="http://www.garmin.com/xmlschemas/ActivityExtension/v2"><Watts>322</Watts></TPX></Extensions></Trackpoint><Trackpoint xmlns="http://www.garmin.com/xmlschemas/TrainingCenterDatabase/v2"><Time>2026-08-29T07:22:30.055Z</Time><Position><LatitudeDegrees>52.33190167</LatitudeDegrees><LongitudeDegrees>12.99552167</LongitudeDegrees></Position><AltitudeMeters>40.844</AltitudeMeters><DistanceMeters>3552.39990234375</DistanceMeters><HeartRateBpm><Value>193</Value></HeartRateBpm><Cadence>80</Cadence><SensorState>Present</SensorState><Extensions><TPX xmlns="http://www.garmin.com/xmlschemas/ActivityExtension/v2"><Watts>318</Watts></TPX></Extensions></Trackpoint><Trackpoint xmlns="http://www.garmin.com/xmlschemas/TrainingCenterDatabase/v2"><Time>2026-08-29T07:22:31.055Z</Time><Position><LatitudeDegrees>52.33191333</LatitudeDegrees><LongitudeDegrees>12.99555167</LongitudeDegrees></Position><AltitudeMeters>40.844</AltitudeMeters><DistanceMeters>3554.60009765625</DistanceMeters><HeartRateBpm><Value>193</Value></HeartRateBpm><Cadence>80</Cadence><SensorState>Present</SensorState><Extensions><TPX xmlns="http://www.garmin.com/xmlschemas/ActivityExtension/v2"><Watts>314</Watts></TPX></Extensions></Trackpoint><Trackpoint xmlns="http://www.garmin.com/xmlschemas/TrainingCenterDatabase/v2"><Time>2026-08-29T07:22:32.055Z</Time><Position><LatitudeDegrees>52.33192833</LatitudeDegrees><LongitudeDegrees>12.99557833</LongitudeDegrees></Position><AltitudeMeters>40.844</AltitudeMeters><DistanceMeters>3556.699951171875</DistanceMeters><HeartRateBpm><Value>193</Value></HeartRateBpm><Cadence>81</Cadence><SensorState>Present</SensorState><Extensions><TPX xmlns="http://www.garmin.com/xmlschemas/ActivityExtension/v2"><Watts>310</Watts></TPX></Extensions></Trackpoint><Trackpoint xmlns="http://www.garmin.com/xmlschemas/TrainingCenterDatabase/v2"><Time>2026-08-29T07:22:33.055Z</Time><Position><LatitudeDegrees>52.33194</LatitudeDegrees><LongitudeDegrees>12.9956</LongitudeDegrees></Position><AltitudeMeters>40.844</AltitudeMeters><DistanceMeters>3558.5</DistanceMeters><HeartRateBpm><Value>193</Value></HeartRateBpm><Cadence>81</Cadence><SensorState>Present</SensorState><Extensions><TPX xmlns="http://www.garmin.com/xmlschemas/ActivityExtension/v2"><Watts>306</Watts></TPX></Extensions></Trackpoint><Trackpoint xmlns="http://www.garmin.com/xmlschemas/TrainingCenterDatabase/v2"><Time>2026-08-29T07:22:34.055Z</Time><Position><LatitudeDegrees>52.33195333</LatitudeDegrees><LongitudeDegrees>12.99561833</LongitudeDegrees></Position><AltitudeMeters>40.844</AltitudeMeters><DistanceMeters>3560.800048828125</DistanceMeters><HeartRateBpm><Value>193</Value></HeartRateBpm><Cadence>81</Cadence><SensorState>Present</SensorState><Extensions><TPX xmlns="http://www.garmin.com/xmlschemas/ActivityExtension/v2"><Watts>302</Watts></TPX></Extensions></Trackpoint><Trackpoint xmlns="http://www.garmin.com/xmlschemas/TrainingCenterDatabase/v2"><Time>2026-08-29T07:22:35.055Z</Time><Position><LatitudeDegrees>52.331965</LatitudeDegrees><LongitudeDegrees>12.99563667</LongitudeDegrees></Position><AltitudeMeters>40.844</AltitudeMeters><DistanceMeters>3562.39990234375</DistanceMeters><HeartRateBpm><Value>193</Value></HeartRateBpm><Cadence>81</Cadence><SensorState>Present</SensorState><Extensions><TPX xmlns="http://www.garmin.com/xmlschemas/ActivityExtension/v2"><Watts>296</Watts></TPX></Extensions></Trackpoint><Trackpoint xmlns="http://www.garmin.com/xmlschemas/TrainingCenterDatabase/v2"><Time>2026-08-29T07:22:36.055Z</Time><Position><LatitudeDegrees>52.33197833</LatitudeDegrees><LongitudeDegrees>12.99565333</LongitudeDegrees></Position><AltitudeMeters>40.844</AltitudeMeters><DistanceMeters>3563.800048828125</DistanceMeters><HeartRateBpm><Value>193</Value></HeartRateBpm><Cadence>81</Cadence><SensorState>Present</SensorState><Extensions><TPX xmlns="http://www.garmin.com/xmlschemas/ActivityExtension/v2"><Watts>290</Watts></TPX></Extensions></Trackpoint><Trackpoint xmlns="http://www.garmin.com/xmlschemas/TrainingCenterDatabase/v2"><Time>2026-08-29T07:22:37.055Z</Time><Position><LatitudeDegrees>52.33198833</LatitudeDegrees><LongitudeDegrees>12.995675</LongitudeDegrees></Position><AltitudeMeters>40.844</AltitudeMeters><DistanceMeters>3565.199951171875</DistanceMeters><HeartRateBpm><Value>193</Value></HeartRateBpm><Cadence>81</Cadence><SensorState>Present</SensorState><Extensions><TPX xmlns="http://www.garmin.com/xmlschemas/ActivityExtension/v2"><Watts>282</Watts></TPX></Extensions></Trackpoint><Trackpoint xmlns="http://www.garmin.com/xmlschemas/TrainingCenterDatabase/v2"><Time>2026-08-29T07:22:38.055Z</Time><Position><LatitudeDegrees>52.332005</LatitudeDegrees><LongitudeDegrees>12.99570333</LongitudeDegrees></Position><AltitudeMeters>40.844</AltitudeMeters><DistanceMeters>3566.800048828125</DistanceMeters><HeartRateBpm><Value>193</Value></HeartRateBpm><Cadence>81</Cadence><SensorState>Present</SensorState><Extensions><TPX xmlns="http://www.garmin.com/xmlschemas/ActivityExtension/v2"><Watts>274</Watts></TPX></Extensions></Trackpoint><Trackpoint xmlns="http://www.garmin.com/xmlschemas/TrainingCenterDatabase/v2"><Time>2026-08-29T07:22:39.055Z</Time><Position><LatitudeDegrees>52.33202333</LatitudeDegrees><LongitudeDegrees>12.99573333</LongitudeDegrees></Position><AltitudeMeters>40.844</AltitudeMeters><DistanceMeters>3568.89990234375</DistanceMeters><HeartRateBpm><Value>193</Value></HeartRateBpm><Cadence>81</Cadence><SensorState>Present</SensorState><Extensions><TPX xmlns="http://www.garmin.com/xmlschemas/ActivityExtension/v2"><Watts>270</Watts></TPX></Extensions></Trackpoint><Trackpoint xmlns="http://www.garmin.com/xmlschemas/TrainingCenterDatabase/v2"><Time>2026-08-29T07:22:40.055Z</Time><Position><LatitudeDegrees>52.33204167</LatitudeDegrees><LongitudeDegrees>12.99576333</LongitudeDegrees></Position><AltitudeMeters>40.844</AltitudeMeters><DistanceMeters>3571.10009765625</DistanceMeters><HeartRateBpm><Value>193</Value></HeartRateBpm><Cadence>81</Cadence><SensorState>Present</SensorState><Extensions><TPX xmlns="http://www.garmin.com/xmlschemas/ActivityExtension/v2"><Watts>274</Watts></TPX></Extensions></Trackpoint><Trackpoint xmlns="http://www.garmin.com/xmlschemas/TrainingCenterDatabase/v2"><Time>2026-08-29T07:22:41.055Z</Time><Position><LatitudeDegrees>52.33206167</LatitudeDegrees><LongitudeDegrees>12.99579</LongitudeDegrees></Position><AltitudeMeters>40.844</AltitudeMeters><DistanceMeters>3573.699951171875</DistanceMeters><HeartRateBpm><Value>193</Value></HeartRateBpm><Cadence>82</Cadence><SensorState>Present</SensorState><Extensions><TPX xmlns="http://www.garmin.com/xmlschemas/ActivityExtension/v2"><Watts>288</Watts></TPX></Extensions></Trackpoint><Trackpoint xmlns="http://www.garmin.com/xmlschemas/TrainingCenterDatabase/v2"><Time>2026-08-29T07:22:42.055Z</Time><Position><LatitudeDegrees>52.33208667</LatitudeDegrees><LongitudeDegrees>12.99581833</LongitudeDegrees></Position><AltitudeMeters>41.911</AltitudeMeters><DistanceMeters>3576.39990234375</DistanceMeters><HeartRateBpm><Value>193</Value></HeartRateBpm><Cadence>82</Cadence><SensorState>Present</SensorState><Extensions><TPX xmlns="http://www.garmin.com/xmlschemas/ActivityExtension/v2"><Watts>304</Watts></TPX></Extensions></Trackpoint><Trackpoint xmlns="http://www.garmin.com/xmlschemas/TrainingCenterDatabase/v2"><Time>2026-08-29T07:22:43.055Z</Time><Position><LatitudeDegrees>52.332105</LatitudeDegrees><LongitudeDegrees>12.99584333</LongitudeDegrees></Position><AltitudeMeters>41.911</AltitudeMeters><DistanceMeters>3579.10009765625</DistanceMeters><HeartRateBpm><Value>193</Value></HeartRateBpm><Cadence>82</Cadence><SensorState>Present</SensorState><Extensions><TPX xmlns="http://www.garmin.com/xmlschemas/ActivityExtension/v2"><Watts>318</Watts></TPX></Extensions></Trackpoint><Trackpoint xmlns="http://www.garmin.com/xmlschemas/TrainingCenterDatabase/v2"><Time>2026-08-29T07:22:44.055Z</Time><Position><LatitudeDegrees>52.33212333</LatitudeDegrees><LongitudeDegrees>12.99587167</LongitudeDegrees></Position><AltitudeMeters>41.911</AltitudeMeters><DistanceMeters>3582.39990234375</DistanceMeters><HeartRateBpm><Value>193</Value></HeartRateBpm><Cadence>82</Cadence><SensorState>Present</SensorState><Extensions><TPX xmlns="http://www.garmin.com/xmlschemas/ActivityExtension/v2"><Watts>330</Watts></TPX></Extensions></Trackpoint><Trackpoint xmlns="http://www.garmin.com/xmlschemas/TrainingCenterDatabase/v2"><Time>2026-08-29T07:22:45.055Z</Time><Position><LatitudeDegrees>52.33214333</LatitudeDegrees><LongitudeDegrees>12.99589833</LongitudeDegrees></Position><AltitudeMeters>41.911</AltitudeMeters><DistanceMeters>3585.60009765625</DistanceMeters><HeartRateBpm><Value>193</Value></HeartRateBpm><Cadence>82</Cadence><SensorState>Present</SensorState><Extensions><TPX xmlns="http://www.garmin.com/xmlschemas/ActivityExtension/v2"><Watts>344</Watts></TPX></Extensions></Trackpoint><Trackpoint xmlns="http://www.garmin.com/xmlschemas/TrainingCenterDatabase/v2"><Time>2026-08-29T07:22:46.055Z</Time><Position><LatitudeDegrees>52.33216</LatitudeDegrees><LongitudeDegrees>12.99592</LongitudeDegrees></Position><AltitudeMeters>41.911</AltitudeMeters><DistanceMeters>3589.0</DistanceMeters><HeartRateBpm><Value>193</Value></HeartRateBpm><Cadence>82</Cadence><SensorState>Present</SensorState><Extensions><TPX xmlns="http://www.garmin.com/xmlschemas/ActivityExtension/v2"><Watts>354</Watts></TPX></Extensions></Trackpoint><Trackpoint xmlns="http://www.garmin.com/xmlschemas/TrainingCenterDatabase/v2"><Time>2026-08-29T07:22:47.055Z</Time><Position><LatitudeDegrees>52.33218167</LatitudeDegrees><LongitudeDegrees>12.995945</LongitudeDegrees></Position><AltitudeMeters>41.911</AltitudeMeters><DistanceMeters>3592.39990234375</DistanceMeters><HeartRateBpm><Value>193</Value></HeartRateBpm><Cadence>82</Cadence><SensorState>Present</SensorState><Extensions><TPX xmlns="http://www.garmin.com/xmlschemas/ActivityExtension/v2"><Watts>366</Watts></TPX></Extensions></Trackpoint><Trackpoint xmlns="http://www.garmin.com/xmlschemas/TrainingCenterDatabase/v2"><Time>2026-08-29T07:22:48.055Z</Time><Position><LatitudeDegrees>52.33220833</LatitudeDegrees><LongitudeDegrees>12.99597667</LongitudeDegrees></Position><AltitudeMeters>42.825</AltitudeMeters><DistanceMeters>3595.60009765625</DistanceMeters><HeartRateBpm><Value>193</Value></HeartRateBpm><Cadence>82</Cadence><SensorState>Present</SensorState><Extensions><TPX xmlns="http://www.garmin.com/xmlschemas/ActivityExtension/v2"><Watts>378</Watts></TPX></Extensions></Trackpoint><Trackpoint xmlns="http://www.garmin.com/xmlschemas/TrainingCenterDatabase/v2"><Time>2026-08-29T07:22:49.055Z</Time><Position><LatitudeDegrees>52.33223167</LatitudeDegrees><LongitudeDegrees>12.99600667</LongitudeDegrees></Position><AltitudeMeters>42.825</AltitudeMeters><DistanceMeters>3598.699951171875</DistanceMeters><HeartRateBpm><Value>192</Value></HeartRateBpm><Cadence>82</Cadence><SensorState>Present</SensorState><Extensions><TPX xmlns="http://www.garmin.com/xmlschemas/ActivityExtension/v2"><Watts>390</Watts></TPX></Extensions></Trackpoint><Trackpoint xmlns="http://www.garmin.com/xmlschemas/TrainingCenterDatabase/v2"><Time>2026-08-29T07:22:50.055Z</Time><Position><LatitudeDegrees>52.33225667</LatitudeDegrees><LongitudeDegrees>12.99604</LongitudeDegrees></Position><AltitudeMeters>42.825</AltitudeMeters><DistanceMeters>3602.10009765625</DistanceMeters><HeartRateBpm><Value>192</Value></HeartRateBpm><Cadence>82</Cadence><SensorState>Present</SensorState><Extensions><TPX xmlns="http://www.garmin.com/xmlschemas/ActivityExtension/v2"><Watts>400</Watts></TPX></Extensions></Trackpoint><Trackpoint xmlns="http://www.garmin.com/xmlschemas/TrainingCenterDatabase/v2"><Time>2026-08-29T07:22:51.055Z</Time><Position><LatitudeDegrees>52.33227667</LatitudeDegrees><LongitudeDegrees>12.99606667</LongitudeDegrees></Position><AltitudeMeters>42.825</AltitudeMeters><DistanceMeters>3605.300048828125</DistanceMeters><HeartRateBpm><Value>192</Value></HeartRateBpm><Cadence>82</Cadence><SensorState>Present</SensorState><Extensions><TPX xmlns="http://www.garmin.com/xmlschemas/ActivityExtension/v2"><Watts>410</Watts></TPX></Extensions></Trackpoint><Trackpoint xmlns="http://www.garmin.com/xmlschemas/TrainingCenterDatabase/v2"><Time>2026-08-29T07:22:52.055Z</Time><Position><LatitudeDegrees>52.332295</LatitudeDegrees><LongitudeDegrees>12.99609167</LongitudeDegrees></Position><AltitudeMeters>42.825</AltitudeMeters><DistanceMeters>3608.89990234375</DistanceMeters><HeartRateBpm><Value>192</Value></HeartRateBpm><Cadence>82</Cadence><SensorState>Present</SensorState><Extensions><TPX xmlns="http://www.garmin.com/xmlschemas/ActivityExtension/v2"><Watts>418</Watts></TPX></Extensions></Trackpoint><Trackpoint xmlns="http://www.garmin.com/xmlschemas/TrainingCenterDatabase/v2"><Time>2026-08-29T07:22:53.055Z</Time><Position><LatitudeDegrees>52.33231</LatitudeDegrees><LongitudeDegrees>12.99611833</LongitudeDegrees></Position><AltitudeMeters>42.825</AltitudeMeters><DistanceMeters>3611.699951171875</DistanceMeters><HeartRateBpm><Value>191</Value></HeartRateBpm><Cadence>82</Cadence><SensorState>Present</SensorState><Extensions><TPX xmlns="http://www.garmin.com/xmlschemas/ActivityExtension/v2"><Watts>412</Watts></TPX></Extensions></Trackpoint><Trackpoint xmlns="http://www.garmin.com/xmlschemas/TrainingCenterDatabase/v2"><Time>2026-08-29T07:22:54.055Z</Time><Position><LatitudeDegrees>52.33232833</LatitudeDegrees><LongitudeDegrees>12.996145</LongitudeDegrees></Position><AltitudeMeters>42.825</AltitudeMeters><DistanceMeters>3614.699951171875</DistanceMeters><HeartRateBpm><Value>191</Value></HeartRateBpm><Cadence>82</Cadence><SensorState>Present</SensorState><Extensions><TPX xmlns="http://www.garmin.com/xmlschemas/ActivityExtension/v2"><Watts>394</Watts></TPX></Extensions></Trackpoint><Trackpoint xmlns="http://www.garmin.com/xmlschemas/TrainingCenterDatabase/v2"><Time>2026-08-29T07:22:55.055Z</Time><Position><LatitudeDegrees>52.33234833</LatitudeDegrees><LongitudeDegrees>12.99617</LongitudeDegrees></Position><AltitudeMeters>42.825</AltitudeMeters><DistanceMeters>3617.5</DistanceMeters><HeartRateBpm><Value>191</Value></HeartRateBpm><Cadence>82</Cadence><SensorState>Present</SensorState><Extensions><TPX xmlns="http://www.garmin.com/xmlschemas/ActivityExtension/v2"><Watts>382</Watts></TPX></Extensions></Trackpoint><Trackpoint xmlns="http://www.garmin.com/xmlschemas/TrainingCenterDatabase/v2"><Time>2026-08-29T07:22:56.055Z</Time><Position><LatitudeDegrees>52.33236833</LatitudeDegrees><LongitudeDegrees>12.996195</LongitudeDegrees></Position><AltitudeMeters>42.825</AltitudeMeters><DistanceMeters>3620.300048828125</DistanceMeters><HeartRateBpm><Value>191</Value></HeartRateBpm><Cadence>82</Cadence><SensorState>Present</SensorState><Extensions><TPX xmlns="http://www.garmin.com/xmlschemas/ActivityExtension/v2"><Watts>370</Watts></TPX></Extensions></Trackpoint><Trackpoint xmlns="http://www.garmin.com/xmlschemas/TrainingCenterDatabase/v2"><Time>2026-08-29T07:22:57.055Z</Time><Position><LatitudeDegrees>52.332385</LatitudeDegrees><LongitudeDegrees>12.99622167</LongitudeDegrees></Position><AltitudeMeters>42.825</AltitudeMeters><DistanceMeters>3623.39990234375</DistanceMeters><HeartRateBpm><Value>191</Value></HeartRateBpm><Cadence>82</Cadence><SensorState>Present</SensorState><Extensions><TPX xmlns="http://www.garmin.com/xmlschemas/ActivityExtension/v2"><Watts>360</Watts></TPX></Extensions></Trackpoint><Trackpoint xmlns="http://www.garmin.com/xmlschemas/TrainingCenterDatabase/v2"><Time>2026-08-29T07:22:58.055Z</Time><Position><LatitudeDegrees>52.33239833</LatitudeDegrees><LongitudeDegrees>12.996245</LongitudeDegrees></Position><AltitudeMeters>42.825</AltitudeMeters><DistanceMeters>3626.10009765625</DistanceMeters><HeartRateBpm><Value>191</Value></HeartRateBpm><Cadence>82</Cadence><SensorState>Present</SensorState><Extensions><TPX xmlns="http://www.garmin.com/xmlschemas/ActivityExtension/v2"><Watts>350</Watts></TPX></Extensions></Trackpoint><Trackpoint xmlns="http://www.garmin.com/xmlschemas/TrainingCenterDatabase/v2"><Time>2026-08-29T07:22:59.055Z</Time><Position><LatitudeDegrees>52.33241333</LatitudeDegrees><LongitudeDegrees>12.996285</LongitudeDegrees></Position><AltitudeMeters>42.825</AltitudeMeters><DistanceMeters>3628.199951171875</DistanceMeters><HeartRateBpm><Value>191</Value></HeartRateBpm><Cadence>82</Cadence><SensorState>Present</SensorState><Extensions><TPX xmlns="http://www.garmin.com/xmlschemas/ActivityExtension/v2"><Watts>342</Watts></TPX></Extensions></Trackpoint><Trackpoint xmlns="http://www.garmin.com/xmlschemas/TrainingCenterDatabase/v2"><Time>2026-08-29T07:23:00.055Z</Time><Position><LatitudeDegrees>52.33244167</LatitudeDegrees><LongitudeDegrees>12.99631833</LongitudeDegrees></Position><AltitudeMeters>42.825</AltitudeMeters><DistanceMeters>3630.39990234375</DistanceMeters><HeartRateBpm><Value>191</Value></HeartRateBpm><Cadence>82</Cadence><SensorState>Present</SensorState><Extensions><TPX xmlns="http://www.garmin.com/xmlschemas/ActivityExtension/v2"><Watts>332</Watts></TPX></Extensions></Trackpoint><Trackpoint xmlns="http://www.garmin.com/xmlschemas/TrainingCenterDatabase/v2"><Time>2026-08-29T07:23:01.055Z</Time><Position><LatitudeDegrees>52.33246</LatitudeDegrees><LongitudeDegrees>12.99635167</LongitudeDegrees></Position><AltitudeMeters>42.825</AltitudeMeters><DistanceMeters>3632.800048828125</DistanceMeters><HeartRateBpm><Value>191</Value></HeartRateBpm><Cadence>82</Cadence><SensorState>Present</SensorState><Extensions><TPX xmlns="http://www.garmin.com/xmlschemas/ActivityExtension/v2"><Watts>330</Watts></TPX></Extensions></Trackpoint><Trackpoint xmlns="http://www.garmin.com/xmlschemas/TrainingCenterDatabase/v2"><Time>2026-08-29T07:23:02.055Z</Time><Position><LatitudeDegrees>52.33249167</LatitudeDegrees><LongitudeDegrees>12.996385</LongitudeDegrees></Position><AltitudeMeters>42.825</AltitudeMeters><DistanceMeters>3636.199951171875</DistanceMeters><HeartRateBpm><Value>191</Value></HeartRateBpm><Cadence>82</Cadence><SensorState>Present</SensorState><Extensions><TPX xmlns="http://www.garmin.com/xmlschemas/ActivityExtension/v2"><Watts>340</Watts></TPX></Extensions></Trackpoint><Trackpoint xmlns="http://www.garmin.com/xmlschemas/TrainingCenterDatabase/v2"><Time>2026-08-29T07:23:03.055Z</Time><Position><LatitudeDegrees>52.33252333</LatitudeDegrees><LongitudeDegrees>12.99641667</LongitudeDegrees></Position><AltitudeMeters>42.825</AltitudeMeters><DistanceMeters>3639.39990234375</DistanceMeters><HeartRateBpm><Value>191</Value></HeartRateBpm><Cadence>82</Cadence><SensorState>Present</SensorState><Extensions><TPX xmlns="http://www.garmin.com/xmlschemas/ActivityExtension/v2"><Watts>356</Watts></TPX></Extensions></Trackpoint><Trackpoint xmlns="http://www.garmin.com/xmlschemas/TrainingCenterDatabase/v2"><Time>2026-08-29T07:23:04.055Z</Time><Position><LatitudeDegrees>52.33254833</LatitudeDegrees><LongitudeDegrees>12.99645</LongitudeDegrees></Position><AltitudeMeters>42.825</AltitudeMeters><DistanceMeters>3643.5</DistanceMeters><HeartRateBpm><Value>191</Value></HeartRateBpm><Cadence>82</Cadence><SensorState>Present</SensorState><Extensions><TPX xmlns="http://www.garmin.com/xmlschemas/ActivityExtension/v2"><Watts>374</Watts></TPX></Extensions></Trackpoint><Trackpoint xmlns="http://www.garmin.com/xmlschemas/TrainingCenterDatabase/v2"><Time>2026-08-29T07:23:05.055Z</Time><Position><LatitudeDegrees>52.332575</LatitudeDegrees><LongitudeDegrees>12.99648833</LongitudeDegrees></Position><AltitudeMeters>42.825</AltitudeMeters><DistanceMeters>3647.60009765625</DistanceMeters><HeartRateBpm><Value>191</Value></HeartRateBpm><Cadence>82</Cadence><SensorState>Present</SensorState><Extensions><TPX xmlns="http://www.garmin.com/xmlschemas/ActivityExtension/v2"><Watts>388</Watts></TPX></Extensions></Trackpoint><Trackpoint xmlns="http://www.garmin.com/xmlschemas/TrainingCenterDatabase/v2"><Time>2026-08-29T07:23:06.055Z</Time><Position><LatitudeDegrees>52.332595</LatitudeDegrees><LongitudeDegrees>12.99652833</LongitudeDegrees></Position><AltitudeMeters>42.825</AltitudeMeters><DistanceMeters>3651.60009765625</DistanceMeters><HeartRateBpm><Value>191</Value></HeartRateBpm><Cadence>82</Cadence><SensorState>Present</SensorState><Extensions><TPX xmlns="http://www.garmin.com/xmlschemas/ActivityExtension/v2"><Watts>402</Watts></TPX></Extensions></Trackpoint><Trackpoint xmlns="http://www.garmin.com/xmlschemas/TrainingCenterDatabase/v2"><Time>2026-08-29T07:23:07.055Z</Time><Position><LatitudeDegrees>52.332605</LatitudeDegrees><LongitudeDegrees>12.99656</LongitudeDegrees></Position><AltitudeMeters>42.825</AltitudeMeters><DistanceMeters>3655.800048828125</DistanceMeters><HeartRateBpm><Value>192</Value></HeartRateBpm><Cadence>82</Cadence><SensorState>Present</SensorState><Extensions><TPX xmlns="http://www.garmin.com/xmlschemas/ActivityExtension/v2"><Watts>408</Watts></TPX></Extensions></Trackpoint><Trackpoint xmlns="http://www.garmin.com/xmlschemas/TrainingCenterDatabase/v2"><Time>2026-08-29T07:23:08.055Z</Time><Position><LatitudeDegrees>52.33262167</LatitudeDegrees><LongitudeDegrees>12.99660333</LongitudeDegrees></Position><AltitudeMeters>42.825</AltitudeMeters><DistanceMeters>3659.89990234375</DistanceMeters><HeartRateBpm><Value>192</Value></HeartRateBpm><Cadence>82</Cadence><SensorState>Present</SensorState><Extensions><TPX xmlns="http://www.garmin.com/xmlschemas/ActivityExtension/v2"><Watts>414</Watts></TPX></Extensions></Trackpoint><Trackpoint xmlns="http://www.garmin.com/xmlschemas/TrainingCenterDatabase/v2"><Time>2026-08-29T07:23:09.055Z</Time><Position><LatitudeDegrees>52.33264167</LatitudeDegrees><LongitudeDegrees>12.99664</LongitudeDegrees></Position><AltitudeMeters>42.825</AltitudeMeters><DistanceMeters>3663.60009765625</DistanceMeters><HeartRateBpm><Value>192</Value></HeartRateBpm><Cadence>82</Cadence><SensorState>Present</SensorState><Extensions><TPX xmlns="http://www.garmin.com/xmlschemas/ActivityExtension/v2"><Watts>416</Watts></TPX></Extensions></Trackpoint><Trackpoint xmlns="http://www.garmin.com/xmlschemas/TrainingCenterDatabase/v2"><Time>2026-08-29T07:23:10.055Z</Time><Position><LatitudeDegrees>52.33266667</LatitudeDegrees><LongitudeDegrees>12.99667833</LongitudeDegrees></Position><AltitudeMeters>42.825</AltitudeMeters><DistanceMeters>3667.5</DistanceMeters><HeartRateBpm><Value>192</Value></HeartRateBpm><Cadence>82</Cadence><SensorState>Present</SensorState><Extensions><TPX xmlns="http://www.garmin.com/xmlschemas/ActivityExtension/v2"><Watts>416</Watts></TPX></Extensions></Trackpoint><Trackpoint xmlns="http://www.garmin.com/xmlschemas/TrainingCenterDatabase/v2"><Time>2026-08-29T07:23:11.055Z</Time><Position><LatitudeDegrees>52.33269167</LatitudeDegrees><LongitudeDegrees>12.99671833</LongitudeDegrees></Position><AltitudeMeters>42.825</AltitudeMeters><DistanceMeters>3670.699951171875</DistanceMeters><HeartRateBpm><Value>192</Value></HeartRateBpm><Cadence>82</Cadence><SensorState>Present</SensorState><Extensions><TPX xmlns="http://www.garmin.com/xmlschemas/ActivityExtension/v2"><Watts>418</Watts></TPX></Extensions></Trackpoint><Trackpoint xmlns="http://www.garmin.com/xmlschemas/TrainingCenterDatabase/v2"><Time>2026-08-29T07:23:12.055Z</Time><Position><LatitudeDegrees>52.33270833</LatitudeDegrees><LongitudeDegrees>12.99675</LongitudeDegrees></Position><AltitudeMeters>42.825</AltitudeMeters><DistanceMeters>3674.60009765625</DistanceMeters><HeartRateBpm><Value>193</Value></HeartRateBpm><Cadence>82</Cadence><SensorState>Present</SensorState><Extensions><TPX xmlns="http://www.garmin.com/xmlschemas/ActivityExtension/v2"><Watts>420</Watts></TPX></Extensions></Trackpoint><Trackpoint xmlns="http://www.garmin.com/xmlschemas/TrainingCenterDatabase/v2"><Time>2026-08-29T07:23:13.055Z</Time><Position><LatitudeDegrees>52.33272833</LatitudeDegrees><LongitudeDegrees>12.99679</LongitudeDegrees></Position><AltitudeMeters>42.825</AltitudeMeters><DistanceMeters>3677.800048828125</DistanceMeters><HeartRateBpm><Value>193</Value></HeartRateBpm><Cadence>82</Cadence><SensorState>Present</SensorState><Extensions><TPX xmlns="http://www.garmin.com/xmlschemas/ActivityExtension/v2"><Watts>422</Watts></TPX></Extensions></Trackpoint><Trackpoint xmlns="http://www.garmin.com/xmlschemas/TrainingCenterDatabase/v2"><Time>2026-08-29T07:23:14.055Z</Time><Position><LatitudeDegrees>52.332745</LatitudeDegrees><LongitudeDegrees>12.99682667</LongitudeDegrees></Position><AltitudeMeters>42.825</AltitudeMeters><DistanceMeters>3680.699951171875</DistanceMeters><HeartRateBpm><Value>193</Value></HeartRateBpm><Cadence>81</Cadence><SensorState>Present</SensorState><Extensions><TPX xmlns="http://www.garmin.com/xmlschemas/ActivityExtension/v2"><Watts>422</Watts></TPX></Extensions></Trackpoint><Trackpoint xmlns="http://www.garmin.com/xmlschemas/TrainingCenterDatabase/v2"><Time>2026-08-29T07:23:15.055Z</Time><Position><LatitudeDegrees>52.33276</LatitudeDegrees><LongitudeDegrees>12.99685333</LongitudeDegrees></Position><AltitudeMeters>42.825</AltitudeMeters><DistanceMeters>3684.199951171875</DistanceMeters><HeartRateBpm><Value>193</Value></HeartRateBpm><Cadence>81</Cadence><SensorState>Present</SensorState><Extensions><TPX xmlns="http://www.garmin.com/xmlschemas/ActivityExtension/v2"><Watts>406</Watts></TPX></Extensions></Trackpoint><Trackpoint xmlns="http://www.garmin.com/xmlschemas/TrainingCenterDatabase/v2"><Time>2026-08-29T07:23:16.055Z</Time><Position><LatitudeDegrees>52.33277333</LatitudeDegrees><LongitudeDegrees>12.99688167</LongitudeDegrees></Position><AltitudeMeters>42.825</AltitudeMeters><DistanceMeters>3687.0</DistanceMeters><HeartRateBpm><Value>193</Value></HeartRateBpm><Cadence>80</Cadence><SensorState>Present</SensorState><Extensions><TPX xmlns="http://www.garmin.com/xmlschemas/ActivityExtension/v2"><Watts>380</Watts></TPX></Extensions></Trackpoint><Trackpoint xmlns="http://www.garmin.com/xmlschemas/TrainingCenterDatabase/v2"><Time>2026-08-29T07:23:17.055Z</Time><Position><LatitudeDegrees>52.33278667</LatitudeDegrees><LongitudeDegrees>12.99691667</LongitudeDegrees></Position><AltitudeMeters>42.825</AltitudeMeters><DistanceMeters>3689.5</DistanceMeters><HeartRateBpm><Value>193</Value></HeartRateBpm><Cadence>80</Cadence><SensorState>Present</SensorState><Extensions><TPX xmlns="http://www.garmin.com/xmlschemas/ActivityExtension/v2"><Watts>354</Watts></TPX></Extensions></Trackpoint><Trackpoint xmlns="http://www.garmin.com/xmlschemas/TrainingCenterDatabase/v2"><Time>2026-08-29T07:23:18.055Z</Time><Position><LatitudeDegrees>52.33280333</LatitudeDegrees><LongitudeDegrees>12.99695</LongitudeDegrees></Position><AltitudeMeters>42.825</AltitudeMeters><DistanceMeters>3692.60009765625</DistanceMeters><HeartRateBpm><Value>193</Value></HeartRateBpm><Cadence>80</Cadence><SensorState>Present</SensorState><Extensions><TPX xmlns="http://www.garmin.com/xmlschemas/ActivityExtension/v2"><Watts>332</Watts></TPX></Extensions></Trackpoint><Trackpoint xmlns="http://www.garmin.com/xmlschemas/TrainingCenterDatabase/v2"><Time>2026-08-29T07:23:19.055Z</Time><Position><LatitudeDegrees>52.33282333</LatitudeDegrees><LongitudeDegrees>12.99698667</LongitudeDegrees></Position><AltitudeMeters>42.825</AltitudeMeters><DistanceMeters>3695.199951171875</DistanceMeters><HeartRateBpm><Value>193</Value></HeartRateBpm><Cadence>80</Cadence><SensorState>Present</SensorState><Extensions><TPX xmlns="http://www.garmin.com/xmlschemas/ActivityExtension/v2"><Watts>314</Watts></TPX></Extensions></Trackpoint><Trackpoint xmlns="http://www.garmin.com/xmlschemas/TrainingCenterDatabase/v2"><Time>2026-08-29T07:23:20.055Z</Time><Position><LatitudeDegrees>52.332855</LatitudeDegrees><LongitudeDegrees>12.99702</LongitudeDegrees></Position><AltitudeMeters>42.825</AltitudeMeters><DistanceMeters>3697.89990234375</DistanceMeters><HeartRateBpm><Value>193</Value></HeartRateBpm><Cadence>80</Cadence><SensorState>Present</SensorState><Extensions><TPX xmlns="http://www.garmin.com/xmlschemas/ActivityExtension/v2"><Watts>306</Watts></TPX></Extensions></Trackpoint><Trackpoint xmlns="http://www.garmin.com/xmlschemas/TrainingCenterDatabase/v2"><Time>2026-08-29T07:23:21.055Z</Time><Position><LatitudeDegrees>52.332875</LatitudeDegrees><LongitudeDegrees>12.99704833</LongitudeDegrees></Position><AltitudeMeters>42.825</AltitudeMeters><DistanceMeters>3700.5</DistanceMeters><HeartRateBpm><Value>193</Value></HeartRateBpm><Cadence>80</Cadence><SensorState>Present</SensorState><Extensions><TPX xmlns="http://www.garmin.com/xmlschemas/ActivityExtension/v2"><Watts>304</Watts></TPX></Extensions></Trackpoint><Trackpoint xmlns="http://www.garmin.com/xmlschemas/TrainingCenterDatabase/v2"><Time>2026-08-29T07:23:22.055Z</Time><Position><LatitudeDegrees>52.33290167</LatitudeDegrees><LongitudeDegrees>12.997075</LongitudeDegrees></Position><AltitudeMeters>42.825</AltitudeMeters><DistanceMeters>3703.699951171875</DistanceMeters><HeartRateBpm><Value>193</Value></HeartRateBpm><Cadence>80</Cadence><SensorState>Present</SensorState><Extensions><TPX xmlns="http://www.garmin.com/xmlschemas/ActivityExtension/v2"><Watts>306</Watts></TPX></Extensions></Trackpoint><Trackpoint xmlns="http://www.garmin.com/xmlschemas/TrainingCenterDatabase/v2"><Time>2026-08-29T07:23:23.055Z</Time><Position><LatitudeDegrees>52.33292333</LatitudeDegrees><LongitudeDegrees>12.99709333</LongitudeDegrees></Position><AltitudeMeters>42.825</AltitudeMeters><DistanceMeters>3706.89990234375</DistanceMeters><HeartRateBpm><Value>193</Value></HeartRateBpm><Cadence>81</Cadence><SensorState>Present</SensorState><Extensions><TPX xmlns="http://www.garmin.com/xmlschemas/ActivityExtension/v2"><Watts>308</Watts></TPX></Extensions></Trackpoint><Trackpoint xmlns="http://www.garmin.com/xmlschemas/TrainingCenterDatabase/v2"><Time>2026-08-29T07:23:24.055Z</Time><Position><LatitudeDegrees>52.33294667</LatitudeDegrees><LongitudeDegrees>12.99710333</LongitudeDegrees></Position><AltitudeMeters>42.825</AltitudeMeters><DistanceMeters>3710.10009765625</DistanceMeters><HeartRateBpm><Value>193</Value></HeartRateBpm><Cadence>81</Cadence><SensorState>Present</SensorState><Extensions><TPX xmlns="http://www.garmin.com/xmlschemas/ActivityExtension/v2"><Watts>300</Watts></TPX></Extensions></Trackpoint><Trackpoint xmlns="http://www.garmin.com/xmlschemas/TrainingCenterDatabase/v2"><Time>2026-08-29T07:23:25.055Z</Time><Position><LatitudeDegrees>52.33296833</LatitudeDegrees><LongitudeDegrees>12.99711167</LongitudeDegrees></Position><AltitudeMeters>42.825</AltitudeMeters><DistanceMeters>3712.89990234375</DistanceMeters><HeartRateBpm><Value>193</Value></HeartRateBpm><Cadence>81</Cadence><SensorState>Present</SensorState><Extensions><TPX xmlns="http://www.garmin.com/xmlschemas/ActivityExtension/v2"><Watts>286</Watts></TPX></Extensions></Trackpoint><Trackpoint xmlns="http://www.garmin.com/xmlschemas/TrainingCenterDatabase/v2"><Time>2026-08-29T07:23:26.055Z</Time><Position><LatitudeDegrees>52.333005</LatitudeDegrees><LongitudeDegrees>12.99711833</LongitudeDegrees></Position><AltitudeMeters>42.825</AltitudeMeters><DistanceMeters>3716.0</DistanceMeters><HeartRateBpm><Value>193</Value></HeartRateBpm><Cadence>80</Cadence><SensorState>Present</SensorState><Extensions><TPX xmlns="http://www.garmin.com/xmlschemas/ActivityExtension/v2"><Watts>276</Watts></TPX></Extensions></Trackpoint><Trackpoint xmlns="http://www.garmin.com/xmlschemas/TrainingCenterDatabase/v2"><Time>2026-08-29T07:23:27.055Z</Time><Position><LatitudeDegrees>52.33305</LatitudeDegrees><LongitudeDegrees>12.99712167</LongitudeDegrees></Position><AltitudeMeters>42.825</AltitudeMeters><DistanceMeters>3719.0</DistanceMeters><HeartRateBpm><Value>193</Value></HeartRateBpm><Cadence>80</Cadence><SensorState>Present</SensorState><Extensions><TPX xmlns="http://www.garmin.com/xmlschemas/ActivityExtension/v2"><Watts>276</Watts></TPX></Extensions></Trackpoint><Trackpoint xmlns="http://www.garmin.com/xmlschemas/TrainingCenterDatabase/v2"><Time>2026-08-29T07:23:28.055Z</Time><Position><LatitudeDegrees>52.33309167</LatitudeDegrees><LongitudeDegrees>12.99713167</LongitudeDegrees></Position><AltitudeMeters>42.825</AltitudeMeters><DistanceMeters>3722.800048828125</DistanceMeters><HeartRateBpm><Value>193</Value></HeartRateBpm><Cadence>81</Cadence><SensorState>Present</SensorState><Extensions><TPX xmlns="http://www.garmin.com/xmlschemas/ActivityExtension/v2"><Watts>288</Watts></TPX></Extensions></Trackpoint><Trackpoint xmlns="http://www.garmin.com/xmlschemas/TrainingCenterDatabase/v2"><Time>2026-08-29T07:23:29.055Z</Time><Position><LatitudeDegrees>52.33313</LatitudeDegrees><LongitudeDegrees>12.99713667</LongitudeDegrees></Position><AltitudeMeters>42.825</AltitudeMeters><DistanceMeters>3727.39990234375</DistanceMeters><HeartRateBpm><Value>193</Value></HeartRateBpm><Cadence>82</Cadence><SensorState>Present</SensorState><Extensions><TPX xmlns="http://www.garmin.com/xmlschemas/ActivityExtension/v2"><Watts>306</Watts></TPX></Extensions></Trackpoint><Trackpoint xmlns="http://www.garmin.com/xmlschemas/TrainingCenterDatabase/v2"><Time>2026-08-29T07:23:30.055Z</Time><Position><LatitudeDegrees>52.333165</LatitudeDegrees><LongitudeDegrees>12.997145</LongitudeDegrees></Position><AltitudeMeters>42.825</AltitudeMeters><DistanceMeters>3731.800048828125</DistanceMeters><HeartRateBpm><Value>193</Value></HeartRateBpm><Cadence>82</Cadence><SensorState>Present</SensorState><Extensions><TPX xmlns="http://www.garmin.com/xmlschemas/ActivityExtension/v2"><Watts>324</Watts></TPX></Extensions></Trackpoint><Trackpoint xmlns="http://www.garmin.com/xmlschemas/TrainingCenterDatabase/v2"><Time>2026-08-29T07:23:31.055Z</Time><Position><LatitudeDegrees>52.33320667</LatitudeDegrees><LongitudeDegrees>12.99714333</LongitudeDegrees></Position><AltitudeMeters>42.825</AltitudeMeters><DistanceMeters>3735.60009765625</DistanceMeters><HeartRateBpm><Value>193</Value></HeartRateBpm><Cadence>82</Cadence><SensorState>Present</SensorState><Extensions><TPX xmlns="http://www.garmin.com/xmlschemas/ActivityExtension/v2"><Watts>340</Watts></TPX></Extensions></Trackpoint><Trackpoint xmlns="http://www.garmin.com/xmlschemas/TrainingCenterDatabase/v2"><Time>2026-08-29T07:23:32.055Z</Time><Position><LatitudeDegrees>52.33325333</LatitudeDegrees><LongitudeDegrees>12.99714333</LongitudeDegrees></Position><AltitudeMeters>42.825</AltitudeMeters><DistanceMeters>3740.199951171875</DistanceMeters><HeartRateBpm><Value>193</Value></HeartRateBpm><Cadence>82</Cadence><SensorState>Present</SensorState><Extensions><TPX xmlns="http://www.garmin.com/xmlschemas/ActivityExtension/v2"><Watts>356</Watts></TPX></Extensions></Trackpoint><Trackpoint xmlns="http://www.garmin.com/xmlschemas/TrainingCenterDatabase/v2"><Time>2026-08-29T07:23:33.055Z</Time><Position><LatitudeDegrees>52.33328667</LatitudeDegrees><LongitudeDegrees>12.997145</LongitudeDegrees></Position><AltitudeMeters>42.825</AltitudeMeters><DistanceMeters>3745.0</DistanceMeters><HeartRateBpm><Value>193</Value></HeartRateBpm><Cadence>82</Cadence><SensorState>Present</SensorState><Extensions><TPX xmlns="http://www.garmin.com/xmlschemas/ActivityExtension/v2"><Watts>370</Watts></TPX></Extensions></Trackpoint><Trackpoint xmlns="http://www.garmin.com/xmlschemas/TrainingCenterDatabase/v2"><Time>2026-08-29T07:23:34.055Z</Time><Position><LatitudeDegrees>52.33331667</LatitudeDegrees><LongitudeDegrees>12.99716667</LongitudeDegrees></Position><AltitudeMeters>42.825</AltitudeMeters><DistanceMeters>3750.89990234375</DistanceMeters><HeartRateBpm><Value>193</Value></HeartRateBpm><Cadence>82</Cadence><SensorState>Present</SensorState><Extensions><TPX xmlns="http://www.garmin.com/xmlschemas/ActivityExtension/v2"><Watts>380</Watts></TPX></Extensions></Trackpoint><Trackpoint xmlns="http://www.garmin.com/xmlschemas/TrainingCenterDatabase/v2"><Time>2026-08-29T07:23:35.055Z</Time><Position><LatitudeDegrees>52.33334667</LatitudeDegrees><LongitudeDegrees>12.99717333</LongitudeDegrees></Position><AltitudeMeters>42.825</AltitudeMeters><DistanceMeters>3755.800048828125</DistanceMeters><HeartRateBpm><Value>193</Value></HeartRateBpm><Cadence>81</Cadence><SensorState>Present</SensorState><Extensions><TPX xmlns="http://www.garmin.com/xmlschemas/ActivityExtension/v2"><Watts>388</Watts></TPX></Extensions></Trackpoint><Trackpoint xmlns="http://www.garmin.com/xmlschemas/TrainingCenterDatabase/v2"><Time>2026-08-29T07:23:36.055Z</Time><Position><LatitudeDegrees>52.33337333</LatitudeDegrees><LongitudeDegrees>12.99717667</LongitudeDegrees></Position><AltitudeMeters>42.825</AltitudeMeters><DistanceMeters>3760.699951171875</DistanceMeters><HeartRateBpm><Value>193</Value></HeartRateBpm><Cadence>80</Cadence><SensorState>Present</SensorState><Extensions><TPX xmlns="http://www.garmin.com/xmlschemas/ActivityExtension/v2"><Watts>390</Watts></TPX></Extensions></Trackpoint><Trackpoint xmlns="http://www.garmin.com/xmlschemas/TrainingCenterDatabase/v2"><Time>2026-08-29T07:23:37.055Z</Time><Position><LatitudeDegrees>52.3334</LatitudeDegrees><LongitudeDegrees>12.99717833</LongitudeDegrees></Position><AltitudeMeters>42.825</AltitudeMeters><DistanceMeters>3764.5</DistanceMeters><HeartRateBpm><Value>193</Value></HeartRateBpm><Cadence>80</Cadence><SensorState>Present</SensorState><Extensions><TPX xmlns="http://www.garmin.com/xmlschemas/ActivityExtension/v2"><Watts>388</Watts></TPX></Extensions></Trackpoint><Trackpoint xmlns="http://www.garmin.com/xmlschemas/TrainingCenterDatabase/v2"><Time>2026-08-29T07:23:38.055Z</Time><Position><LatitudeDegrees>52.33342333</LatitudeDegrees><LongitudeDegrees>12.99718</LongitudeDegrees></Position><AltitudeMeters>41.911</AltitudeMeters><DistanceMeters>3767.39990234375</DistanceMeters><HeartRateBpm><Value>193</Value></HeartRateBpm><Cadence>80</Cadence><SensorState>Present</SensorState><Extensions><TPX xmlns="http://www.garmin.com/xmlschemas/ActivityExtension/v2"><Watts>374</Watts></TPX></Extensions></Trackpoint><Trackpoint xmlns="http://www.garmin.com/xmlschemas/TrainingCenterDatabase/v2"><Time>2026-08-29T07:23:39.055Z</Time><Position><LatitudeDegrees>52.33345167</LatitudeDegrees><LongitudeDegrees>12.99717667</LongitudeDegrees></Position><AltitudeMeters>41.911</AltitudeMeters><DistanceMeters>3770.0</DistanceMeters><HeartRateBpm><Value>193</Value></HeartRateBpm><Cadence>80</Cadence><SensorState>Present</SensorState><Extensions><TPX xmlns="http://www.garmin.com/xmlschemas/ActivityExtension/v2"><Watts>348</Watts></TPX></Extensions></Trackpoint><Trackpoint xmlns="http://www.garmin.com/xmlschemas/TrainingCenterDatabase/v2"><Time>2026-08-29T07:23:40.055Z</Time><Position><LatitudeDegrees>52.33349333</LatitudeDegrees><LongitudeDegrees>12.99717333</LongitudeDegrees></Position><AltitudeMeters>41.911</AltitudeMeters><DistanceMeters>3772.39990234375</DistanceMeters><HeartRateBpm><Value>193</Value></HeartRateBpm><Cadence>80</Cadence><SensorState>Present</SensorState><Extensions><TPX xmlns="http://www.garmin.com/xmlschemas/ActivityExtension/v2"><Watts>336</Watts></TPX></Extensions></Trackpoint><Trackpoint xmlns="http://www.garmin.com/xmlschemas/TrainingCenterDatabase/v2"><Time>2026-08-29T07:23:41.055Z</Time><Position><LatitudeDegrees>52.333535</LatitudeDegrees><LongitudeDegrees>12.99717333</LongitudeDegrees></Position><AltitudeMeters>41.911</AltitudeMeters><DistanceMeters>3775.39990234375</DistanceMeters><HeartRateBpm><Value>192</Value></HeartRateBpm><Cadence>81</Cadence><SensorState>Present</SensorState><Extensions><TPX xmlns="http://www.garmin.com/xmlschemas/ActivityExtension/v2"><Watts>340</Watts></TPX></Extensions></Trackpoint><Trackpoint xmlns="http://www.garmin.com/xmlschemas/TrainingCenterDatabase/v2"><Time>2026-08-29T07:23:42.055Z</Time><Position><LatitudeDegrees>52.33357333</LatitudeDegrees><LongitudeDegrees>12.99718667</LongitudeDegrees></Position><AltitudeMeters>41.911</AltitudeMeters><DistanceMeters>3778.800048828125</DistanceMeters><HeartRateBpm><Value>192</Value></HeartRateBpm><Cadence>81</Cadence><SensorState>Present</SensorState><Extensions><TPX xmlns="http://www.garmin.com/xmlschemas/ActivityExtension/v2"><Watts>352</Watts></TPX></Extensions></Trackpoint><Trackpoint xmlns="http://www.garmin.com/xmlschemas/TrainingCenterDatabase/v2"><Time>2026-08-29T07:23:43.055Z</Time><Position><LatitudeDegrees>52.33361333</LatitudeDegrees><LongitudeDegrees>12.99721</LongitudeDegrees></Position><AltitudeMeters>41.911</AltitudeMeters><DistanceMeters>3782.199951171875</DistanceMeters><HeartRateBpm><Value>192</Value></HeartRateBpm><Cadence>81</Cadence><SensorState>Present</SensorState><Extensions><TPX xmlns="http://www.garmin.com/xmlschemas/ActivityExtension/v2"><Watts>364</Watts></TPX></Extensions></Trackpoint><Trackpoint xmlns="http://www.garmin.com/xmlschemas/TrainingCenterDatabase/v2"><Time>2026-08-29T07:23:44.055Z</Time><Position><LatitudeDegrees>52.33366167</LatitudeDegrees><LongitudeDegrees>12.99727833</LongitudeDegrees></Position><AltitudeMeters>41.911</AltitudeMeters><DistanceMeters>3786.300048828125</DistanceMeters><HeartRateBpm><Value>192</Value></HeartRateBpm><Cadence>81</Cadence><SensorState>Present</SensorState><Extensions><TPX xmlns="http://www.garmin.com/xmlschemas/ActivityExtension/v2"><Watts>378</Watts></TPX></Extensions></Trackpoint><Trackpoint xmlns="http://www.garmin.com/xmlschemas/TrainingCenterDatabase/v2"><Time>2026-08-29T07:23:45.055Z</Time><Position><LatitudeDegrees>52.333705</LatitudeDegrees><LongitudeDegrees>12.99733167</LongitudeDegrees></Position><AltitudeMeters>41.911</AltitudeMeters><DistanceMeters>3790.800048828125</DistanceMeters><HeartRateBpm><Value>192</Value></HeartRateBpm><Cadence>81</Cadence><SensorState>Present</SensorState><Extensions><TPX xmlns="http://www.garmin.com/xmlschemas/ActivityExtension/v2"><Watts>394</Watts></TPX></Extensions></Trackpoint><Trackpoint xmlns="http://www.garmin.com/xmlschemas/TrainingCenterDatabase/v2"><Time>2026-08-29T07:23:46.055Z</Time><Position><LatitudeDegrees>52.33376</LatitudeDegrees><LongitudeDegrees>12.99738333</LongitudeDegrees></Position><AltitudeMeters>40.844</AltitudeMeters><DistanceMeters>3796.89990234375</DistanceMeters><HeartRateBpm><Value>192</Value></HeartRateBpm><Cadence>81</Cadence><SensorState>Present</SensorState><Extensions><TPX xmlns="http://www.garmin.com/xmlschemas/ActivityExtension/v2"><Watts>346</Watts></TPX></Extensions></Trackpoint><Trackpoint xmlns="http://www.garmin.com/xmlschemas/TrainingCenterDatabase/v2"><Time>2026-08-29T07:23:47.055Z</Time><Position><LatitudeDegrees>52.33380333</LatitudeDegrees><LongitudeDegrees>12.99743</LongitudeDegrees></Position><AltitudeMeters>40.844</AltitudeMeters><DistanceMeters>3803.0</DistanceMeters><HeartRateBpm><Value>192</Value></HeartRateBpm><Cadence>81</Cadence><SensorState>Present</SensorState><Extensions><TPX xmlns="http://www.garmin.com/xmlschemas/ActivityExtension/v2"><Watts>268</Watts></TPX></Extensions></Trackpoint><Trackpoint xmlns="http://www.garmin.com/xmlschemas/TrainingCenterDatabase/v2"><Time>2026-08-29T07:23:48.055Z</Time><Position><LatitudeDegrees>52.33384167</LatitudeDegrees><LongitudeDegrees>12.997475</LongitudeDegrees></Position><AltitudeMeters>40.844</AltitudeMeters><DistanceMeters>3809.60009765625</DistanceMeters><HeartRateBpm><Value>192</Value></HeartRateBpm><Cadence>80</Cadence><SensorState>Present</SensorState><Extensions><TPX xmlns="http://www.garmin.com/xmlschemas/ActivityExtension/v2"><Watts>240</Watts></TPX></Extensions></Trackpoint><Trackpoint xmlns="http://www.garmin.com/xmlschemas/TrainingCenterDatabase/v2"><Time>2026-08-29T07:23:49.055Z</Time><Position><LatitudeDegrees>52.33387833</LatitudeDegrees><LongitudeDegrees>12.99754167</LongitudeDegrees></Position><AltitudeMeters>40.844</AltitudeMeters><DistanceMeters>3816.5</DistanceMeters><HeartRateBpm><Value>192</Value></HeartRateBpm><Cadence>80</Cadence><SensorState>Present</SensorState><Extensions><TPX xmlns="http://www.garmin.com/xmlschemas/ActivityExtension/v2"><Watts>230</Watts></TPX></Extensions></Trackpoint><Trackpoint xmlns="http://www.garmin.com/xmlschemas/TrainingCenterDatabase/v2"><Time>2026-08-29T07:23:50.055Z</Time><Position><LatitudeDegrees>52.33391</LatitudeDegrees><LongitudeDegrees>12.99760667</LongitudeDegrees></Position><AltitudeMeters>40.844</AltitudeMeters><DistanceMeters>3822.800048828125</DistanceMeters><HeartRateBpm><Value>192</Value></HeartRateBpm><Cadence>81</Cadence><SensorState>Present</SensorState><Extensions><TPX xmlns="http://www.garmin.com/xmlschemas/ActivityExtension/v2"><Watts>224</Watts></TPX></Extensions></Trackpoint><Trackpoint xmlns="http://www.garmin.com/xmlschemas/TrainingCenterDatabase/v2"><Time>2026-08-29T07:23:51.055Z</Time><Position><LatitudeDegrees>52.33392667</LatitudeDegrees><LongitudeDegrees>12.99767667</LongitudeDegrees></Position><AltitudeMeters>40.844</AltitudeMeters><DistanceMeters>3829.300048828125</DistanceMeters><HeartRateBpm><Value>192</Value></HeartRateBpm><Cadence>80</Cadence><SensorState>Present</SensorState><Extensions><TPX xmlns="http://www.garmin.com/xmlschemas/ActivityExtension/v2"><Watts>222</Watts></TPX></Extensions></Trackpoint><Trackpoint xmlns="http://www.garmin.com/xmlschemas/TrainingCenterDatabase/v2"><Time>2026-08-29T07:23:52.055Z</Time><Position><LatitudeDegrees>52.33393333</LatitudeDegrees><LongitudeDegrees>12.997735</LongitudeDegrees></Position><AltitudeMeters>40.844</AltitudeMeters><DistanceMeters>3836.0</DistanceMeters><HeartRateBpm><Value>192</Value></HeartRateBpm><Cadence>81</Cadence><SensorState>Present</SensorState><Extensions><TPX xmlns="http://www.garmin.com/xmlschemas/ActivityExtension/v2"><Watts>248</Watts></TPX></Extensions></Trackpoint><Trackpoint xmlns="http://www.garmin.com/xmlschemas/TrainingCenterDatabase/v2"><Time>2026-08-29T07:23:53.055Z</Time><Position><LatitudeDegrees>52.33393333</LatitudeDegrees><LongitudeDegrees>12.997795</LongitudeDegrees></Position><AltitudeMeters>40.844</AltitudeMeters><DistanceMeters>3842.300048828125</DistanceMeters><HeartRateBpm><Value>192</Value></HeartRateBpm><Cadence>81</Cadence><SensorState>Present</SensorState><Extensions><TPX xmlns="http://www.garmin.com/xmlschemas/ActivityExtension/v2"><Watts>284</Watts></TPX></Extensions></Trackpoint><Trackpoint xmlns="http://www.garmin.com/xmlschemas/TrainingCenterDatabase/v2"><Time>2026-08-29T07:23:54.055Z</Time><Position><LatitudeDegrees>52.33393333</LatitudeDegrees><LongitudeDegrees>12.99782833</LongitudeDegrees></Position><AltitudeMeters>39.777</AltitudeMeters><DistanceMeters>3847.60009765625</DistanceMeters><HeartRateBpm><Value>192</Value></HeartRateBpm><Cadence>81</Cadence><SensorState>Present</SensorState><Extensions><TPX xmlns="http://www.garmin.com/xmlschemas/ActivityExtension/v2"><Watts>300</Watts></TPX></Extensions></Trackpoint><Trackpoint xmlns="http://www.garmin.com/xmlschemas/TrainingCenterDatabase/v2"><Time>2026-08-29T07:23:55.055Z</Time><Position><LatitudeDegrees>52.333935</LatitudeDegrees><LongitudeDegrees>12.99786</LongitudeDegrees></Position><AltitudeMeters>39.777</AltitudeMeters><DistanceMeters>3851.0</DistanceMeters><HeartRateBpm><Value>192</Value></HeartRateBpm><Cadence>81</Cadence><SensorState>Present</SensorState><Extensions><TPX xmlns="http://www.garmin.com/xmlschemas/ActivityExtension/v2"><Watts>310</Watts></TPX></Extensions></Trackpoint><Trackpoint xmlns="http://www.garmin.com/xmlschemas/TrainingCenterDatabase/v2"><Time>2026-08-29T07:23:56.055Z</Time><Position><LatitudeDegrees>52.33393667</LatitudeDegrees><LongitudeDegrees>12.99789</LongitudeDegrees></Position><AltitudeMeters>39.777</AltitudeMeters><DistanceMeters>3853.699951171875</DistanceMeters><HeartRateBpm><Value>192</Value></HeartRateBpm><Cadence>80</Cadence><SensorState>Present</SensorState><Extensions><TPX xmlns="http://www.garmin.com/xmlschemas/ActivityExtension/v2"><Watts>304</Watts></TPX></Extensions></Trackpoint><Trackpoint xmlns="http://www.garmin.com/xmlschemas/TrainingCenterDatabase/v2"><Time>2026-08-29T07:23:57.055Z</Time><Position><LatitudeDegrees>52.33394333</LatitudeDegrees><LongitudeDegrees>12.99791833</LongitudeDegrees></Position><AltitudeMeters>39.777</AltitudeMeters><DistanceMeters>3855.10009765625</DistanceMeters><HeartRateBpm><Value>192</Value></HeartRateBpm><Cadence>80</Cadence><SensorState>Present</SensorState><Extensions><TPX xmlns="http://www.garmin.com/xmlschemas/ActivityExtension/v2"><Watts>288</Watts></TPX></Extensions></Trackpoint><Trackpoint xmlns="http://www.garmin.com/xmlschemas/TrainingCenterDatabase/v2"><Time>2026-08-29T07:23:58.055Z</Time><Position><LatitudeDegrees>52.33395333</LatitudeDegrees><LongitudeDegrees>12.99794833</LongitudeDegrees></Position><AltitudeMeters>39.777</AltitudeMeters><DistanceMeters>3856.5</DistanceMeters><HeartRateBpm><Value>192</Value></HeartRateBpm><Cadence>80</Cadence><SensorState>Present</SensorState><Extensions><TPX xmlns="http://www.garmin.com/xmlschemas/ActivityExtension/v2"><Watts>272</Watts></TPX></Extensions></Trackpoint><Trackpoint xmlns="http://www.garmin.com/xmlschemas/TrainingCenterDatabase/v2"><Time>2026-08-29T07:23:59.055Z</Time><Position><LatitudeDegrees>52.33396167</LatitudeDegrees><LongitudeDegrees>12.99797167</LongitudeDegrees></Position><AltitudeMeters>39.777</AltitudeMeters><DistanceMeters>3857.89990234375</DistanceMeters><HeartRateBpm><Value>192</Value></HeartRateBpm><Cadence>80</Cadence><SensorState>Present</SensorState><Extensions><TPX xmlns="http://www.garmin.com/xmlschemas/ActivityExtension/v2"><Watts>264</Watts></TPX></Extensions></Trackpoint><Trackpoint xmlns="http://www.garmin.com/xmlschemas/TrainingCenterDatabase/v2"><Time>2026-08-29T07:24:00.055Z</Time><Position><LatitudeDegrees>52.33397</LatitudeDegrees><LongitudeDegrees>12.99799</LongitudeDegrees></Position><AltitudeMeters>39.777</AltitudeMeters><DistanceMeters>3858.699951171875</DistanceMeters><HeartRateBpm><Value>192</Value></HeartRateBpm><Cadence>80</Cadence><SensorState>Present</SensorState><Extensions><TPX xmlns="http://www.garmin.com/xmlschemas/ActivityExtension/v2"><Watts>246</Watts></TPX></Extensions></Trackpoint><Trackpoint xmlns="http://www.garmin.com/xmlschemas/TrainingCenterDatabase/v2"><Time>2026-08-29T07:24:01.055Z</Time><Position><LatitudeDegrees>52.33398333</LatitudeDegrees><LongitudeDegrees>12.99800167</LongitudeDegrees></Position><AltitudeMeters>39.777</AltitudeMeters><DistanceMeters>3859.300048828125</DistanceMeters><HeartRateBpm><Value>192</Value></HeartRateBpm><Cadence>80</Cadence><SensorState>Present</SensorState><Extensions><TPX xmlns="http://www.garmin.com/xmlschemas/ActivityExtension/v2"><Watts>224</Watts></TPX></Extensions></Trackpoint><Trackpoint xmlns="http://www.garmin.com/xmlschemas/TrainingCenterDatabase/v2"><Time>2026-08-29T07:24:02.055Z</Time><Position><LatitudeDegrees>52.333995</LatitudeDegrees><LongitudeDegrees>12.99801167</LongitudeDegrees></Position><AltitudeMeters>39.777</AltitudeMeters><DistanceMeters>3859.60009765625</DistanceMeters><HeartRateBpm><Value>192</Value></HeartRateBpm><Cadence>80</Cadence><SensorState>Present</SensorState><Extensions><TPX xmlns="http://www.garmin.com/xmlschemas/ActivityExtension/v2"><Watts>220</Watts></TPX></Extensions></Trackpoint><Trackpoint xmlns="http://www.garmin.com/xmlschemas/TrainingCenterDatabase/v2"><Time>2026-08-29T07:24:03.055Z</Time><Position><LatitudeDegrees>52.33400833</LatitudeDegrees><LongitudeDegrees>12.998025</LongitudeDegrees></Position><AltitudeMeters>39.777</AltitudeMeters><DistanceMeters>3860.199951171875</DistanceMeters><HeartRateBpm><Value>192</Value></HeartRateBpm><Cadence>80</Cadence><SensorState>Present</SensorState><Extensions><TPX xmlns="http://www.garmin.com/xmlschemas/ActivityExtension/v2"><Watts>214</Watts></TPX></Extensions></Trackpoint><Trackpoint xmlns="http://www.garmin.com/xmlschemas/TrainingCenterDatabase/v2"><Time>2026-08-29T07:24:04.055Z</Time><Position><LatitudeDegrees>52.33402</LatitudeDegrees><LongitudeDegrees>12.99804</LongitudeDegrees></Position><AltitudeMeters>38.862</AltitudeMeters><DistanceMeters>3860.60009765625</DistanceMeters><HeartRateBpm><Value>192</Value></HeartRateBpm><Cadence>80</Cadence><SensorState>Present</SensorState><Extensions><TPX xmlns="http://www.garmin.com/xmlschemas/ActivityExtension/v2"><Watts>210</Watts></TPX></Extensions></Trackpoint><Trackpoint xmlns="http://www.garmin.com/xmlschemas/TrainingCenterDatabase/v2"><Time>2026-08-29T07:24:05.055Z</Time><Position><LatitudeDegrees>52.33404833</LatitudeDegrees><LongitudeDegrees>12.99806167</LongitudeDegrees></Position><AltitudeMeters>38.862</AltitudeMeters><DistanceMeters>3862.0</DistanceMeters><HeartRateBpm><Value>192</Value></HeartRateBpm><Cadence>80</Cadence><SensorState>Present</SensorState><Extensions><TPX xmlns="http://www.garmin.com/xmlschemas/ActivityExtension/v2"><Watts>208</Watts></TPX></Extensions></Trackpoint><Trackpoint xmlns="http://www.garmin.com/xmlschemas/TrainingCenterDatabase/v2"><Time>2026-08-29T07:24:06.055Z</Time><Position><LatitudeDegrees>52.33406833</LatitudeDegrees><LongitudeDegrees>12.99808167</LongitudeDegrees></Position><AltitudeMeters>38.862</AltitudeMeters><DistanceMeters>3863.60009765625</DistanceMeters><HeartRateBpm><Value>192</Value></HeartRateBpm><Cadence>81</Cadence><SensorState>Present</SensorState><Extensions><TPX xmlns="http://www.garmin.com/xmlschemas/ActivityExtension/v2"><Watts>208</Watts></TPX></Extensions></Trackpoint><Trackpoint xmlns="http://www.garmin.com/xmlschemas/TrainingCenterDatabase/v2"><Time>2026-08-29T07:24:07.055Z</Time><Position><LatitudeDegrees>52.334085</LatitudeDegrees><LongitudeDegrees>12.998105</LongitudeDegrees></Position><AltitudeMeters>38.862</AltitudeMeters><DistanceMeters>3866.10009765625</DistanceMeters><HeartRateBpm><Value>192</Value></HeartRateBpm><Cadence>81</Cadence><SensorState>Present</SensorState><Extensions><TPX xmlns="http://www.garmin.com/xmlschemas/ActivityExtension/v2"><Watts>208</Watts></TPX></Extensions></Trackpoint><Trackpoint xmlns="http://www.garmin.com/xmlschemas/TrainingCenterDatabase/v2"><Time>2026-08-29T07:24:08.055Z</Time><Position><LatitudeDegrees>52.33410167</LatitudeDegrees><LongitudeDegrees>12.99813167</LongitudeDegrees></Position><AltitudeMeters>38.862</AltitudeMeters><DistanceMeters>3868.39990234375</DistanceMeters><HeartRateBpm><Value>192</Value></HeartRateBpm><Cadence>81</Cadence><SensorState>Present</SensorState><Extensions><TPX xmlns="http://www.garmin.com/xmlschemas/ActivityExtension/v2"><Watts>206</Watts></TPX></Extensions></Trackpoint><Trackpoint xmlns="http://www.garmin.com/xmlschemas/TrainingCenterDatabase/v2"><Time>2026-08-29T07:24:09.055Z</Time><Position><LatitudeDegrees>52.33412167</LatitudeDegrees><LongitudeDegrees>12.99815333</LongitudeDegrees></Position><AltitudeMeters>38.862</AltitudeMeters><DistanceMeters>3870.60009765625</DistanceMeters><HeartRateBpm><Value>192</Value></HeartRateBpm><Cadence>81</Cadence><SensorState>Present</SensorState><Extensions><TPX xmlns="http://www.garmin.com/xmlschemas/ActivityExtension/v2"><Watts>206</Watts></TPX></Extensions></Trackpoint><Trackpoint xmlns="http://www.garmin.com/xmlschemas/TrainingCenterDatabase/v2"><Time>2026-08-29T07:24:10.055Z</Time><Position><LatitudeDegrees>52.33413833</LatitudeDegrees><LongitudeDegrees>12.99817</LongitudeDegrees></Position><AltitudeMeters>38.862</AltitudeMeters><DistanceMeters>3873.39990234375</DistanceMeters><HeartRateBpm><Value>192</Value></HeartRateBpm><Cadence>81</Cadence><SensorState>Present</SensorState><Extensions><TPX xmlns="http://www.garmin.com/xmlschemas/ActivityExtension/v2"><Watts>204</Watts></TPX></Extensions></Trackpoint><Trackpoint xmlns="http://www.garmin.com/xmlschemas/TrainingCenterDatabase/v2"><Time>2026-08-29T07:24:11.055Z</Time><Position><LatitudeDegrees>52.33415333</LatitudeDegrees><LongitudeDegrees>12.99818333</LongitudeDegrees></Position><AltitudeMeters>38.862</AltitudeMeters><DistanceMeters>3876.39990234375</DistanceMeters><HeartRateBpm><Value>191</Value></HeartRateBpm><Cadence>81</Cadence><SensorState>Present</SensorState><Extensions><TPX xmlns="http://www.garmin.com/xmlschemas/ActivityExtension/v2"><Watts>204</Watts></TPX></Extensions></Trackpoint><Trackpoint xmlns="http://www.garmin.com/xmlschemas/TrainingCenterDatabase/v2"><Time>2026-08-29T07:24:12.055Z</Time><Position><LatitudeDegrees>52.33416833</LatitudeDegrees><LongitudeDegrees>12.998195</LongitudeDegrees></Position><AltitudeMeters>38.862</AltitudeMeters><DistanceMeters>3879.199951171875</DistanceMeters><HeartRateBpm><Value>191</Value></HeartRateBpm><Cadence>81</Cadence><SensorState>Present</SensorState><Extensions><TPX xmlns="http://www.garmin.com/xmlschemas/ActivityExtension/v2"><Watts>204</Watts></TPX></Extensions></Trackpoint><Trackpoint xmlns="http://www.garmin.com/xmlschemas/TrainingCenterDatabase/v2"><Time>2026-08-29T07:24:13.055Z</Time><Position><LatitudeDegrees>52.33418167</LatitudeDegrees><LongitudeDegrees>12.99820167</LongitudeDegrees></Position><AltitudeMeters>38.862</AltitudeMeters><DistanceMeters>3881.800048828125</DistanceMeters><HeartRateBpm><Value>191</Value></HeartRateBpm><Cadence>81</Cadence><SensorState>Present</SensorState><Extensions><TPX xmlns="http://www.garmin.com/xmlschemas/ActivityExtension/v2"><Watts>204</Watts></TPX></Extensions></Trackpoint><Trackpoint xmlns="http://www.garmin.com/xmlschemas/TrainingCenterDatabase/v2"><Time>2026-08-29T07:24:14.055Z</Time><Position><LatitudeDegrees>52.33419833</LatitudeDegrees><LongitudeDegrees>12.99821167</LongitudeDegrees></Position><AltitudeMeters>38.862</AltitudeMeters><DistanceMeters>3884.199951171875</DistanceMeters><HeartRateBpm><Value>191</Value></HeartRateBpm><Cadence>80</Cadence><SensorState>Present</SensorState><Extensions><TPX xmlns="http://www.garmin.com/xmlschemas/ActivityExtension/v2"><Watts>204</Watts></TPX></Extensions></Trackpoint><Trackpoint xmlns="http://www.garmin.com/xmlschemas/TrainingCenterDatabase/v2"><Time>2026-08-29T07:24:15.055Z</Time><Position><LatitudeDegrees>52.334215</LatitudeDegrees><LongitudeDegrees>12.99822</LongitudeDegrees></Position><AltitudeMeters>38.862</AltitudeMeters><DistanceMeters>3886.39990234375</DistanceMeters><HeartRateBpm><Value>191</Value></HeartRateBpm><Cadence>80</Cadence><SensorState>Present</SensorState><Extensions><TPX xmlns="http://www.garmin.com/xmlschemas/ActivityExtension/v2"><Watts>202</Watts></TPX></Extensions></Trackpoint><Trackpoint xmlns="http://www.garmin.com/xmlschemas/TrainingCenterDatabase/v2"><Time>2026-08-29T07:24:16.055Z</Time><Position><LatitudeDegrees>52.33423333</LatitudeDegrees><LongitudeDegrees>12.998225</LongitudeDegrees></Position><AltitudeMeters>37.796</AltitudeMeters><DistanceMeters>3887.699951171875</DistanceMeters><HeartRateBpm><Value>191</Value></HeartRateBpm><Cadence>79</Cadence><SensorState>Present</SensorState><Extensions><TPX xmlns="http://www.garmin.com/xmlschemas/ActivityExtension/v2"><Watts>202</Watts></TPX></Extensions></Trackpoint><Trackpoint xmlns="http://www.garmin.com/xmlschemas/TrainingCenterDatabase/v2"><Time>2026-08-29T07:24:17.055Z</Time><Position><LatitudeDegrees>52.33425167</LatitudeDegrees><LongitudeDegrees>12.99823333</LongitudeDegrees></Position><AltitudeMeters>37.796</AltitudeMeters><DistanceMeters>3889.39990234375</DistanceMeters><HeartRateBpm><Value>191</Value></HeartRateBpm><Cadence>78</Cadence><SensorState>Present</SensorState><Extensions><TPX xmlns="http://www.garmin.com/xmlschemas/ActivityExtension/v2"><Watts>200</Watts></TPX></Extensions></Trackpoint><Trackpoint xmlns="http://www.garmin.com/xmlschemas/TrainingCenterDatabase/v2"><Time>2026-08-29T07:24:18.055Z</Time><Position><LatitudeDegrees>52.334275</LatitudeDegrees><LongitudeDegrees>12.99824667</LongitudeDegrees></Position><AltitudeMeters>37.796</AltitudeMeters><DistanceMeters>3891.10009765625</DistanceMeters><HeartRateBpm><Value>192</Value></HeartRateBpm><Cadence>77</Cadence><SensorState>Present</SensorState><Extensions><TPX xmlns="http://www.garmin.com/xmlschemas/ActivityExtension/v2"><Watts>200</Watts></TPX></Extensions></Trackpoint><Trackpoint xmlns="http://www.garmin.com/xmlschemas/TrainingCenterDatabase/v2"><Time>2026-08-29T07:24:19.055Z</Time><Position><LatitudeDegrees>52.33429333</LatitudeDegrees><LongitudeDegrees>12.99826167</LongitudeDegrees></Position><AltitudeMeters>37.796</AltitudeMeters><DistanceMeters>3892.89990234375</DistanceMeters><HeartRateBpm><Value>191</Value></HeartRateBpm><Cadence>76</Cadence><SensorState>Present</SensorState><Extensions><TPX xmlns="http://www.garmin.com/xmlschemas/ActivityExtension/v2"><Watts>200</Watts></TPX></Extensions></Trackpoint><Trackpoint xmlns="http://www.garmin.com/xmlschemas/TrainingCenterDatabase/v2"><Time>2026-08-29T07:24:20.055Z</Time><Position><LatitudeDegrees>52.33431167</LatitudeDegrees><LongitudeDegrees>12.99828</LongitudeDegrees></Position><AltitudeMeters>37.796</AltitudeMeters><DistanceMeters>3895.0</DistanceMeters><HeartRateBpm><Value>191</Value></HeartRateBpm><Cadence>77</Cadence><SensorState>Present</SensorState><Extensions><TPX xmlns="http://www.garmin.com/xmlschemas/ActivityExtension/v2"><Watts>198</Watts></TPX></Extensions></Trackpoint><Trackpoint xmlns="http://www.garmin.com/xmlschemas/TrainingCenterDatabase/v2"><Time>2026-08-29T07:24:21.055Z</Time><Position><LatitudeDegrees>52.33433</LatitudeDegrees><LongitudeDegrees>12.998305</LongitudeDegrees></Position><AltitudeMeters>37.796</AltitudeMeters><DistanceMeters>3897.10009765625</DistanceMeters><HeartRateBpm><Value>191</Value></HeartRateBpm><Cadence>77</Cadence><SensorState>Present</SensorState><Extensions><TPX xmlns="http://www.garmin.com/xmlschemas/ActivityExtension/v2"><Watts>198</Watts></TPX></Extensions></Trackpoint><Trackpoint xmlns="http://www.garmin.com/xmlschemas/TrainingCenterDatabase/v2"><Time>2026-08-29T07:24:22.055Z</Time><Position><LatitudeDegrees>52.33434833</LatitudeDegrees><LongitudeDegrees>12.99833167</LongitudeDegrees></Position><AltitudeMeters>37.796</AltitudeMeters><DistanceMeters>3899.5</DistanceMeters><HeartRateBpm><Value>191</Value></HeartRateBpm><Cadence>79</Cadence><SensorState>Present</SensorState><Extensions><TPX xmlns="http://www.garmin.com/xmlschemas/ActivityExtension/v2"><Watts>198</Watts></TPX></Extensions></Trackpoint><Trackpoint xmlns="http://www.garmin.com/xmlschemas/TrainingCenterDatabase/v2"><Time>2026-08-29T07:24:23.055Z</Time><Position><LatitudeDegrees>52.33437</LatitudeDegrees><LongitudeDegrees>12.99835667</LongitudeDegrees></Position><AltitudeMeters>37.796</AltitudeMeters><DistanceMeters>3902.199951171875</DistanceMeters><HeartRateBpm><Value>191</Value></HeartRateBpm><Cadence>79</Cadence><SensorState>Present</SensorState><Extensions><TPX xmlns="http://www.garmin.com/xmlschemas/ActivityExtension/v2"><Watts>202</Watts></TPX></Extensions></Trackpoint><Trackpoint xmlns="http://www.garmin.com/xmlschemas/TrainingCenterDatabase/v2"><Time>2026-08-29T07:24:24.055Z</Time><Position><LatitudeDegrees>52.33439167</LatitudeDegrees><LongitudeDegrees>12.99837833</LongitudeDegrees></Position><AltitudeMeters>37.796</AltitudeMeters><DistanceMeters>3905.300048828125</DistanceMeters><HeartRateBpm><Value>191</Value></HeartRateBpm><Cadence>79</Cadence><SensorState>Present</SensorState><Extensions><TPX xmlns="http://www.garmin.com/xmlschemas/ActivityExtension/v2"><Watts>204</Watts></TPX></Extensions></Trackpoint><Trackpoint xmlns="http://www.garmin.com/xmlschemas/TrainingCenterDatabase/v2"><Time>2026-08-29T07:24:25.055Z</Time><Position><LatitudeDegrees>52.334415</LatitudeDegrees><LongitudeDegrees>12.998405</LongitudeDegrees></Position><AltitudeMeters>37.796</AltitudeMeters><DistanceMeters>3908.300048828125</DistanceMeters><HeartRateBpm><Value>191</Value></HeartRateBpm><Cadence>79</Cadence><SensorState>Present</SensorState><Extensions><TPX xmlns="http://www.garmin.com/xmlschemas/ActivityExtension/v2"><Watts>208</Watts></TPX></Extensions></Trackpoint><Trackpoint xmlns="http://www.garmin.com/xmlschemas/TrainingCenterDatabase/v2"><Time>2026-08-29T07:24:26.055Z</Time><Position><LatitudeDegrees>52.33443667</LatitudeDegrees><LongitudeDegrees>12.99843833</LongitudeDegrees></Position><AltitudeMeters>36.881</AltitudeMeters><DistanceMeters>3911.300048828125</DistanceMeters><HeartRateBpm><Value>191</Value></HeartRateBpm><Cadence>79</Cadence><SensorState>Present</SensorState><Extensions><TPX xmlns="http://www.garmin.com/xmlschemas/ActivityExtension/v2"><Watts>210</Watts></TPX></Extensions></Trackpoint><Trackpoint xmlns="http://www.garmin.com/xmlschemas/TrainingCenterDatabase/v2"><Time>2026-08-29T07:24:27.055Z</Time><Position><LatitudeDegrees>52.33446333</LatitudeDegrees><LongitudeDegrees>12.99848667</LongitudeDegrees></Position><AltitudeMeters>36.881</AltitudeMeters><DistanceMeters>3914.60009765625</DistanceMeters><HeartRateBpm><Value>191</Value></HeartRateBpm><Cadence>79</Cadence><SensorState>Present</SensorState><Extensions><TPX xmlns="http://www.garmin.com/xmlschemas/ActivityExtension/v2"><Watts>214</Watts></TPX></Extensions></Trackpoint><Trackpoint xmlns="http://www.garmin.com/xmlschemas/TrainingCenterDatabase/v2"><Time>2026-08-29T07:24:28.055Z</Time><Position><LatitudeDegrees>52.33448333</LatitudeDegrees><LongitudeDegrees>12.99853667</LongitudeDegrees></Position><AltitudeMeters>36.881</AltitudeMeters><DistanceMeters>3918.199951171875</DistanceMeters><HeartRateBpm><Value>191</Value></HeartRateBpm><Cadence>80</Cadence><SensorState>Present</SensorState><Extensions><TPX xmlns="http://www.garmin.com/xmlschemas/ActivityExtension/v2"><Watts>220</Watts></TPX></Extensions></Trackpoint><Trackpoint xmlns="http://www.garmin.com/xmlschemas/TrainingCenterDatabase/v2"><Time>2026-08-29T07:24:29.055Z</Time><Position><LatitudeDegrees>52.33449667</LatitudeDegrees><LongitudeDegrees>12.99857833</LongitudeDegrees></Position><AltitudeMeters>36.881</AltitudeMeters><DistanceMeters>3922.300048828125</DistanceMeters><HeartRateBpm><Value>190</Value></HeartRateBpm><Cadence>81</Cadence><SensorState>Present</SensorState><Extensions><TPX xmlns="http://www.garmin.com/xmlschemas/ActivityExtension/v2"><Watts>230</Watts></TPX></Extensions></Trackpoint><Trackpoint xmlns="http://www.garmin.com/xmlschemas/TrainingCenterDatabase/v2"><Time>2026-08-29T07:24:30.055Z</Time><Position><LatitudeDegrees>52.33450333</LatitudeDegrees><LongitudeDegrees>12.99861667</LongitudeDegrees></Position><AltitudeMeters>35.814</AltitudeMeters><DistanceMeters>3926.5</DistanceMeters><HeartRateBpm><Value>190</Value></HeartRateBpm><Cadence>81</Cadence><SensorState>Present</SensorState><Extensions><TPX xmlns="http://www.garmin.com/xmlschemas/ActivityExtension/v2"><Watts>240</Watts></TPX></Extensions></Trackpoint><Trackpoint xmlns="http://www.garmin.com/xmlschemas/TrainingCenterDatabase/v2"><Time>2026-08-29T07:24:31.055Z</Time><Position><LatitudeDegrees>52.33451</LatitudeDegrees><LongitudeDegrees>12.99866</LongitudeDegrees></Position><AltitudeMeters>35.814</AltitudeMeters><DistanceMeters>3930.39990234375</DistanceMeters><HeartRateBpm><Value>190</Value></HeartRateBpm><Cadence>81</Cadence><SensorState>Present</SensorState><Extensions><TPX xmlns="http://www.garmin.com/xmlschemas/ActivityExtension/v2"><Watts>240</Watts></TPX></Extensions></Trackpoint><Trackpoint xmlns="http://www.garmin.com/xmlschemas/TrainingCenterDatabase/v2"><Time>2026-08-29T07:24:32.055Z</Time><Position><LatitudeDegrees>52.33452333</LatitudeDegrees><LongitudeDegrees>12.99870667</LongitudeDegrees></Position><AltitudeMeters>35.814</AltitudeMeters><DistanceMeters>3933.699951171875</DistanceMeters><HeartRateBpm><Value>190</Value></HeartRateBpm><Cadence>81</Cadence><SensorState>Present</SensorState><Extensions><TPX xmlns="http://www.garmin.com/xmlschemas/ActivityExtension/v2"><Watts>232</Watts></TPX></Extensions></Trackpoint><Trackpoint xmlns="http://www.garmin.com/xmlschemas/TrainingCenterDatabase/v2"><Time>2026-08-29T07:24:33.055Z</Time><Position><LatitudeDegrees>52.33453667</LatitudeDegrees><LongitudeDegrees>12.99875167</LongitudeDegrees></Position><AltitudeMeters>35.814</AltitudeMeters><DistanceMeters>3937.199951171875</DistanceMeters><HeartRateBpm><Value>190</Value></HeartRateBpm><Cadence>81</Cadence><SensorState>Present</SensorState><Extensions><TPX xmlns="http://www.garmin.com/xmlschemas/ActivityExtension/v2"><Watts>228</Watts></TPX></Extensions></Trackpoint><Trackpoint xmlns="http://www.garmin.com/xmlschemas/TrainingCenterDatabase/v2"><Time>2026-08-29T07:24:34.055Z</Time><Position><LatitudeDegrees>52.33455167</LatitudeDegrees><LongitudeDegrees>12.99880833</LongitudeDegrees></Position><AltitudeMeters>34.9</AltitudeMeters><DistanceMeters>3940.800048828125</DistanceMeters><HeartRateBpm><Value>190</Value></HeartRateBpm><Cadence>81</Cadence><SensorState>Present</SensorState><Extensions><TPX xmlns="http://www.garmin.com/xmlschemas/ActivityExtension/v2"><Watts>226</Watts></TPX></Extensions></Trackpoint><Trackpoint xmlns="http://www.garmin.com/xmlschemas/TrainingCenterDatabase/v2"><Time>2026-08-29T07:24:35.055Z</Time><Position><LatitudeDegrees>52.33456333</LatitudeDegrees><LongitudeDegrees>12.99886333</LongitudeDegrees></Position><AltitudeMeters>34.9</AltitudeMeters><DistanceMeters>3944.5</DistanceMeters><HeartRateBpm><Value>190</Value></HeartRateBpm><Cadence>81</Cadence><SensorState>Present</SensorState><Extensions><TPX xmlns="http://www.garmin.com/xmlschemas/ActivityExtension/v2"><Watts>230</Watts></TPX></Extensions></Trackpoint><Trackpoint xmlns="http://www.garmin.com/xmlschemas/TrainingCenterDatabase/v2"><Time>2026-08-29T07:24:36.055Z</Time><Position><LatitudeDegrees>52.33457333</LatitudeDegrees><LongitudeDegrees>12.998905</LongitudeDegrees></Position><AltitudeMeters>34.9</AltitudeMeters><DistanceMeters>3948.39990234375</DistanceMeters><HeartRateBpm><Value>190</Value></HeartRateBpm><Cadence>81</Cadence><SensorState>Present</SensorState><Extensions><TPX xmlns="http://www.garmin.com/xmlschemas/ActivityExtension/v2"><Watts>236</Watts></TPX></Extensions></Trackpoint><Trackpoint xmlns="http://www.garmin.com/xmlschemas/TrainingCenterDatabase/v2"><Time>2026-08-29T07:24:37.055Z</Time><Position><LatitudeDegrees>52.33458333</LatitudeDegrees><LongitudeDegrees>12.99894333</LongitudeDegrees></Position><AltitudeMeters>34.9</AltitudeMeters><DistanceMeters>3952.39990234375</DistanceMeters><HeartRateBpm><Value>189</Value></HeartRateBpm><Cadence>81</Cadence><SensorState>Present</SensorState><Extensions><TPX xmlns="http://www.garmin.com/xmlschemas/ActivityExtension/v2"><Watts>240</Watts></TPX></Extensions></Trackpoint><Trackpoint xmlns="http://www.garmin.com/xmlschemas/TrainingCenterDatabase/v2"><Time>2026-08-29T07:24:38.055Z</Time><Position><LatitudeDegrees>52.33459333</LatitudeDegrees><LongitudeDegrees>12.998975</LongitudeDegrees></Position><AltitudeMeters>34.9</AltitudeMeters><DistanceMeters>3955.300048828125</DistanceMeters><HeartRateBpm><Value>189</Value></HeartRateBpm><Cadence>81</Cadence><SensorState>Present</SensorState><Extensions><TPX xmlns="http://www.garmin.com/xmlschemas/ActivityExtension/v2"><Watts>238</Watts></TPX></Extensions></Trackpoint><Trackpoint xmlns="http://www.garmin.com/xmlschemas/TrainingCenterDatabase/v2"><Time>2026-08-29T07:24:39.055Z</Time><Position><LatitudeDegrees>52.33460333</LatitudeDegrees><LongitudeDegrees>12.99901667</LongitudeDegrees></Position><AltitudeMeters>34.9</AltitudeMeters><DistanceMeters>3958.0</DistanceMeters><HeartRateBpm><Value>189</Value></HeartRateBpm><Cadence>81</Cadence><SensorState>Present</SensorState><Extensions><TPX xmlns="http://www.garmin.com/xmlschemas/ActivityExtension/v2"><Watts>238</Watts></TPX></Extensions></Trackpoint><Trackpoint xmlns="http://www.garmin.com/xmlschemas/TrainingCenterDatabase/v2"><Time>2026-08-29T07:24:40.055Z</Time><Position><LatitudeDegrees>52.33461167</LatitudeDegrees><LongitudeDegrees>12.99905167</LongitudeDegrees></Position><AltitudeMeters>33.833</AltitudeMeters><DistanceMeters>3961.0</DistanceMeters><HeartRateBpm><Value>189</Value></HeartRateBpm><Cadence>81</Cadence><SensorState>Present</SensorState><Extensions><TPX xmlns="http://www.garmin.com/xmlschemas/ActivityExtension/v2"><Watts>238</Watts></TPX></Extensions></Trackpoint><Trackpoint xmlns="http://www.garmin.com/xmlschemas/TrainingCenterDatabase/v2"><Time>2026-08-29T07:24:41.055Z</Time><Position><LatitudeDegrees>52.33462</LatitudeDegrees><LongitudeDegrees>12.99908667</LongitudeDegrees></Position><AltitudeMeters>33.833</AltitudeMeters><DistanceMeters>3964.39990234375</DistanceMeters><HeartRateBpm><Value>189</Value></HeartRateBpm><Cadence>80</Cadence><SensorState>Present</SensorState><Extensions><TPX xmlns="http://www.garmin.com/xmlschemas/ActivityExtension/v2"><Watts>240</Watts></TPX></Extensions></Trackpoint><Trackpoint xmlns="http://www.garmin.com/xmlschemas/TrainingCenterDatabase/v2"><Time>2026-08-29T07:24:42.055Z</Time><Position><LatitudeDegrees>52.334635</LatitudeDegrees><LongitudeDegrees>12.99912</LongitudeDegrees></Position><AltitudeMeters>33.833</AltitudeMeters><DistanceMeters>3967.300048828125</DistanceMeters><HeartRateBpm><Value>189</Value></HeartRateBpm><Cadence>80</Cadence><SensorState>Present</SensorState><Extensions><TPX xmlns="http://www.garmin.com/xmlschemas/ActivityExtension/v2"><Watts>244</Watts></TPX></Extensions></Trackpoint><Trackpoint xmlns="http://www.garmin.com/xmlschemas/TrainingCenterDatabase/v2"><Time>2026-08-29T07:24:43.055Z</Time><Position><LatitudeDegrees>52.33464167</LatitudeDegrees><LongitudeDegrees>12.99915167</LongitudeDegrees></Position><AltitudeMeters>33.833</AltitudeMeters><DistanceMeters>3969.800048828125</DistanceMeters><HeartRateBpm><Value>189</Value></HeartRateBpm><Cadence>80</Cadence><SensorState>Present</SensorState><Extensions><TPX xmlns="http://www.garmin.com/xmlschemas/ActivityExtension/v2"><Watts>246</Watts></TPX></Extensions></Trackpoint><Trackpoint xmlns="http://www.garmin.com/xmlschemas/TrainingCenterDatabase/v2"><Time>2026-08-29T07:24:44.055Z</Time><Position><LatitudeDegrees>52.33465167</LatitudeDegrees><LongitudeDegrees>12.999185</LongitudeDegrees></Position><AltitudeMeters>33.833</AltitudeMeters><DistanceMeters>3972.300048828125</DistanceMeters><HeartRateBpm><Value>189</Value></HeartRateBpm><Cadence>80</Cadence><SensorState>Present</SensorState><Extensions><TPX xmlns="http://www.garmin.com/xmlschemas/ActivityExtension/v2"><Watts>250</Watts></TPX></Extensions></Trackpoint><Trackpoint xmlns="http://www.garmin.com/xmlschemas/TrainingCenterDatabase/v2"><Time>2026-08-29T07:24:45.055Z</Time><Position><LatitudeDegrees>52.33466167</LatitudeDegrees><LongitudeDegrees>12.99921833</LongitudeDegrees></Position><AltitudeMeters>33.833</AltitudeMeters><DistanceMeters>3974.0</DistanceMeters><HeartRateBpm><Value>189</Value></HeartRateBpm><Cadence>80</Cadence><SensorState>Present</SensorState><Extensions><TPX xmlns="http://www.garmin.com/xmlschemas/ActivityExtension/v2"><Watts>252</Watts></TPX></Extensions></Trackpoint><Trackpoint xmlns="http://www.garmin.com/xmlschemas/TrainingCenterDatabase/v2"><Time>2026-08-29T07:24:46.055Z</Time><Position><LatitudeDegrees>52.33467833</LatitudeDegrees><LongitudeDegrees>12.99925667</LongitudeDegrees></Position><AltitudeMeters>33.833</AltitudeMeters><DistanceMeters>3975.89990234375</DistanceMeters><HeartRateBpm><Value>189</Value></HeartRateBpm><Cadence>80</Cadence><SensorState>Present</SensorState><Extensions><TPX xmlns="http://www.garmin.com/xmlschemas/ActivityExtension/v2"><Watts>254</Watts></TPX></Extensions></Trackpoint><Trackpoint xmlns="http://www.garmin.com/xmlschemas/TrainingCenterDatabase/v2"><Time>2026-08-29T07:24:47.055Z</Time><Position><LatitudeDegrees>52.33469667</LatitudeDegrees><LongitudeDegrees>12.99929333</LongitudeDegrees></Position><AltitudeMeters>33.833</AltitudeMeters><DistanceMeters>3978.199951171875</DistanceMeters><HeartRateBpm><Value>188</Value></HeartRateBpm><Cadence>81</Cadence><SensorState>Present</SensorState><Extensions><TPX xmlns="http://www.garmin.com/xmlschemas/ActivityExtension/v2"><Watts>256</Watts></TPX></Extensions></Trackpoint><Trackpoint xmlns="http://www.garmin.com/xmlschemas/TrainingCenterDatabase/v2"><Time>2026-08-29T07:24:48.055Z</Time><Position><LatitudeDegrees>52.33471333</LatitudeDegrees><LongitudeDegrees>12.99933333</LongitudeDegrees></Position><AltitudeMeters>33.833</AltitudeMeters><DistanceMeters>3981.0</DistanceMeters><HeartRateBpm><Value>188</Value></HeartRateBpm><Cadence>81</Cadence><SensorState>Present</SensorState><Extensions><TPX xmlns="http://www.garmin.com/xmlschemas/ActivityExtension/v2"><Watts>258</Watts></TPX></Extensions></Trackpoint><Trackpoint xmlns="http://www.garmin.com/xmlschemas/TrainingCenterDatabase/v2"><Time>2026-08-29T07:24:49.055Z</Time><Position><LatitudeDegrees>52.33472667</LatitudeDegrees><LongitudeDegrees>12.999375</LongitudeDegrees></Position><AltitudeMeters>33.833</AltitudeMeters><DistanceMeters>3984.10009765625</DistanceMeters><HeartRateBpm><Value>188</Value></HeartRateBpm><Cadence>81</Cadence><SensorState>Present</SensorState><Extensions><TPX xmlns="http://www.garmin.com/xmlschemas/ActivityExtension/v2"><Watts>262</Watts></TPX></Extensions></Trackpoint><Trackpoint xmlns="http://www.garmin.com/xmlschemas/TrainingCenterDatabase/v2"><Time>2026-08-29T07:24:50.055Z</Time><Position><LatitudeDegrees>52.33474167</LatitudeDegrees><LongitudeDegrees>12.99942</LongitudeDegrees></Position><AltitudeMeters>33.833</AltitudeMeters><DistanceMeters>3987.10009765625</DistanceMeters><HeartRateBpm><Value>188</Value></HeartRateBpm><Cadence>80</Cadence><SensorState>Present</SensorState><Extensions><TPX xmlns="http://www.garmin.com/xmlschemas/ActivityExtension/v2"><Watts>266</Watts></TPX></Extensions></Trackpoint><Trackpoint xmlns="http://www.garmin.com/xmlschemas/TrainingCenterDatabase/v2"><Time>2026-08-29T07:24:51.055Z</Time><Position><LatitudeDegrees>52.334755</LatitudeDegrees><LongitudeDegrees>12.99946167</LongitudeDegrees></Position><AltitudeMeters>33.833</AltitudeMeters><DistanceMeters>3990.39990234375</DistanceMeters><HeartRateBpm><Value>188</Value></HeartRateBpm><Cadence>80</Cadence><SensorState>Present</SensorState><Extensions><TPX xmlns="http://www.garmin.com/xmlschemas/ActivityExtension/v2"><Watts>274</Watts></TPX></Extensions></Trackpoint><Trackpoint xmlns="http://www.garmin.com/xmlschemas/TrainingCenterDatabase/v2"><Time>2026-08-29T07:24:52.055Z</Time><Position><LatitudeDegrees>52.33476833</LatitudeDegrees><LongitudeDegrees>12.99950333</LongitudeDegrees></Position><AltitudeMeters>33.833</AltitudeMeters><DistanceMeters>3993.89990234375</DistanceMeters><HeartRateBpm><Value>188</Value></HeartRateBpm><Cadence>81</Cadence><SensorState>Present</SensorState><Extensions><TPX xmlns="http://www.garmin.com/xmlschemas/ActivityExtension/v2"><Watts>282</Watts></TPX></Extensions></Trackpoint><Trackpoint xmlns="http://www.garmin.com/xmlschemas/TrainingCenterDatabase/v2"><Time>2026-08-29T07:24:53.055Z</Time><Position><LatitudeDegrees>52.33478333</LatitudeDegrees><LongitudeDegrees>12.999545</LongitudeDegrees></Position><AltitudeMeters>33.833</AltitudeMeters><DistanceMeters>3997.300048828125</DistanceMeters><HeartRateBpm><Value>189</Value></HeartRateBpm><Cadence>81</Cadence><SensorState>Present</SensorState><Extensions><TPX xmlns="http://www.garmin.com/xmlschemas/ActivityExtension/v2"><Watts>290</Watts></TPX></Extensions></Trackpoint><Trackpoint xmlns="http://www.garmin.com/xmlschemas/TrainingCenterDatabase/v2"><Time>2026-08-29T07:24:54.055Z</Time><Position><LatitudeDegrees>52.33479833</LatitudeDegrees><LongitudeDegrees>12.99958833</LongitudeDegrees></Position><AltitudeMeters>33.833</AltitudeMeters><DistanceMeters>4001.0</DistanceMeters><HeartRateBpm><Value>189</Value></HeartRateBpm><Cadence>81</Cadence><SensorState>Present</SensorState><Extensions><TPX xmlns="http://www.garmin.com/xmlschemas/ActivityExtension/v2"><Watts>298</Watts></TPX></Extensions></Trackpoint><Trackpoint xmlns="http://www.garmin.com/xmlschemas/TrainingCenterDatabase/v2"><Time>2026-08-29T07:24:55.055Z</Time><Position><LatitudeDegrees>52.334815</LatitudeDegrees><LongitudeDegrees>12.999625</LongitudeDegrees></Position><AltitudeMeters>33.833</AltitudeMeters><DistanceMeters>4004.699951171875</DistanceMeters><HeartRateBpm><Value>189</Value></HeartRateBpm><Cadence>81</Cadence><SensorState>Present</SensorState><Extensions><TPX xmlns="http://www.garmin.com/xmlschemas/ActivityExtension/v2"><Watts>306</Watts></TPX></Extensions></Trackpoint><Trackpoint xmlns="http://www.garmin.com/xmlschemas/TrainingCenterDatabase/v2"><Time>2026-08-29T07:24:56.055Z</Time><Position><LatitudeDegrees>52.334835</LatitudeDegrees><LongitudeDegrees>12.99966333</LongitudeDegrees></Position><AltitudeMeters>33.833</AltitudeMeters><DistanceMeters>4008.5</DistanceMeters><HeartRateBpm><Value>189</Value></HeartRateBpm><Cadence>81</Cadence><SensorState>Present</SensorState><Extensions><TPX xmlns="http://www.garmin.com/xmlschemas/ActivityExtension/v2"><Watts>314</Watts></TPX></Extensions></Trackpoint></Track><Extensions xmlns="http://www.garmin.com/xmlschemas/TrainingCenterDatabase/v2"><LX xmlns="http://www.garmin.com/xmlschemas/ActivityExtension/v2"><AvgSpeed>3.07973755730523</AvgSpeed><AvgWatts>317</AvgWatts><MaxWatts>443</MaxWatts></LX></Extensions></Lap><Lap xmlns="http://www.garmin.com/xmlschemas/TrainingCenterDatabase/v2" StartTime="2026-08-29T07:24:57.055Z"><TotalTimeSeconds>306.0</TotalTimeSeconds><DistanceMeters>935.5</DistanceMeters><MaximumSpeed>3.5126666666666666</MaximumSpeed><Calories>0</Calories><AverageHeartRateBpm><Value>194</Value></AverageHeartRateBpm><MaximumHeartRateBpm><Value>198</Value></MaximumHeartRateBpm><Intensity>Active</Intensity><Cadence>80</Cadence><TriggerMethod>Distance</TriggerMethod><Track><Trackpoint><Time>2026-08-29T07:24:57.055Z</Time><Position><LatitudeDegrees>52.334855</LatitudeDegrees><LongitudeDegrees>12.999705</LongitudeDegrees></Position><AltitudeMeters>33.833</AltitudeMeters><DistanceMeters>4011.800048828125</DistanceMeters><HeartRateBpm><Value>189</Value></HeartRateBpm><Cadence>81</Cadence><SensorState>Present</SensorState><Extensions><TPX xmlns="http://www.garmin.com/xmlschemas/ActivityExtension/v2"><Watts>322</Watts></TPX></Extensions></Trackpoint><Trackpoint xmlns="http://www.garmin.com/xmlschemas/TrainingCenterDatabase/v2"><Time>2026-08-29T07:24:58.055Z</Time><Position><LatitudeDegrees>52.33486667</LatitudeDegrees><LongitudeDegrees>12.99973833</LongitudeDegrees></Position><AltitudeMeters>33.833</AltitudeMeters><DistanceMeters>4015.300048828125</DistanceMeters><HeartRateBpm><Value>188</Value></HeartRateBpm><Cadence>81</Cadence><SensorState>Present</SensorState><Extensions><TPX xmlns="http://www.garmin.com/xmlschemas/ActivityExtension/v2"><Watts>330</Watts></TPX></Extensions></Trackpoint><Trackpoint xmlns="http://www.garmin.com/xmlschemas/TrainingCenterDatabase/v2"><Time>2026-08-29T07:24:59.055Z</Time><Position><LatitudeDegrees>52.334885</LatitudeDegrees><LongitudeDegrees>12.99978167</LongitudeDegrees></Position><AltitudeMeters>33.833</AltitudeMeters><DistanceMeters>4018.699951171875</DistanceMeters><HeartRateBpm><Value>188</Value></HeartRateBpm><Cadence>81</Cadence><SensorState>Present</SensorState><Extensions><TPX xmlns="http://www.garmin.com/xmlschemas/ActivityExtension/v2"><Watts>336</Watts></TPX></Extensions></Trackpoint><Trackpoint xmlns="http://www.garmin.com/xmlschemas/TrainingCenterDatabase/v2"><Time>2026-08-29T07:25:00.055Z</Time><Position><LatitudeDegrees>52.3349</LatitudeDegrees><LongitudeDegrees>12.99981833</LongitudeDegrees></Position><AltitudeMeters>33.833</AltitudeMeters><DistanceMeters>4021.699951171875</DistanceMeters><HeartRateBpm><Value>188</Value></HeartRateBpm><Cadence>81</Cadence><SensorState>Present</SensorState><Extensions><TPX xmlns="http://www.garmin.com/xmlschemas/ActivityExtension/v2"><Watts>340</Watts></TPX></Extensions></Trackpoint><Trackpoint xmlns="http://www.garmin.com/xmlschemas/TrainingCenterDatabase/v2"><Time>2026-08-29T07:25:01.055Z</Time><Position><LatitudeDegrees>52.33491667</LatitudeDegrees><LongitudeDegrees>12.999855</LongitudeDegrees></Position><AltitudeMeters>33.833</AltitudeMeters><DistanceMeters>4025.0</DistanceMeters><HeartRateBpm><Value>189</Value></HeartRateBpm><Cadence>81</Cadence><SensorState>Present</SensorState><Extensions><TPX xmlns="http://www.garmin.com/xmlschemas/ActivityExtension/v2"><Watts>342</Watts></TPX></Extensions></Trackpoint><Trackpoint xmlns="http://www.garmin.com/xmlschemas/TrainingCenterDatabase/v2"><Time>2026-08-29T07:25:02.055Z</Time><Position><LatitudeDegrees>52.33493</LatitudeDegrees><LongitudeDegrees>12.999885</LongitudeDegrees></Position><AltitudeMeters>33.833</AltitudeMeters><DistanceMeters>4028.199951171875</DistanceMeters><HeartRateBpm><Value>189</Value></HeartRateBpm><Cadence>81</Cadence><SensorState>Present</SensorState><Extensions><TPX xmlns="http://www.garmin.com/xmlschemas/ActivityExtension/v2"><Watts>342</Watts></TPX></Extensions></Trackpoint><Trackpoint xmlns="http://www.garmin.com/xmlschemas/TrainingCenterDatabase/v2"><Time>2026-08-29T07:25:03.055Z</Time><Position><LatitudeDegrees>52.33495167</LatitudeDegrees><LongitudeDegrees>12.999935</LongitudeDegrees></Position><AltitudeMeters>33.833</AltitudeMeters><DistanceMeters>4031.39990234375</DistanceMeters><HeartRateBpm><Value>189</Value></HeartRateBpm><Cadence>80</Cadence><SensorState>Present</SensorState><Extensions><TPX xmlns="http://www.garmin.com/xmlschemas/ActivityExtension/v2"><Watts>346</Watts></TPX></Extensions></Trackpoint><Trackpoint xmlns="http://www.garmin.com/xmlschemas/TrainingCenterDatabase/v2"><Time>2026-08-29T07:25:04.055Z</Time><Position><LatitudeDegrees>52.33497167</LatitudeDegrees><LongitudeDegrees>12.99997333</LongitudeDegrees></Position><AltitudeMeters>33.833</AltitudeMeters><DistanceMeters>4034.199951171875</DistanceMeters><HeartRateBpm><Value>189</Value></HeartRateBpm><Cadence>80</Cadence><SensorState>Present</SensorState><Extensions><TPX xmlns="http://www.garmin.com/xmlschemas/ActivityExtension/v2"><Watts>346</Watts></TPX></Extensions></Trackpoint><Trackpoint xmlns="http://www.garmin.com/xmlschemas/TrainingCenterDatabase/v2"><Time>2026-08-29T07:25:05.055Z</Time><Position><LatitudeDegrees>52.33498833</LatitudeDegrees><LongitudeDegrees>13.00000667</LongitudeDegrees></Position><AltitudeMeters>33.833</AltitudeMeters><DistanceMeters>4037.89990234375</DistanceMeters><HeartRateBpm><Value>189</Value></HeartRateBpm><Cadence>80</Cadence><SensorState>Present</SensorState><Extensions><TPX xmlns="http://www.garmin.com/xmlschemas/ActivityExtension/v2"><Watts>346</Watts></TPX></Extensions></Trackpoint><Trackpoint xmlns="http://www.garmin.com/xmlschemas/TrainingCenterDatabase/v2"><Time>2026-08-29T07:25:06.055Z</Time><Position><LatitudeDegrees>52.33501167</LatitudeDegrees><LongitudeDegrees>13.00006167</LongitudeDegrees></Position><AltitudeMeters>33.833</AltitudeMeters><DistanceMeters>4041.199951171875</DistanceMeters><HeartRateBpm><Value>189</Value></HeartRateBpm><Cadence>81</Cadence><SensorState>Present</SensorState><Extensions><TPX xmlns="http://www.garmin.com/xmlschemas/ActivityExtension/v2"><Watts>346</Watts></TPX></Extensions></Trackpoint><Trackpoint xmlns="http://www.garmin.com/xmlschemas/TrainingCenterDatabase/v2"><Time>2026-08-29T07:25:07.055Z</Time><Position><LatitudeDegrees>52.335025</LatitudeDegrees><LongitudeDegrees>13.00010833</LongitudeDegrees></Position><AltitudeMeters>33.833</AltitudeMeters><DistanceMeters>4044.300048828125</DistanceMeters><HeartRateBpm><Value>189</Value></HeartRateBpm><Cadence>81</Cadence><SensorState>Present</SensorState><Extensions><TPX xmlns="http://www.garmin.com/xmlschemas/ActivityExtension/v2"><Watts>350</Watts></TPX></Extensions></Trackpoint><Trackpoint xmlns="http://www.garmin.com/xmlschemas/TrainingCenterDatabase/v2"><Time>2026-08-29T07:25:08.055Z</Time><Position><LatitudeDegrees>52.33503667</LatitudeDegrees><LongitudeDegrees>13.00014</LongitudeDegrees></Position><AltitudeMeters>33.833</AltitudeMeters><DistanceMeters>4048.10009765625</DistanceMeters><HeartRateBpm><Value>189</Value></HeartRateBpm><Cadence>81</Cadence><SensorState>Present</SensorState><Extensions><TPX xmlns="http://www.garmin.com/xmlschemas/ActivityExtension/v2"><Watts>352</Watts></TPX></Extensions></Trackpoint><Trackpoint xmlns="http://www.garmin.com/xmlschemas/TrainingCenterDatabase/v2"><Time>2026-08-29T07:25:09.055Z</Time><Position><LatitudeDegrees>52.335055</LatitudeDegrees><LongitudeDegrees>13.00018</LongitudeDegrees></Position><AltitudeMeters>33.833</AltitudeMeters><DistanceMeters>4052.10009765625</DistanceMeters><HeartRateBpm><Value>189</Value></HeartRateBpm><Cadence>81</Cadence><SensorState>Present</SensorState><Extensions><TPX xmlns="http://www.garmin.com/xmlschemas/ActivityExtension/v2"><Watts>354</Watts></TPX></Extensions></Trackpoint><Trackpoint xmlns="http://www.garmin.com/xmlschemas/TrainingCenterDatabase/v2"><Time>2026-08-29T07:25:10.055Z</Time><Position><LatitudeDegrees>52.33507833</LatitudeDegrees><LongitudeDegrees>13.000215</LongitudeDegrees></Position><AltitudeMeters>33.833</AltitudeMeters><DistanceMeters>4055.0</DistanceMeters><HeartRateBpm><Value>190</Value></HeartRateBpm><Cadence>81</Cadence><SensorState>Present</SensorState><Extensions><TPX xmlns="http://www.garmin.com/xmlschemas/ActivityExtension/v2"><Watts>356</Watts></TPX></Extensions></Trackpoint><Trackpoint xmlns="http://www.garmin.com/xmlschemas/TrainingCenterDatabase/v2"><Time>2026-08-29T07:25:11.055Z</Time><Position><LatitudeDegrees>52.335105</LatitudeDegrees><LongitudeDegrees>13.00025667</LongitudeDegrees></Position><AltitudeMeters>33.833</AltitudeMeters><DistanceMeters>4058.60009765625</DistanceMeters><HeartRateBpm><Value>190</Value></HeartRateBpm><Cadence>81</Cadence><SensorState>Present</SensorState><Extensions><TPX xmlns="http://www.garmin.com/xmlschemas/ActivityExtension/v2"><Watts>356</Watts></TPX></Extensions></Trackpoint><Trackpoint xmlns="http://www.garmin.com/xmlschemas/TrainingCenterDatabase/v2"><Time>2026-08-29T07:25:12.055Z</Time><Position><LatitudeDegrees>52.33513</LatitudeDegrees><LongitudeDegrees>13.00029333</LongitudeDegrees></Position><AltitudeMeters>33.833</AltitudeMeters><DistanceMeters>4062.199951171875</DistanceMeters><HeartRateBpm><Value>190</Value></HeartRateBpm><Cadence>81</Cadence><SensorState>Present</SensorState><Extensions><TPX xmlns="http://www.garmin.com/xmlschemas/ActivityExtension/v2"><Watts>356</Watts></TPX></Extensions></Trackpoint><Trackpoint xmlns="http://www.garmin.com/xmlschemas/TrainingCenterDatabase/v2"><Time>2026-08-29T07:25:13.055Z</Time><Position><LatitudeDegrees>52.33514833</LatitudeDegrees><LongitudeDegrees>13.00032667</LongitudeDegrees></Position><AltitudeMeters>33.833</AltitudeMeters><DistanceMeters>4066.5</DistanceMeters><HeartRateBpm><Value>190</Value></HeartRateBpm><Cadence>81</Cadence><SensorState>Present</SensorState><Extensions><TPX xmlns="http://www.garmin.com/xmlschemas/ActivityExtension/v2"><Watts>356</Watts></TPX></Extensions></Trackpoint><Trackpoint xmlns="http://www.garmin.com/xmlschemas/TrainingCenterDatabase/v2"><Time>2026-08-29T07:25:14.055Z</Time><Position><LatitudeDegrees>52.33515833</LatitudeDegrees><LongitudeDegrees>13.00034833</LongitudeDegrees></Position><AltitudeMeters>33.833</AltitudeMeters><DistanceMeters>4069.800048828125</DistanceMeters><HeartRateBpm><Value>190</Value></HeartRateBpm><Cadence>81</Cadence><SensorState>Present</SensorState><Extensions><TPX xmlns="http://www.garmin.com/xmlschemas/ActivityExtension/v2"><Watts>352</Watts></TPX></Extensions></Trackpoint><Trackpoint xmlns="http://www.garmin.com/xmlschemas/TrainingCenterDatabase/v2"><Time>2026-08-29T07:25:15.055Z</Time><Position><LatitudeDegrees>52.33517167</LatitudeDegrees><LongitudeDegrees>13.000375</LongitudeDegrees></Position><AltitudeMeters>33.833</AltitudeMeters><DistanceMeters>4073.0</DistanceMeters><HeartRateBpm><Value>190</Value></HeartRateBpm><Cadence>81</Cadence><SensorState>Present</SensorState><Extensions><TPX xmlns="http://www.garmin.com/xmlschemas/ActivityExtension/v2"><Watts>350</Watts></TPX></Extensions></Trackpoint><Trackpoint xmlns="http://www.garmin.com/xmlschemas/TrainingCenterDatabase/v2"><Time>2026-08-29T07:25:16.055Z</Time><Position><LatitudeDegrees>52.335185</LatitudeDegrees><LongitudeDegrees>13.00039667</LongitudeDegrees></Position><AltitudeMeters>33.833</AltitudeMeters><DistanceMeters>4075.60009765625</DistanceMeters><HeartRateBpm><Value>190</Value></HeartRateBpm><Cadence>81</Cadence><SensorState>Present</SensorState><Extensions><TPX xmlns="http://www.garmin.com/xmlschemas/ActivityExtension/v2"><Watts>350</Watts></TPX></Extensions></Trackpoint><Trackpoint xmlns="http://www.garmin.com/xmlschemas/TrainingCenterDatabase/v2"><Time>2026-08-29T07:25:17.055Z</Time><Position><LatitudeDegrees>52.33520167</LatitudeDegrees><LongitudeDegrees>13.00043333</LongitudeDegrees></Position><AltitudeMeters>33.833</AltitudeMeters><DistanceMeters>4077.60009765625</DistanceMeters><HeartRateBpm><Value>190</Value></HeartRateBpm><Cadence>81</Cadence><SensorState>Present</SensorState><Extensions><TPX xmlns="http://www.garmin.com/xmlschemas/ActivityExtension/v2"><Watts>350</Watts></TPX></Extensions></Trackpoint><Trackpoint xmlns="http://www.garmin.com/xmlschemas/TrainingCenterDatabase/v2"><Time>2026-08-29T07:25:18.055Z</Time><Position><LatitudeDegrees>52.33522167</LatitudeDegrees><LongitudeDegrees>13.00047833</LongitudeDegrees></Position><AltitudeMeters>33.833</AltitudeMeters><DistanceMeters>4079.89990234375</DistanceMeters><HeartRateBpm><Value>189</Value></HeartRateBpm><Cadence>81</Cadence><SensorState>Present</SensorState><Extensions><TPX xmlns="http://www.garmin.com/xmlschemas/ActivityExtension/v2"><Watts>350</Watts></TPX></Extensions></Trackpoint><Trackpoint xmlns="http://www.garmin.com/xmlschemas/TrainingCenterDatabase/v2"><Time>2026-08-29T07:25:19.055Z</Time><Position><LatitudeDegrees>52.33523833</LatitudeDegrees><LongitudeDegrees>13.00051667</LongitudeDegrees></Position><AltitudeMeters>33.833</AltitudeMeters><DistanceMeters>4083.10009765625</DistanceMeters><HeartRateBpm><Value>189</Value></HeartRateBpm><Cadence>81</Cadence><SensorState>Present</SensorState><Extensions><TPX xmlns="http://www.garmin.com/xmlschemas/ActivityExtension/v2"><Watts>350</Watts></TPX></Extensions></Trackpoint><Trackpoint xmlns="http://www.garmin.com/xmlschemas/TrainingCenterDatabase/v2"><Time>2026-08-29T07:25:20.055Z</Time><Position><LatitudeDegrees>52.335255</LatitudeDegrees><LongitudeDegrees>13.00055167</LongitudeDegrees></Position><AltitudeMeters>33.833</AltitudeMeters><DistanceMeters>4086.199951171875</DistanceMeters><HeartRateBpm><Value>189</Value></HeartRateBpm><Cadence>80</Cadence><SensorState>Present</SensorState><Extensions><TPX xmlns="http://www.garmin.com/xmlschemas/ActivityExtension/v2"><Watts>352</Watts></TPX></Extensions></Trackpoint><Trackpoint xmlns="http://www.garmin.com/xmlschemas/TrainingCenterDatabase/v2"><Time>2026-08-29T07:25:21.055Z</Time><Position><LatitudeDegrees>52.33527333</LatitudeDegrees><LongitudeDegrees>13.000585</LongitudeDegrees></Position><AltitudeMeters>33.833</AltitudeMeters><DistanceMeters>4088.89990234375</DistanceMeters><HeartRateBpm><Value>190</Value></HeartRateBpm><Cadence>80</Cadence><SensorState>Present</SensorState><Extensions><TPX xmlns="http://www.garmin.com/xmlschemas/ActivityExtension/v2"><Watts>360</Watts></TPX></Extensions></Trackpoint><Trackpoint xmlns="http://www.garmin.com/xmlschemas/TrainingCenterDatabase/v2"><Time>2026-08-29T07:25:22.055Z</Time><Position><LatitudeDegrees>52.33529167</LatitudeDegrees><LongitudeDegrees>13.000625</LongitudeDegrees></Position><AltitudeMeters>33.833</AltitudeMeters><DistanceMeters>4091.39990234375</DistanceMeters><HeartRateBpm><Value>190</Value></HeartRateBpm><Cadence>81</Cadence><SensorState>Present</SensorState><Extensions><TPX xmlns="http://www.garmin.com/xmlschemas/ActivityExtension/v2"><Watts>368</Watts></TPX></Extensions></Trackpoint><Trackpoint xmlns="http://www.garmin.com/xmlschemas/TrainingCenterDatabase/v2"><Time>2026-08-29T07:25:23.055Z</Time><Position><LatitudeDegrees>52.33530667</LatitudeDegrees><LongitudeDegrees>13.00065833</LongitudeDegrees></Position><AltitudeMeters>33.833</AltitudeMeters><DistanceMeters>4094.0</DistanceMeters><HeartRateBpm><Value>190</Value></HeartRateBpm><Cadence>81</Cadence><SensorState>Present</SensorState><Extensions><TPX xmlns="http://www.garmin.com/xmlschemas/ActivityExtension/v2"><Watts>374</Watts></TPX></Extensions></Trackpoint><Trackpoint xmlns="http://www.garmin.com/xmlschemas/TrainingCenterDatabase/v2"><Time>2026-08-29T07:25:24.055Z</Time><Position><LatitudeDegrees>52.33533</LatitudeDegrees><LongitudeDegrees>13.000705</LongitudeDegrees></Position><AltitudeMeters>33.833</AltitudeMeters><DistanceMeters>4097.2001953125</DistanceMeters><HeartRateBpm><Value>191</Value></HeartRateBpm><Cadence>81</Cadence><SensorState>Present</SensorState><Extensions><TPX xmlns="http://www.garmin.com/xmlschemas/ActivityExtension/v2"><Watts>380</Watts></TPX></Extensions></Trackpoint><Trackpoint xmlns="http://www.garmin.com/xmlschemas/TrainingCenterDatabase/v2"><Time>2026-08-29T07:25:25.055Z</Time><Position><LatitudeDegrees>52.33535167</LatitudeDegrees><LongitudeDegrees>13.000745</LongitudeDegrees></Position><AltitudeMeters>33.833</AltitudeMeters><DistanceMeters>4100.89990234375</DistanceMeters><HeartRateBpm><Value>191</Value></HeartRateBpm><Cadence>81</Cadence><SensorState>Present</SensorState><Extensions><TPX xmlns="http://www.garmin.com/xmlschemas/ActivityExtension/v2"><Watts>384</Watts></TPX></Extensions></Trackpoint><Trackpoint xmlns="http://www.garmin.com/xmlschemas/TrainingCenterDatabase/v2"><Time>2026-08-29T07:25:26.055Z</Time><Position><LatitudeDegrees>52.33537167</LatitudeDegrees><LongitudeDegrees>13.00078167</LongitudeDegrees></Position><AltitudeMeters>33.833</AltitudeMeters><DistanceMeters>4105.10009765625</DistanceMeters><HeartRateBpm><Value>191</Value></HeartRateBpm><Cadence>81</Cadence><SensorState>Present</SensorState><Extensions><TPX xmlns="http://www.garmin.com/xmlschemas/ActivityExtension/v2"><Watts>384</Watts></TPX></Extensions></Trackpoint><Trackpoint xmlns="http://www.garmin.com/xmlschemas/TrainingCenterDatabase/v2"><Time>2026-08-29T07:25:27.055Z</Time><Position><LatitudeDegrees>52.33539</LatitudeDegrees><LongitudeDegrees>13.00080833</LongitudeDegrees></Position><AltitudeMeters>33.833</AltitudeMeters><DistanceMeters>4109.2998046875</DistanceMeters><HeartRateBpm><Value>191</Value></HeartRateBpm><Cadence>81</Cadence><SensorState>Present</SensorState><Extensions><TPX xmlns="http://www.garmin.com/xmlschemas/ActivityExtension/v2"><Watts>386</Watts></TPX></Extensions></Trackpoint><Trackpoint xmlns="http://www.garmin.com/xmlschemas/TrainingCenterDatabase/v2"><Time>2026-08-29T07:25:28.055Z</Time><Position><LatitudeDegrees>52.33541167</LatitudeDegrees><LongitudeDegrees>13.00084333</LongitudeDegrees></Position><AltitudeMeters>33.833</AltitudeMeters><DistanceMeters>4112.7998046875</DistanceMeters><HeartRateBpm><Value>192</Value></HeartRateBpm><Cadence>81</Cadence><SensorState>Present</SensorState><Extensions><TPX xmlns="http://www.garmin.com/xmlschemas/ActivityExtension/v2"><Watts>388</Watts></TPX></Extensions></Trackpoint><Trackpoint xmlns="http://www.garmin.com/xmlschemas/TrainingCenterDatabase/v2"><Time>2026-08-29T07:25:29.055Z</Time><Position><LatitudeDegrees>52.33543</LatitudeDegrees><LongitudeDegrees>13.000865</LongitudeDegrees></Position><AltitudeMeters>33.833</AltitudeMeters><DistanceMeters>4115.7001953125</DistanceMeters><HeartRateBpm><Value>192</Value></HeartRateBpm><Cadence>81</Cadence><SensorState>Present</SensorState><Extensions><TPX xmlns="http://www.garmin.com/xmlschemas/ActivityExtension/v2"><Watts>388</Watts></TPX></Extensions></Trackpoint><Trackpoint xmlns="http://www.garmin.com/xmlschemas/TrainingCenterDatabase/v2"><Time>2026-08-29T07:25:30.055Z</Time><Position><LatitudeDegrees>52.33545833</LatitudeDegrees><LongitudeDegrees>13.0009</LongitudeDegrees></Position><AltitudeMeters>33.833</AltitudeMeters><DistanceMeters>4119.10009765625</DistanceMeters><HeartRateBpm><Value>192</Value></HeartRateBpm><Cadence>81</Cadence><SensorState>Present</SensorState><Extensions><TPX xmlns="http://www.garmin.com/xmlschemas/ActivityExtension/v2"><Watts>388</Watts></TPX></Extensions></Trackpoint><Trackpoint xmlns="http://www.garmin.com/xmlschemas/TrainingCenterDatabase/v2"><Time>2026-08-29T07:25:31.055Z</Time><Position><LatitudeDegrees>52.33547833</LatitudeDegrees><LongitudeDegrees>13.00092667</LongitudeDegrees></Position><AltitudeMeters>33.833</AltitudeMeters><DistanceMeters>4122.10009765625</DistanceMeters><HeartRateBpm><Value>192</Value></HeartRateBpm><Cadence>80</Cadence><SensorState>Present</SensorState><Extensions><TPX xmlns="http://www.garmin.com/xmlschemas/ActivityExtension/v2"><Watts>388</Watts></TPX></Extensions></Trackpoint><Trackpoint xmlns="http://www.garmin.com/xmlschemas/TrainingCenterDatabase/v2"><Time>2026-08-29T07:25:32.055Z</Time><Position><LatitudeDegrees>52.33550667</LatitudeDegrees><LongitudeDegrees>13.00095833</LongitudeDegrees></Position><AltitudeMeters>33.833</AltitudeMeters><DistanceMeters>4125.7998046875</DistanceMeters><HeartRateBpm><Value>192</Value></HeartRateBpm><Cadence>80</Cadence><SensorState>Present</SensorState><Extensions><TPX xmlns="http://www.garmin.com/xmlschemas/ActivityExtension/v2"><Watts>388</Watts></TPX></Extensions></Trackpoint><Trackpoint xmlns="http://www.garmin.com/xmlschemas/TrainingCenterDatabase/v2"><Time>2026-08-29T07:25:33.055Z</Time><Position><LatitudeDegrees>52.335535</LatitudeDegrees><LongitudeDegrees>13.00098667</LongitudeDegrees></Position><AltitudeMeters>33.833</AltitudeMeters><DistanceMeters>4128.7998046875</DistanceMeters><HeartRateBpm><Value>192</Value></HeartRateBpm><Cadence>80</Cadence><SensorState>Present</SensorState><Extensions><TPX xmlns="http://www.garmin.com/xmlschemas/ActivityExtension/v2"><Watts>394</Watts></TPX></Extensions></Trackpoint><Trackpoint xmlns="http://www.garmin.com/xmlschemas/TrainingCenterDatabase/v2"><Time>2026-08-29T07:25:34.055Z</Time><Position><LatitudeDegrees>52.33556667</LatitudeDegrees><LongitudeDegrees>13.00101667</LongitudeDegrees></Position><AltitudeMeters>33.833</AltitudeMeters><DistanceMeters>4132.60009765625</DistanceMeters><HeartRateBpm><Value>192</Value></HeartRateBpm><Cadence>81</Cadence><SensorState>Present</SensorState><Extensions><TPX xmlns="http://www.garmin.com/xmlschemas/ActivityExtension/v2"><Watts>404</Watts></TPX></Extensions></Trackpoint><Trackpoint xmlns="http://www.garmin.com/xmlschemas/TrainingCenterDatabase/v2"><Time>2026-08-29T07:25:35.055Z</Time><Position><LatitudeDegrees>52.33559667</LatitudeDegrees><LongitudeDegrees>13.001045</LongitudeDegrees></Position><AltitudeMeters>33.833</AltitudeMeters><DistanceMeters>4135.7998046875</DistanceMeters><HeartRateBpm><Value>192</Value></HeartRateBpm><Cadence>81</Cadence><SensorState>Present</SensorState><Extensions><TPX xmlns="http://www.garmin.com/xmlschemas/ActivityExtension/v2"><Watts>412</Watts></TPX></Extensions></Trackpoint><Trackpoint xmlns="http://www.garmin.com/xmlschemas/TrainingCenterDatabase/v2"><Time>2026-08-29T07:25:36.055Z</Time><Position><LatitudeDegrees>52.335625</LatitudeDegrees><LongitudeDegrees>13.00107167</LongitudeDegrees></Position><AltitudeMeters>33.833</AltitudeMeters><DistanceMeters>4139.60009765625</DistanceMeters><HeartRateBpm><Value>192</Value></HeartRateBpm><Cadence>81</Cadence><SensorState>Present</SensorState><Extensions><TPX xmlns="http://www.garmin.com/xmlschemas/ActivityExtension/v2"><Watts>420</Watts></TPX></Extensions></Trackpoint><Trackpoint xmlns="http://www.garmin.com/xmlschemas/TrainingCenterDatabase/v2"><Time>2026-08-29T07:25:37.055Z</Time><Position><LatitudeDegrees>52.33565333</LatitudeDegrees><LongitudeDegrees>13.00109667</LongitudeDegrees></Position><AltitudeMeters>33.833</AltitudeMeters><DistanceMeters>4143.60009765625</DistanceMeters><HeartRateBpm><Value>192</Value></HeartRateBpm><Cadence>81</Cadence><SensorState>Present</SensorState><Extensions><TPX xmlns="http://www.garmin.com/xmlschemas/ActivityExtension/v2"><Watts>426</Watts></TPX></Extensions></Trackpoint><Trackpoint xmlns="http://www.garmin.com/xmlschemas/TrainingCenterDatabase/v2"><Time>2026-08-29T07:25:38.055Z</Time><Position><LatitudeDegrees>52.33568333</LatitudeDegrees><LongitudeDegrees>13.00111833</LongitudeDegrees></Position><AltitudeMeters>33.833</AltitudeMeters><DistanceMeters>4147.7001953125</DistanceMeters><HeartRateBpm><Value>192</Value></HeartRateBpm><Cadence>81</Cadence><SensorState>Present</SensorState><Extensions><TPX xmlns="http://www.garmin.com/xmlschemas/ActivityExtension/v2"><Watts>428</Watts></TPX></Extensions></Trackpoint><Trackpoint xmlns="http://www.garmin.com/xmlschemas/TrainingCenterDatabase/v2"><Time>2026-08-29T07:25:39.055Z</Time><Position><LatitudeDegrees>52.33571</LatitudeDegrees><LongitudeDegrees>13.001135</LongitudeDegrees></Position><AltitudeMeters>33.833</AltitudeMeters><DistanceMeters>4151.5</DistanceMeters><HeartRateBpm><Value>192</Value></HeartRateBpm><Cadence>80</Cadence><SensorState>Present</SensorState><Extensions><TPX xmlns="http://www.garmin.com/xmlschemas/ActivityExtension/v2"><Watts>428</Watts></TPX></Extensions></Trackpoint><Trackpoint xmlns="http://www.garmin.com/xmlschemas/TrainingCenterDatabase/v2"><Time>2026-08-29T07:25:40.055Z</Time><Position><LatitudeDegrees>52.33573667</LatitudeDegrees><LongitudeDegrees>13.00115167</LongitudeDegrees></Position><AltitudeMeters>33.833</AltitudeMeters><DistanceMeters>4155.7001953125</DistanceMeters><HeartRateBpm><Value>192</Value></HeartRateBpm><Cadence>80</Cadence><SensorState>Present</SensorState><Extensions><TPX xmlns="http://www.garmin.com/xmlschemas/ActivityExtension/v2"><Watts>424</Watts></TPX></Extensions></Trackpoint><Trackpoint xmlns="http://www.garmin.com/xmlschemas/TrainingCenterDatabase/v2"><Time>2026-08-29T07:25:41.055Z</Time><Position><LatitudeDegrees>52.33576333</LatitudeDegrees><LongitudeDegrees>13.00116833</LongitudeDegrees></Position><AltitudeMeters>33.833</AltitudeMeters><DistanceMeters>4158.89990234375</DistanceMeters><HeartRateBpm><Value>192</Value></HeartRateBpm><Cadence>80</Cadence><SensorState>Present</SensorState><Extensions><TPX xmlns="http://www.garmin.com/xmlschemas/ActivityExtension/v2"><Watts>420</Watts></TPX></Extensions></Trackpoint><Trackpoint xmlns="http://www.garmin.com/xmlschemas/TrainingCenterDatabase/v2"><Time>2026-08-29T07:25:42.055Z</Time><Position><LatitudeDegrees>52.33579667</LatitudeDegrees><LongitudeDegrees>13.001195</LongitudeDegrees></Position><AltitudeMeters>33.833</AltitudeMeters><DistanceMeters>4162.60009765625</DistanceMeters><HeartRateBpm><Value>192</Value></HeartRateBpm><Cadence>80</Cadence><SensorState>Present</SensorState><Extensions><TPX xmlns="http://www.garmin.com/xmlschemas/ActivityExtension/v2"><Watts>418</Watts></TPX></Extensions></Trackpoint><Trackpoint xmlns="http://www.garmin.com/xmlschemas/TrainingCenterDatabase/v2"><Time>2026-08-29T07:25:43.055Z</Time><Position><LatitudeDegrees>52.33582667</LatitudeDegrees><LongitudeDegrees>13.00121333</LongitudeDegrees></Position><AltitudeMeters>33.833</AltitudeMeters><DistanceMeters>4165.89990234375</DistanceMeters><HeartRateBpm><Value>192</Value></HeartRateBpm><Cadence>80</Cadence><SensorState>Present</SensorState><Extensions><TPX xmlns="http://www.garmin.com/xmlschemas/ActivityExtension/v2"><Watts>414</Watts></TPX></Extensions></Trackpoint><Trackpoint xmlns="http://www.garmin.com/xmlschemas/TrainingCenterDatabase/v2"><Time>2026-08-29T07:25:44.055Z</Time><Position><LatitudeDegrees>52.33585667</LatitudeDegrees><LongitudeDegrees>13.00122833</LongitudeDegrees></Position><AltitudeMeters>33.833</AltitudeMeters><DistanceMeters>4169.60009765625</DistanceMeters><HeartRateBpm><Value>192</Value></HeartRateBpm><Cadence>81</Cadence><SensorState>Present</SensorState><Extensions><TPX xmlns="http://www.garmin.com/xmlschemas/ActivityExtension/v2"><Watts>412</Watts></TPX></Extensions></Trackpoint><Trackpoint xmlns="http://www.garmin.com/xmlschemas/TrainingCenterDatabase/v2"><Time>2026-08-29T07:25:45.055Z</Time><Position><LatitudeDegrees>52.33587833</LatitudeDegrees><LongitudeDegrees>13.00123667</LongitudeDegrees></Position><AltitudeMeters>33.833</AltitudeMeters><DistanceMeters>4172.7998046875</DistanceMeters><HeartRateBpm><Value>192</Value></HeartRateBpm><Cadence>81</Cadence><SensorState>Present</SensorState><Extensions><TPX xmlns="http://www.garmin.com/xmlschemas/ActivityExtension/v2"><Watts>410</Watts></TPX></Extensions></Trackpoint><Trackpoint xmlns="http://www.garmin.com/xmlschemas/TrainingCenterDatabase/v2"><Time>2026-08-29T07:25:46.055Z</Time><Position><LatitudeDegrees>52.33591333</LatitudeDegrees><LongitudeDegrees>13.001255</LongitudeDegrees></Position><AltitudeMeters>33.833</AltitudeMeters><DistanceMeters>4176.10009765625</DistanceMeters><HeartRateBpm><Value>192</Value></HeartRateBpm><Cadence>81</Cadence><SensorState>Present</SensorState><Extensions><TPX xmlns="http://www.garmin.com/xmlschemas/ActivityExtension/v2"><Watts>408</Watts></TPX></Extensions></Trackpoint><Trackpoint xmlns="http://www.garmin.com/xmlschemas/TrainingCenterDatabase/v2"><Time>2026-08-29T07:25:47.055Z</Time><Position><LatitudeDegrees>52.33594167</LatitudeDegrees><LongitudeDegrees>13.00127167</LongitudeDegrees></Position><AltitudeMeters>33.833</AltitudeMeters><DistanceMeters>4178.89990234375</DistanceMeters><HeartRateBpm><Value>193</Value></HeartRateBpm><Cadence>81</Cadence><SensorState>Present</SensorState><Extensions><TPX xmlns="http://www.garmin.com/xmlschemas/ActivityExtension/v2"><Watts>408</Watts></TPX></Extensions></Trackpoint><Trackpoint xmlns="http://www.garmin.com/xmlschemas/TrainingCenterDatabase/v2"><Time>2026-08-29T07:25:48.055Z</Time><Position><LatitudeDegrees>52.33596333</LatitudeDegrees><LongitudeDegrees>13.00128333</LongitudeDegrees></Position><AltitudeMeters>33.833</AltitudeMeters><DistanceMeters>4182.60009765625</DistanceMeters><HeartRateBpm><Value>193</Value></HeartRateBpm><Cadence>81</Cadence><SensorState>Present</SensorState><Extensions><TPX xmlns="http://www.garmin.com/xmlschemas/ActivityExtension/v2"><Watts>408</Watts></TPX></Extensions></Trackpoint><Trackpoint xmlns="http://www.garmin.com/xmlschemas/TrainingCenterDatabase/v2"><Time>2026-08-29T07:25:49.055Z</Time><Position><LatitudeDegrees>52.33599167</LatitudeDegrees><LongitudeDegrees>13.00129333</LongitudeDegrees></Position><AltitudeMeters>33.833</AltitudeMeters><DistanceMeters>4185.7998046875</DistanceMeters><HeartRateBpm><Value>193</Value></HeartRateBpm><Cadence>81</Cadence><SensorState>Present</SensorState><Extensions><TPX xmlns="http://www.garmin.com/xmlschemas/ActivityExtension/v2"><Watts>408</Watts></TPX></Extensions></Trackpoint><Trackpoint xmlns="http://www.garmin.com/xmlschemas/TrainingCenterDatabase/v2"><Time>2026-08-29T07:25:50.055Z</Time><Position><LatitudeDegrees>52.336025</LatitudeDegrees><LongitudeDegrees>13.00130833</LongitudeDegrees></Position><AltitudeMeters>33.833</AltitudeMeters><DistanceMeters>4188.89990234375</DistanceMeters><HeartRateBpm><Value>193</Value></HeartRateBpm><Cadence>81</Cadence><SensorState>Present</SensorState><Extensions><TPX xmlns="http://www.garmin.com/xmlschemas/ActivityExtension/v2"><Watts>408</Watts></TPX></Extensions></Trackpoint><Trackpoint xmlns="http://www.garmin.com/xmlschemas/TrainingCenterDatabase/v2"><Time>2026-08-29T07:25:51.055Z</Time><Position><LatitudeDegrees>52.336055</LatitudeDegrees><LongitudeDegrees>13.00132</LongitudeDegrees></Position><AltitudeMeters>33.833</AltitudeMeters><DistanceMeters>4192.2001953125</DistanceMeters><HeartRateBpm><Value>193</Value></HeartRateBpm><Cadence>81</Cadence><SensorState>Present</SensorState><Extensions><TPX xmlns="http://www.garmin.com/xmlschemas/ActivityExtension/v2"><Watts>408</Watts></TPX></Extensions></Trackpoint><Trackpoint xmlns="http://www.garmin.com/xmlschemas/TrainingCenterDatabase/v2"><Time>2026-08-29T07:25:52.055Z</Time><Position><LatitudeDegrees>52.33607667</LatitudeDegrees><LongitudeDegrees>13.00133167</LongitudeDegrees></Position><AltitudeMeters>33.833</AltitudeMeters><DistanceMeters>4195.89990234375</DistanceMeters><HeartRateBpm><Value>193</Value></HeartRateBpm><Cadence>81</Cadence><SensorState>Present</SensorState><Extensions><TPX xmlns="http://www.garmin.com/xmlschemas/ActivityExtension/v2"><Watts>408</Watts></TPX></Extensions></Trackpoint><Trackpoint xmlns="http://www.garmin.com/xmlschemas/TrainingCenterDatabase/v2"><Time>2026-08-29T07:25:53.055Z</Time><Position><LatitudeDegrees>52.33610167</LatitudeDegrees><LongitudeDegrees>13.001345</LongitudeDegrees></Position><AltitudeMeters>33.833</AltitudeMeters><DistanceMeters>4198.89990234375</DistanceMeters><HeartRateBpm><Value>193</Value></HeartRateBpm><Cadence>81</Cadence><SensorState>Present</SensorState><Extensions><TPX xmlns="http://www.garmin.com/xmlschemas/ActivityExtension/v2"><Watts>408</Watts></TPX></Extensions></Trackpoint><Trackpoint xmlns="http://www.garmin.com/xmlschemas/TrainingCenterDatabase/v2"><Time>2026-08-29T07:25:54.055Z</Time><Position><LatitudeDegrees>52.336125</LatitudeDegrees><LongitudeDegrees>13.00136</LongitudeDegrees></Position><AltitudeMeters>33.833</AltitudeMeters><DistanceMeters>4201.60009765625</DistanceMeters><HeartRateBpm><Value>193</Value></HeartRateBpm><Cadence>81</Cadence><SensorState>Present</SensorState><Extensions><TPX xmlns="http://www.garmin.com/xmlschemas/ActivityExtension/v2"><Watts>404</Watts></TPX></Extensions></Trackpoint><Trackpoint xmlns="http://www.garmin.com/xmlschemas/TrainingCenterDatabase/v2"><Time>2026-08-29T07:25:55.055Z</Time><Position><LatitudeDegrees>52.33614833</LatitudeDegrees><LongitudeDegrees>13.00137833</LongitudeDegrees></Position><AltitudeMeters>33.833</AltitudeMeters><DistanceMeters>4204.5</DistanceMeters><HeartRateBpm><Value>193</Value></HeartRateBpm><Cadence>80</Cadence><SensorState>Present</SensorState><Extensions><TPX xmlns="http://www.garmin.com/xmlschemas/ActivityExtension/v2"><Watts>396</Watts></TPX></Extensions></Trackpoint><Trackpoint xmlns="http://www.garmin.com/xmlschemas/TrainingCenterDatabase/v2"><Time>2026-08-29T07:25:56.055Z</Time><Position><LatitudeDegrees>52.33617</LatitudeDegrees><LongitudeDegrees>13.00140167</LongitudeDegrees></Position><AltitudeMeters>33.833</AltitudeMeters><DistanceMeters>4207.7998046875</DistanceMeters><HeartRateBpm><Value>193</Value></HeartRateBpm><Cadence>81</Cadence><SensorState>Present</SensorState><Extensions><TPX xmlns="http://www.garmin.com/xmlschemas/ActivityExtension/v2"><Watts>390</Watts></TPX></Extensions></Trackpoint><Trackpoint xmlns="http://www.garmin.com/xmlschemas/TrainingCenterDatabase/v2"><Time>2026-08-29T07:25:57.055Z</Time><Position><LatitudeDegrees>52.33619167</LatitudeDegrees><LongitudeDegrees>13.00142833</LongitudeDegrees></Position><AltitudeMeters>33.833</AltitudeMeters><DistanceMeters>4210.10009765625</DistanceMeters><HeartRateBpm><Value>193</Value></HeartRateBpm><Cadence>80</Cadence><SensorState>Present</SensorState><Extensions><TPX xmlns="http://www.garmin.com/xmlschemas/ActivityExtension/v2"><Watts>386</Watts></TPX></Extensions></Trackpoint><Trackpoint xmlns="http://www.garmin.com/xmlschemas/TrainingCenterDatabase/v2"><Time>2026-08-29T07:25:58.055Z</Time><Position><LatitudeDegrees>52.33620833</LatitudeDegrees><LongitudeDegrees>13.00145667</LongitudeDegrees></Position><AltitudeMeters>33.833</AltitudeMeters><DistanceMeters>4212.7998046875</DistanceMeters><HeartRateBpm><Value>193</Value></HeartRateBpm><Cadence>79</Cadence><SensorState>Present</SensorState><Extensions><TPX xmlns="http://www.garmin.com/xmlschemas/ActivityExtension/v2"><Watts>384</Watts></TPX></Extensions></Trackpoint><Trackpoint xmlns="http://www.garmin.com/xmlschemas/TrainingCenterDatabase/v2"><Time>2026-08-29T07:25:59.055Z</Time><Position><LatitudeDegrees>52.33622833</LatitudeDegrees><LongitudeDegrees>13.00148667</LongitudeDegrees></Position><AltitudeMeters>33.833</AltitudeMeters><DistanceMeters>4216.0</DistanceMeters><HeartRateBpm><Value>193</Value></HeartRateBpm><Cadence>81</Cadence><SensorState>Present</SensorState><Extensions><TPX xmlns="http://www.garmin.com/xmlschemas/ActivityExtension/v2"><Watts>382</Watts></TPX></Extensions></Trackpoint><Trackpoint xmlns="http://www.garmin.com/xmlschemas/TrainingCenterDatabase/v2"><Time>2026-08-29T07:26:00.055Z</Time><Position><LatitudeDegrees>52.33624667</LatitudeDegrees><LongitudeDegrees>13.00152</LongitudeDegrees></Position><AltitudeMeters>33.833</AltitudeMeters><DistanceMeters>4218.60009765625</DistanceMeters><HeartRateBpm><Value>193</Value></HeartRateBpm><Cadence>80</Cadence><SensorState>Present</SensorState><Extensions><TPX xmlns="http://www.garmin.com/xmlschemas/ActivityExtension/v2"><Watts>384</Watts></TPX></Extensions></Trackpoint><Trackpoint xmlns="http://www.garmin.com/xmlschemas/TrainingCenterDatabase/v2"><Time>2026-08-29T07:26:01.055Z</Time><Position><LatitudeDegrees>52.336265</LatitudeDegrees><LongitudeDegrees>13.00155667</LongitudeDegrees></Position><AltitudeMeters>33.833</AltitudeMeters><DistanceMeters>4221.0</DistanceMeters><HeartRateBpm><Value>193</Value></HeartRateBpm><Cadence>81</Cadence><SensorState>Present</SensorState><Extensions><TPX xmlns="http://www.garmin.com/xmlschemas/ActivityExtension/v2"><Watts>388</Watts></TPX></Extensions></Trackpoint><Trackpoint xmlns="http://www.garmin.com/xmlschemas/TrainingCenterDatabase/v2"><Time>2026-08-29T07:26:02.055Z</Time><Position><LatitudeDegrees>52.33628167</LatitudeDegrees><LongitudeDegrees>13.00159</LongitudeDegrees></Position><AltitudeMeters>33.833</AltitudeMeters><DistanceMeters>4223.7001953125</DistanceMeters><HeartRateBpm><Value>193</Value></HeartRateBpm><Cadence>81</Cadence><SensorState>Present</SensorState><Extensions><TPX xmlns="http://www.garmin.com/xmlschemas/ActivityExtension/v2"><Watts>390</Watts></TPX></Extensions></Trackpoint><Trackpoint xmlns="http://www.garmin.com/xmlschemas/TrainingCenterDatabase/v2"><Time>2026-08-29T07:26:03.055Z</Time><Position><LatitudeDegrees>52.3363</LatitudeDegrees><LongitudeDegrees>13.00162</LongitudeDegrees></Position><AltitudeMeters>33.833</AltitudeMeters><DistanceMeters>4227.0</DistanceMeters><HeartRateBpm><Value>193</Value></HeartRateBpm><Cadence>81</Cadence><SensorState>Present</SensorState><Extensions><TPX xmlns="http://www.garmin.com/xmlschemas/ActivityExtension/v2"><Watts>392</Watts></TPX></Extensions></Trackpoint><Trackpoint xmlns="http://www.garmin.com/xmlschemas/TrainingCenterDatabase/v2"><Time>2026-08-29T07:26:04.055Z</Time><Position><LatitudeDegrees>52.33631833</LatitudeDegrees><LongitudeDegrees>13.001645</LongitudeDegrees></Position><AltitudeMeters>33.833</AltitudeMeters><DistanceMeters>4229.89990234375</DistanceMeters><HeartRateBpm><Value>193</Value></HeartRateBpm><Cadence>81</Cadence><SensorState>Present</SensorState><Extensions><TPX xmlns="http://www.garmin.com/xmlschemas/ActivityExtension/v2"><Watts>394</Watts></TPX></Extensions></Trackpoint><Trackpoint xmlns="http://www.garmin.com/xmlschemas/TrainingCenterDatabase/v2"><Time>2026-08-29T07:26:05.055Z</Time><Position><LatitudeDegrees>52.33633667</LatitudeDegrees><LongitudeDegrees>13.00167</LongitudeDegrees></Position><AltitudeMeters>33.833</AltitudeMeters><DistanceMeters>4233.0</DistanceMeters><HeartRateBpm><Value>193</Value></HeartRateBpm><Cadence>80</Cadence><SensorState>Present</SensorState><Extensions><TPX xmlns="http://www.garmin.com/xmlschemas/ActivityExtension/v2"><Watts>392</Watts></TPX></Extensions></Trackpoint><Trackpoint xmlns="http://www.garmin.com/xmlschemas/TrainingCenterDatabase/v2"><Time>2026-08-29T07:26:06.055Z</Time><Position><LatitudeDegrees>52.336355</LatitudeDegrees><LongitudeDegrees>13.00169333</LongitudeDegrees></Position><AltitudeMeters>33.833</AltitudeMeters><DistanceMeters>4235.7998046875</DistanceMeters><HeartRateBpm><Value>193</Value></HeartRateBpm><Cadence>81</Cadence><SensorState>Present</SensorState><Extensions><TPX xmlns="http://www.garmin.com/xmlschemas/ActivityExtension/v2"><Watts>386</Watts></TPX></Extensions></Trackpoint><Trackpoint xmlns="http://www.garmin.com/xmlschemas/TrainingCenterDatabase/v2"><Time>2026-08-29T07:26:07.055Z</Time><Position><LatitudeDegrees>52.33637333</LatitudeDegrees><LongitudeDegrees>13.00172167</LongitudeDegrees></Position><AltitudeMeters>33.833</AltitudeMeters><DistanceMeters>4238.5</DistanceMeters><HeartRateBpm><Value>193</Value></HeartRateBpm><Cadence>81</Cadence><SensorState>Present</SensorState><Extensions><TPX xmlns="http://www.garmin.com/xmlschemas/ActivityExtension/v2"><Watts>380</Watts></TPX></Extensions></Trackpoint><Trackpoint xmlns="http://www.garmin.com/xmlschemas/TrainingCenterDatabase/v2"><Time>2026-08-29T07:26:08.055Z</Time><Position><LatitudeDegrees>52.33638833</LatitudeDegrees><LongitudeDegrees>13.00175</LongitudeDegrees></Position><AltitudeMeters>33.833</AltitudeMeters><DistanceMeters>4241.2001953125</DistanceMeters><HeartRateBpm><Value>193</Value></HeartRateBpm><Cadence>81</Cadence><SensorState>Present</SensorState><Extensions><TPX xmlns="http://www.garmin.com/xmlschemas/ActivityExtension/v2"><Watts>376</Watts></TPX></Extensions></Trackpoint><Trackpoint xmlns="http://www.garmin.com/xmlschemas/TrainingCenterDatabase/v2"><Time>2026-08-29T07:26:09.055Z</Time><Position><LatitudeDegrees>52.33640167</LatitudeDegrees><LongitudeDegrees>13.00178</LongitudeDegrees></Position><AltitudeMeters>33.833</AltitudeMeters><DistanceMeters>4243.89990234375</DistanceMeters><HeartRateBpm><Value>193</Value></HeartRateBpm><Cadence>81</Cadence><SensorState>Present</SensorState><Extensions><TPX xmlns="http://www.garmin.com/xmlschemas/ActivityExtension/v2"><Watts>370</Watts></TPX></Extensions></Trackpoint><Trackpoint xmlns="http://www.garmin.com/xmlschemas/TrainingCenterDatabase/v2"><Time>2026-08-29T07:26:10.055Z</Time><Position><LatitudeDegrees>52.33641167</LatitudeDegrees><LongitudeDegrees>13.00181333</LongitudeDegrees></Position><AltitudeMeters>33.833</AltitudeMeters><DistanceMeters>4246.39990234375</DistanceMeters><HeartRateBpm><Value>193</Value></HeartRateBpm><Cadence>81</Cadence><SensorState>Present</SensorState><Extensions><TPX xmlns="http://www.garmin.com/xmlschemas/ActivityExtension/v2"><Watts>366</Watts></TPX></Extensions></Trackpoint><Trackpoint xmlns="http://www.garmin.com/xmlschemas/TrainingCenterDatabase/v2"><Time>2026-08-29T07:26:11.055Z</Time><Position><LatitudeDegrees>52.33641833</LatitudeDegrees><LongitudeDegrees>13.00184833</LongitudeDegrees></Position><AltitudeMeters>33.833</AltitudeMeters><DistanceMeters>4248.7001953125</DistanceMeters><HeartRateBpm><Value>193</Value></HeartRateBpm><Cadence>81</Cadence><SensorState>Present</SensorState><Extensions><TPX xmlns="http://www.garmin.com/xmlschemas/ActivityExtension/v2"><Watts>360</Watts></TPX></Extensions></Trackpoint><Trackpoint xmlns="http://www.garmin.com/xmlschemas/TrainingCenterDatabase/v2"><Time>2026-08-29T07:26:12.055Z</Time><Position><LatitudeDegrees>52.33642167</LatitudeDegrees><LongitudeDegrees>13.00187833</LongitudeDegrees></Position><AltitudeMeters>33.833</AltitudeMeters><DistanceMeters>4250.89990234375</DistanceMeters><HeartRateBpm><Value>193</Value></HeartRateBpm><Cadence>81</Cadence><SensorState>Present</SensorState><Extensions><TPX xmlns="http://www.garmin.com/xmlschemas/ActivityExtension/v2"><Watts>358</Watts></TPX></Extensions></Trackpoint><Trackpoint xmlns="http://www.garmin.com/xmlschemas/TrainingCenterDatabase/v2"><Time>2026-08-29T07:26:13.055Z</Time><Position><LatitudeDegrees>52.33643</LatitudeDegrees><LongitudeDegrees>13.00191667</LongitudeDegrees></Position><AltitudeMeters>33.833</AltitudeMeters><DistanceMeters>4253.2001953125</DistanceMeters><HeartRateBpm><Value>193</Value></HeartRateBpm><Cadence>81</Cadence><SensorState>Present</SensorState><Extensions><TPX xmlns="http://www.garmin.com/xmlschemas/ActivityExtension/v2"><Watts>356</Watts></TPX></Extensions></Trackpoint><Trackpoint xmlns="http://www.garmin.com/xmlschemas/TrainingCenterDatabase/v2"><Time>2026-08-29T07:26:14.055Z</Time><Position><LatitudeDegrees>52.33643667</LatitudeDegrees><LongitudeDegrees>13.001945</LongitudeDegrees></Position><AltitudeMeters>33.833</AltitudeMeters><DistanceMeters>4255.2998046875</DistanceMeters><HeartRateBpm><Value>193</Value></HeartRateBpm><Cadence>81</Cadence><SensorState>Present</SensorState><Extensions><TPX xmlns="http://www.garmin.com/xmlschemas/ActivityExtension/v2"><Watts>350</Watts></TPX></Extensions></Trackpoint><Trackpoint xmlns="http://www.garmin.com/xmlschemas/TrainingCenterDatabase/v2"><Time>2026-08-29T07:26:15.055Z</Time><Position><LatitudeDegrees>52.33645</LatitudeDegrees><LongitudeDegrees>13.001975</LongitudeDegrees></Position><AltitudeMeters>33.833</AltitudeMeters><DistanceMeters>4257.7001953125</DistanceMeters><HeartRateBpm><Value>193</Value></HeartRateBpm><Cadence>81</Cadence><SensorState>Present</SensorState><Extensions><TPX xmlns="http://www.garmin.com/xmlschemas/ActivityExtension/v2"><Watts>346</Watts></TPX></Extensions></Trackpoint><Trackpoint xmlns="http://www.garmin.com/xmlschemas/TrainingCenterDatabase/v2"><Time>2026-08-29T07:26:16.055Z</Time><Position><LatitudeDegrees>52.33647667</LatitudeDegrees><LongitudeDegrees>13.00200667</LongitudeDegrees></Position><AltitudeMeters>33.833</AltitudeMeters><DistanceMeters>4259.7998046875</DistanceMeters><HeartRateBpm><Value>193</Value></HeartRateBpm><Cadence>81</Cadence><SensorState>Present</SensorState><Extensions><TPX xmlns="http://www.garmin.com/xmlschemas/ActivityExtension/v2"><Watts>346</Watts></TPX></Extensions></Trackpoint><Trackpoint xmlns="http://www.garmin.com/xmlschemas/TrainingCenterDatabase/v2"><Time>2026-08-29T07:26:17.055Z</Time><Position><LatitudeDegrees>52.33649833</LatitudeDegrees><LongitudeDegrees>13.00204</LongitudeDegrees></Position><AltitudeMeters>33.833</AltitudeMeters><DistanceMeters>4262.10009765625</DistanceMeters><HeartRateBpm><Value>193</Value></HeartRateBpm><Cadence>80</Cadence><SensorState>Present</SensorState><Extensions><TPX xmlns="http://www.garmin.com/xmlschemas/ActivityExtension/v2"><Watts>348</Watts></TPX></Extensions></Trackpoint><Trackpoint xmlns="http://www.garmin.com/xmlschemas/TrainingCenterDatabase/v2"><Time>2026-08-29T07:26:18.055Z</Time><Position><LatitudeDegrees>52.33651833</LatitudeDegrees><LongitudeDegrees>13.00207</LongitudeDegrees></Position><AltitudeMeters>33.833</AltitudeMeters><DistanceMeters>4264.89990234375</DistanceMeters><HeartRateBpm><Value>193</Value></HeartRateBpm><Cadence>79</Cadence><SensorState>Present</SensorState><Extensions><TPX xmlns="http://www.garmin.com/xmlschemas/ActivityExtension/v2"><Watts>344</Watts></TPX></Extensions></Trackpoint><Trackpoint xmlns="http://www.garmin.com/xmlschemas/TrainingCenterDatabase/v2"><Time>2026-08-29T07:26:19.055Z</Time><Position><LatitudeDegrees>52.33653833</LatitudeDegrees><LongitudeDegrees>13.00209167</LongitudeDegrees></Position><AltitudeMeters>33.833</AltitudeMeters><DistanceMeters>4268.0</DistanceMeters><HeartRateBpm><Value>193</Value></HeartRateBpm><Cadence>79</Cadence><SensorState>Present</SensorState><Extensions><TPX xmlns="http://www.garmin.com/xmlschemas/ActivityExtension/v2"><Watts>344</Watts></TPX></Extensions></Trackpoint><Trackpoint xmlns="http://www.garmin.com/xmlschemas/TrainingCenterDatabase/v2"><Time>2026-08-29T07:26:20.055Z</Time><Position><LatitudeDegrees>52.33655833</LatitudeDegrees><LongitudeDegrees>13.00212</LongitudeDegrees></Position><AltitudeMeters>33.833</AltitudeMeters><DistanceMeters>4271.0</DistanceMeters><HeartRateBpm><Value>193</Value></HeartRateBpm><Cadence>81</Cadence><SensorState>Present</SensorState><Extensions><TPX xmlns="http://www.garmin.com/xmlschemas/ActivityExtension/v2"><Watts>344</Watts></TPX></Extensions></Trackpoint><Trackpoint xmlns="http://www.garmin.com/xmlschemas/TrainingCenterDatabase/v2"><Time>2026-08-29T07:26:21.055Z</Time><Position><LatitudeDegrees>52.33657833</LatitudeDegrees><LongitudeDegrees>13.00213833</LongitudeDegrees></Position><AltitudeMeters>33.833</AltitudeMeters><DistanceMeters>4273.89990234375</DistanceMeters><HeartRateBpm><Value>193</Value></HeartRateBpm><Cadence>81</Cadence><SensorState>Present</SensorState><Extensions><TPX xmlns="http://www.garmin.com/xmlschemas/ActivityExtension/v2"><Watts>346</Watts></TPX></Extensions></Trackpoint><Trackpoint xmlns="http://www.garmin.com/xmlschemas/TrainingCenterDatabase/v2"><Time>2026-08-29T07:26:22.055Z</Time><Position><LatitudeDegrees>52.33659833</LatitudeDegrees><LongitudeDegrees>13.00215833</LongitudeDegrees></Position><AltitudeMeters>34.9</AltitudeMeters><DistanceMeters>4276.7001953125</DistanceMeters><HeartRateBpm><Value>193</Value></HeartRateBpm><Cadence>81</Cadence><SensorState>Present</SensorState><Extensions><TPX xmlns="http://www.garmin.com/xmlschemas/ActivityExtension/v2"><Watts>350</Watts></TPX></Extensions></Trackpoint><Trackpoint xmlns="http://www.garmin.com/xmlschemas/TrainingCenterDatabase/v2"><Time>2026-08-29T07:26:23.055Z</Time><Position><LatitudeDegrees>52.33662667</LatitudeDegrees><LongitudeDegrees>13.00217333</LongitudeDegrees></Position><AltitudeMeters>34.9</AltitudeMeters><DistanceMeters>4279.7998046875</DistanceMeters><HeartRateBpm><Value>194</Value></HeartRateBpm><Cadence>79</Cadence><SensorState>Present</SensorState><Extensions><TPX xmlns="http://www.garmin.com/xmlschemas/ActivityExtension/v2"><Watts>356</Watts></TPX></Extensions></Trackpoint><Trackpoint xmlns="http://www.garmin.com/xmlschemas/TrainingCenterDatabase/v2"><Time>2026-08-29T07:26:24.055Z</Time><Position><LatitudeDegrees>52.33665</LatitudeDegrees><LongitudeDegrees>13.00218333</LongitudeDegrees></Position><AltitudeMeters>34.9</AltitudeMeters><DistanceMeters>4282.7001953125</DistanceMeters><HeartRateBpm><Value>194</Value></HeartRateBpm><Cadence>79</Cadence><SensorState>Present</SensorState><Extensions><TPX xmlns="http://www.garmin.com/xmlschemas/ActivityExtension/v2"><Watts>364</Watts></TPX></Extensions></Trackpoint><Trackpoint xmlns="http://www.garmin.com/xmlschemas/TrainingCenterDatabase/v2"><Time>2026-08-29T07:26:25.055Z</Time><Position><LatitudeDegrees>52.33667167</LatitudeDegrees><LongitudeDegrees>13.00218667</LongitudeDegrees></Position><AltitudeMeters>34.9</AltitudeMeters><DistanceMeters>4286.39990234375</DistanceMeters><HeartRateBpm><Value>194</Value></HeartRateBpm><Cadence>79</Cadence><SensorState>Present</SensorState><Extensions><TPX xmlns="http://www.garmin.com/xmlschemas/ActivityExtension/v2"><Watts>374</Watts></TPX></Extensions></Trackpoint><Trackpoint xmlns="http://www.garmin.com/xmlschemas/TrainingCenterDatabase/v2"><Time>2026-08-29T07:26:26.055Z</Time><Position><LatitudeDegrees>52.33668833</LatitudeDegrees><LongitudeDegrees>13.00218</LongitudeDegrees></Position><AltitudeMeters>35.814</AltitudeMeters><DistanceMeters>4289.2001953125</DistanceMeters><HeartRateBpm><Value>194</Value></HeartRateBpm><Cadence>81</Cadence><SensorState>Present</SensorState><Extensions><TPX xmlns="http://www.garmin.com/xmlschemas/ActivityExtension/v2"><Watts>382</Watts></TPX></Extensions></Trackpoint><Trackpoint xmlns="http://www.garmin.com/xmlschemas/TrainingCenterDatabase/v2"><Time>2026-08-29T07:26:27.055Z</Time><Position><LatitudeDegrees>52.336705</LatitudeDegrees><LongitudeDegrees>13.00216667</LongitudeDegrees></Position><AltitudeMeters>35.814</AltitudeMeters><DistanceMeters>4291.39990234375</DistanceMeters><HeartRateBpm><Value>194</Value></HeartRateBpm><Cadence>81</Cadence><SensorState>Present</SensorState><Extensions><TPX xmlns="http://www.garmin.com/xmlschemas/ActivityExtension/v2"><Watts>376</Watts></TPX></Extensions></Trackpoint><Trackpoint xmlns="http://www.garmin.com/xmlschemas/TrainingCenterDatabase/v2"><Time>2026-08-29T07:26:28.055Z</Time><Position><LatitudeDegrees>52.33672</LatitudeDegrees><LongitudeDegrees>13.002145</LongitudeDegrees></Position><AltitudeMeters>35.814</AltitudeMeters><DistanceMeters>4293.10009765625</DistanceMeters><HeartRateBpm><Value>195</Value></HeartRateBpm><Cadence>81</Cadence><SensorState>Present</SensorState><Extensions><TPX xmlns="http://www.garmin.com/xmlschemas/ActivityExtension/v2"><Watts>360</Watts></TPX></Extensions></Trackpoint><Trackpoint xmlns="http://www.garmin.com/xmlschemas/TrainingCenterDatabase/v2"><Time>2026-08-29T07:26:29.055Z</Time><Position><LatitudeDegrees>52.33673167</LatitudeDegrees><LongitudeDegrees>13.002125</LongitudeDegrees></Position><AltitudeMeters>35.814</AltitudeMeters><DistanceMeters>4294.7998046875</DistanceMeters><HeartRateBpm><Value>195</Value></HeartRateBpm><Cadence>81</Cadence><SensorState>Present</SensorState><Extensions><TPX xmlns="http://www.garmin.com/xmlschemas/ActivityExtension/v2"><Watts>348</Watts></TPX></Extensions></Trackpoint><Trackpoint xmlns="http://www.garmin.com/xmlschemas/TrainingCenterDatabase/v2"><Time>2026-08-29T07:26:30.055Z</Time><Position><LatitudeDegrees>52.33674833</LatitudeDegrees><LongitudeDegrees>13.00210667</LongitudeDegrees></Position><AltitudeMeters>35.814</AltitudeMeters><DistanceMeters>4296.7001953125</DistanceMeters><HeartRateBpm><Value>195</Value></HeartRateBpm><Cadence>81</Cadence><SensorState>Present</SensorState><Extensions><TPX xmlns="http://www.garmin.com/xmlschemas/ActivityExtension/v2"><Watts>338</Watts></TPX></Extensions></Trackpoint><Trackpoint xmlns="http://www.garmin.com/xmlschemas/TrainingCenterDatabase/v2"><Time>2026-08-29T07:26:31.055Z</Time><Position><LatitudeDegrees>52.33676333</LatitudeDegrees><LongitudeDegrees>13.00208833</LongitudeDegrees></Position><AltitudeMeters>35.814</AltitudeMeters><DistanceMeters>4298.2998046875</DistanceMeters><HeartRateBpm><Value>195</Value></HeartRateBpm><Cadence>81</Cadence><SensorState>Present</SensorState><Extensions><TPX xmlns="http://www.garmin.com/xmlschemas/ActivityExtension/v2"><Watts>330</Watts></TPX></Extensions></Trackpoint><Trackpoint xmlns="http://www.garmin.com/xmlschemas/TrainingCenterDatabase/v2"><Time>2026-08-29T07:26:32.055Z</Time><Position><LatitudeDegrees>52.33678167</LatitudeDegrees><LongitudeDegrees>13.00208</LongitudeDegrees></Position><AltitudeMeters>35.814</AltitudeMeters><DistanceMeters>4300.0</DistanceMeters><HeartRateBpm><Value>195</Value></HeartRateBpm><Cadence>80</Cadence><SensorState>Present</SensorState><Extensions><TPX xmlns="http://www.garmin.com/xmlschemas/ActivityExtension/v2"><Watts>318</Watts></TPX></Extensions></Trackpoint><Trackpoint xmlns="http://www.garmin.com/xmlschemas/TrainingCenterDatabase/v2"><Time>2026-08-29T07:26:33.055Z</Time><Position><LatitudeDegrees>52.3368</LatitudeDegrees><LongitudeDegrees>13.00207167</LongitudeDegrees></Position><AltitudeMeters>35.814</AltitudeMeters><DistanceMeters>4301.7998046875</DistanceMeters><HeartRateBpm><Value>195</Value></HeartRateBpm><Cadence>81</Cadence><SensorState>Present</SensorState><Extensions><TPX xmlns="http://www.garmin.com/xmlschemas/ActivityExtension/v2"><Watts>310</Watts></TPX></Extensions></Trackpoint><Trackpoint xmlns="http://www.garmin.com/xmlschemas/TrainingCenterDatabase/v2"><Time>2026-08-29T07:26:34.055Z</Time><Position><LatitudeDegrees>52.33682833</LatitudeDegrees><LongitudeDegrees>13.00205667</LongitudeDegrees></Position><AltitudeMeters>35.814</AltitudeMeters><DistanceMeters>4303.10009765625</DistanceMeters><HeartRateBpm><Value>195</Value></HeartRateBpm><Cadence>80</Cadence><SensorState>Present</SensorState><Extensions><TPX xmlns="http://www.garmin.com/xmlschemas/ActivityExtension/v2"><Watts>300</Watts></TPX></Extensions></Trackpoint><Trackpoint xmlns="http://www.garmin.com/xmlschemas/TrainingCenterDatabase/v2"><Time>2026-08-29T07:26:35.055Z</Time><Position><LatitudeDegrees>52.33685167</LatitudeDegrees><LongitudeDegrees>13.00204</LongitudeDegrees></Position><AltitudeMeters>35.814</AltitudeMeters><DistanceMeters>4304.89990234375</DistanceMeters><HeartRateBpm><Value>195</Value></HeartRateBpm><Cadence>79</Cadence><SensorState>Present</SensorState><Extensions><TPX xmlns="http://www.garmin.com/xmlschemas/ActivityExtension/v2"><Watts>290</Watts></TPX></Extensions></Trackpoint><Trackpoint xmlns="http://www.garmin.com/xmlschemas/TrainingCenterDatabase/v2"><Time>2026-08-29T07:26:36.055Z</Time><Position><LatitudeDegrees>52.33687333</LatitudeDegrees><LongitudeDegrees>13.00202667</LongitudeDegrees></Position><AltitudeMeters>35.814</AltitudeMeters><DistanceMeters>4307.7998046875</DistanceMeters><HeartRateBpm><Value>195</Value></HeartRateBpm><Cadence>79</Cadence><SensorState>Present</SensorState><Extensions><TPX xmlns="http://www.garmin.com/xmlschemas/ActivityExtension/v2"><Watts>290</Watts></TPX></Extensions></Trackpoint><Trackpoint xmlns="http://www.garmin.com/xmlschemas/TrainingCenterDatabase/v2"><Time>2026-08-29T07:26:37.055Z</Time><Position><LatitudeDegrees>52.33689167</LatitudeDegrees><LongitudeDegrees>13.00200833</LongitudeDegrees></Position><AltitudeMeters>35.814</AltitudeMeters><DistanceMeters>4310.7001953125</DistanceMeters><HeartRateBpm><Value>195</Value></HeartRateBpm><Cadence>79</Cadence><SensorState>Present</SensorState><Extensions><TPX xmlns="http://www.garmin.com/xmlschemas/ActivityExtension/v2"><Watts>290</Watts></TPX></Extensions></Trackpoint><Trackpoint xmlns="http://www.garmin.com/xmlschemas/TrainingCenterDatabase/v2"><Time>2026-08-29T07:26:38.055Z</Time><Position><LatitudeDegrees>52.33691333</LatitudeDegrees><LongitudeDegrees>13.001985</LongitudeDegrees></Position><AltitudeMeters>35.814</AltitudeMeters><DistanceMeters>4313.39990234375</DistanceMeters><HeartRateBpm><Value>195</Value></HeartRateBpm><Cadence>81</Cadence><SensorState>Present</SensorState><Extensions><TPX xmlns="http://www.garmin.com/xmlschemas/ActivityExtension/v2"><Watts>282</Watts></TPX></Extensions></Trackpoint><Trackpoint xmlns="http://www.garmin.com/xmlschemas/TrainingCenterDatabase/v2"><Time>2026-08-29T07:26:39.055Z</Time><Position><LatitudeDegrees>52.33693667</LatitudeDegrees><LongitudeDegrees>13.00195667</LongitudeDegrees></Position><AltitudeMeters>35.814</AltitudeMeters><DistanceMeters>4316.0</DistanceMeters><HeartRateBpm><Value>195</Value></HeartRateBpm><Cadence>81</Cadence><SensorState>Present</SensorState><Extensions><TPX xmlns="http://www.garmin.com/xmlschemas/ActivityExtension/v2"><Watts>280</Watts></TPX></Extensions></Trackpoint><Trackpoint xmlns="http://www.garmin.com/xmlschemas/TrainingCenterDatabase/v2"><Time>2026-08-29T07:26:40.055Z</Time><Position><LatitudeDegrees>52.33695833</LatitudeDegrees><LongitudeDegrees>13.00192333</LongitudeDegrees></Position><AltitudeMeters>35.814</AltitudeMeters><DistanceMeters>4319.10009765625</DistanceMeters><HeartRateBpm><Value>195</Value></HeartRateBpm><Cadence>81</Cadence><SensorState>Present</SensorState><Extensions><TPX xmlns="http://www.garmin.com/xmlschemas/ActivityExtension/v2"><Watts>288</Watts></TPX></Extensions></Trackpoint><Trackpoint xmlns="http://www.garmin.com/xmlschemas/TrainingCenterDatabase/v2"><Time>2026-08-29T07:26:41.055Z</Time><Position><LatitudeDegrees>52.33698</LatitudeDegrees><LongitudeDegrees>13.00190833</LongitudeDegrees></Position><AltitudeMeters>35.814</AltitudeMeters><DistanceMeters>4322.39990234375</DistanceMeters><HeartRateBpm><Value>195</Value></HeartRateBpm><Cadence>79</Cadence><SensorState>Present</SensorState><Extensions><TPX xmlns="http://www.garmin.com/xmlschemas/ActivityExtension/v2"><Watts>302</Watts></TPX></Extensions></Trackpoint><Trackpoint xmlns="http://www.garmin.com/xmlschemas/TrainingCenterDatabase/v2"><Time>2026-08-29T07:26:42.055Z</Time><Position><LatitudeDegrees>52.33700167</LatitudeDegrees><LongitudeDegrees>13.0019</LongitudeDegrees></Position><AltitudeMeters>35.814</AltitudeMeters><DistanceMeters>4326.10009765625</DistanceMeters><HeartRateBpm><Value>195</Value></HeartRateBpm><Cadence>79</Cadence><SensorState>Present</SensorState><Extensions><TPX xmlns="http://www.garmin.com/xmlschemas/ActivityExtension/v2"><Watts>310</Watts></TPX></Extensions></Trackpoint><Trackpoint xmlns="http://www.garmin.com/xmlschemas/TrainingCenterDatabase/v2"><Time>2026-08-29T07:26:43.055Z</Time><Position><LatitudeDegrees>52.337025</LatitudeDegrees><LongitudeDegrees>13.00188833</LongitudeDegrees></Position><AltitudeMeters>35.814</AltitudeMeters><DistanceMeters>4329.2001953125</DistanceMeters><HeartRateBpm><Value>195</Value></HeartRateBpm><Cadence>80</Cadence><SensorState>Present</SensorState><Extensions><TPX xmlns="http://www.garmin.com/xmlschemas/ActivityExtension/v2"><Watts>310</Watts></TPX></Extensions></Trackpoint><Trackpoint xmlns="http://www.garmin.com/xmlschemas/TrainingCenterDatabase/v2"><Time>2026-08-29T07:26:44.055Z</Time><Position><LatitudeDegrees>52.33704333</LatitudeDegrees><LongitudeDegrees>13.001875</LongitudeDegrees></Position><AltitudeMeters>35.814</AltitudeMeters><DistanceMeters>4332.10009765625</DistanceMeters><HeartRateBpm><Value>196</Value></HeartRateBpm><Cadence>81</Cadence><SensorState>Present</SensorState><Extensions><TPX xmlns="http://www.garmin.com/xmlschemas/ActivityExtension/v2"><Watts>308</Watts></TPX></Extensions></Trackpoint><Trackpoint xmlns="http://www.garmin.com/xmlschemas/TrainingCenterDatabase/v2"><Time>2026-08-29T07:26:45.055Z</Time><Position><LatitudeDegrees>52.33706167</LatitudeDegrees><LongitudeDegrees>13.00186167</LongitudeDegrees></Position><AltitudeMeters>35.814</AltitudeMeters><DistanceMeters>4334.60009765625</DistanceMeters><HeartRateBpm><Value>196</Value></HeartRateBpm><Cadence>81</Cadence><SensorState>Present</SensorState><Extensions><TPX xmlns="http://www.garmin.com/xmlschemas/ActivityExtension/v2"><Watts>306</Watts></TPX></Extensions></Trackpoint><Trackpoint xmlns="http://www.garmin.com/xmlschemas/TrainingCenterDatabase/v2"><Time>2026-08-29T07:26:46.055Z</Time><Position><LatitudeDegrees>52.33707667</LatitudeDegrees><LongitudeDegrees>13.00184667</LongitudeDegrees></Position><AltitudeMeters>35.814</AltitudeMeters><DistanceMeters>4337.10009765625</DistanceMeters><HeartRateBpm><Value>196</Value></HeartRateBpm><Cadence>81</Cadence><SensorState>Present</SensorState><Extensions><TPX xmlns="http://www.garmin.com/xmlschemas/ActivityExtension/v2"><Watts>298</Watts></TPX></Extensions></Trackpoint><Trackpoint xmlns="http://www.garmin.com/xmlschemas/TrainingCenterDatabase/v2"><Time>2026-08-29T07:26:47.055Z</Time><Position><LatitudeDegrees>52.33709</LatitudeDegrees><LongitudeDegrees>13.00183</LongitudeDegrees></Position><AltitudeMeters>35.814</AltitudeMeters><DistanceMeters>4339.5</DistanceMeters><HeartRateBpm><Value>195</Value></HeartRateBpm><Cadence>80</Cadence><SensorState>Present</SensorState><Extensions><TPX xmlns="http://www.garmin.com/xmlschemas/ActivityExtension/v2"><Watts>284</Watts></TPX></Extensions></Trackpoint><Trackpoint xmlns="http://www.garmin.com/xmlschemas/TrainingCenterDatabase/v2"><Time>2026-08-29T07:26:48.055Z</Time><Position><LatitudeDegrees>52.33710833</LatitudeDegrees><LongitudeDegrees>13.00181833</LongitudeDegrees></Position><AltitudeMeters>35.814</AltitudeMeters><DistanceMeters>4341.60009765625</DistanceMeters><HeartRateBpm><Value>195</Value></HeartRateBpm><Cadence>79</Cadence><SensorState>Present</SensorState><Extensions><TPX xmlns="http://www.garmin.com/xmlschemas/ActivityExtension/v2"><Watts>272</Watts></TPX></Extensions></Trackpoint><Trackpoint xmlns="http://www.garmin.com/xmlschemas/TrainingCenterDatabase/v2"><Time>2026-08-29T07:26:49.055Z</Time><Position><LatitudeDegrees>52.33713167</LatitudeDegrees><LongitudeDegrees>13.00181167</LongitudeDegrees></Position><AltitudeMeters>35.814</AltitudeMeters><DistanceMeters>4343.2998046875</DistanceMeters><HeartRateBpm><Value>195</Value></HeartRateBpm><Cadence>79</Cadence><SensorState>Present</SensorState><Extensions><TPX xmlns="http://www.garmin.com/xmlschemas/ActivityExtension/v2"><Watts>268</Watts></TPX></Extensions></Trackpoint><Trackpoint xmlns="http://www.garmin.com/xmlschemas/TrainingCenterDatabase/v2"><Time>2026-08-29T07:26:50.055Z</Time><Position><LatitudeDegrees>52.33715667</LatitudeDegrees><LongitudeDegrees>13.001805</LongitudeDegrees></Position><AltitudeMeters>35.814</AltitudeMeters><DistanceMeters>4345.10009765625</DistanceMeters><HeartRateBpm><Value>195</Value></HeartRateBpm><Cadence>79</Cadence><SensorState>Present</SensorState><Extensions><TPX xmlns="http://www.garmin.com/xmlschemas/ActivityExtension/v2"><Watts>274</Watts></TPX></Extensions></Trackpoint><Trackpoint xmlns="http://www.garmin.com/xmlschemas/TrainingCenterDatabase/v2"><Time>2026-08-29T07:26:51.055Z</Time><Position><LatitudeDegrees>52.33717833</LatitudeDegrees><LongitudeDegrees>13.00180167</LongitudeDegrees></Position><AltitudeMeters>35.814</AltitudeMeters><DistanceMeters>4347.2001953125</DistanceMeters><HeartRateBpm><Value>195</Value></HeartRateBpm><Cadence>79</Cadence><SensorState>Present</SensorState><Extensions><TPX xmlns="http://www.garmin.com/xmlschemas/ActivityExtension/v2"><Watts>276</Watts></TPX></Extensions></Trackpoint><Trackpoint xmlns="http://www.garmin.com/xmlschemas/TrainingCenterDatabase/v2"><Time>2026-08-29T07:26:52.055Z</Time><Position><LatitudeDegrees>52.3372</LatitudeDegrees><LongitudeDegrees>13.00180167</LongitudeDegrees></Position><AltitudeMeters>35.814</AltitudeMeters><DistanceMeters>4349.5</DistanceMeters><HeartRateBpm><Value>195</Value></HeartRateBpm><Cadence>79</Cadence><SensorState>Present</SensorState><Extensions><TPX xmlns="http://www.garmin.com/xmlschemas/ActivityExtension/v2"><Watts>280</Watts></TPX></Extensions></Trackpoint><Trackpoint xmlns="http://www.garmin.com/xmlschemas/TrainingCenterDatabase/v2"><Time>2026-08-29T07:26:53.055Z</Time><Position><LatitudeDegrees>52.33721667</LatitudeDegrees><LongitudeDegrees>13.00180333</LongitudeDegrees></Position><AltitudeMeters>35.814</AltitudeMeters><DistanceMeters>4351.7998046875</DistanceMeters><HeartRateBpm><Value>195</Value></HeartRateBpm><Cadence>80</Cadence><SensorState>Present</SensorState><Extensions><TPX xmlns="http://www.garmin.com/xmlschemas/ActivityExtension/v2"><Watts>284</Watts></TPX></Extensions></Trackpoint><Trackpoint xmlns="http://www.garmin.com/xmlschemas/TrainingCenterDatabase/v2"><Time>2026-08-29T07:26:54.055Z</Time><Position><LatitudeDegrees>52.33723333</LatitudeDegrees><LongitudeDegrees>13.00180333</LongitudeDegrees></Position><AltitudeMeters>35.814</AltitudeMeters><DistanceMeters>4354.0</DistanceMeters><HeartRateBpm><Value>195</Value></HeartRateBpm><Cadence>81</Cadence><SensorState>Present</SensorState><Extensions><TPX xmlns="http://www.garmin.com/xmlschemas/ActivityExtension/v2"><Watts>282</Watts></TPX></Extensions></Trackpoint><Trackpoint xmlns="http://www.garmin.com/xmlschemas/TrainingCenterDatabase/v2"><Time>2026-08-29T07:26:55.055Z</Time><Position><LatitudeDegrees>52.33726167</LatitudeDegrees><LongitudeDegrees>13.0018</LongitudeDegrees></Position><AltitudeMeters>35.814</AltitudeMeters><DistanceMeters>4356.10009765625</DistanceMeters><HeartRateBpm><Value>195</Value></HeartRateBpm><Cadence>81</Cadence><SensorState>Present</SensorState><Extensions><TPX xmlns="http://www.garmin.com/xmlschemas/ActivityExtension/v2"><Watts>274</Watts></TPX></Extensions></Trackpoint><Trackpoint xmlns="http://www.garmin.com/xmlschemas/TrainingCenterDatabase/v2"><Time>2026-08-29T07:26:56.055Z</Time><Position><LatitudeDegrees>52.33729167</LatitudeDegrees><LongitudeDegrees>13.00179667</LongitudeDegrees></Position><AltitudeMeters>35.814</AltitudeMeters><DistanceMeters>4358.10009765625</DistanceMeters><HeartRateBpm><Value>195</Value></HeartRateBpm><Cadence>81</Cadence><SensorState>Present</SensorState><Extensions><TPX xmlns="http://www.garmin.com/xmlschemas/ActivityExtension/v2"><Watts>266</Watts></TPX></Extensions></Trackpoint><Trackpoint xmlns="http://www.garmin.com/xmlschemas/TrainingCenterDatabase/v2"><Time>2026-08-29T07:26:57.055Z</Time><Position><LatitudeDegrees>52.33732167</LatitudeDegrees><LongitudeDegrees>13.0018</LongitudeDegrees></Position><AltitudeMeters>35.814</AltitudeMeters><DistanceMeters>4361.10009765625</DistanceMeters><HeartRateBpm><Value>195</Value></HeartRateBpm><Cadence>81</Cadence><SensorState>Present</SensorState><Extensions><TPX xmlns="http://www.garmin.com/xmlschemas/ActivityExtension/v2"><Watts>270</Watts></TPX></Extensions></Trackpoint><Trackpoint xmlns="http://www.garmin.com/xmlschemas/TrainingCenterDatabase/v2"><Time>2026-08-29T07:26:58.055Z</Time><Position><LatitudeDegrees>52.33735167</LatitudeDegrees><LongitudeDegrees>13.001805</LongitudeDegrees></Position><AltitudeMeters>35.814</AltitudeMeters><DistanceMeters>4364.39990234375</DistanceMeters><HeartRateBpm><Value>195</Value></HeartRateBpm><Cadence>81</Cadence><SensorState>Present</SensorState><Extensions><TPX xmlns="http://www.garmin.com/xmlschemas/ActivityExtension/v2"><Watts>286</Watts></TPX></Extensions></Trackpoint><Trackpoint xmlns="http://www.garmin.com/xmlschemas/TrainingCenterDatabase/v2"><Time>2026-08-29T07:26:59.055Z</Time><Position><LatitudeDegrees>52.33738833</LatitudeDegrees><LongitudeDegrees>13.001805</LongitudeDegrees></Position><AltitudeMeters>35.814</AltitudeMeters><DistanceMeters>4367.7998046875</DistanceMeters><HeartRateBpm><Value>195</Value></HeartRateBpm><Cadence>80</Cadence><SensorState>Present</SensorState><Extensions><TPX xmlns="http://www.garmin.com/xmlschemas/ActivityExtension/v2"><Watts>300</Watts></TPX></Extensions></Trackpoint><Trackpoint xmlns="http://www.garmin.com/xmlschemas/TrainingCenterDatabase/v2"><Time>2026-08-29T07:27:00.055Z</Time><Position><LatitudeDegrees>52.33741667</LatitudeDegrees><LongitudeDegrees>13.00180833</LongitudeDegrees></Position><AltitudeMeters>35.814</AltitudeMeters><DistanceMeters>4371.10009765625</DistanceMeters><HeartRateBpm><Value>195</Value></HeartRateBpm><Cadence>80</Cadence><SensorState>Present</SensorState><Extensions><TPX xmlns="http://www.garmin.com/xmlschemas/ActivityExtension/v2"><Watts>314</Watts></TPX></Extensions></Trackpoint><Trackpoint xmlns="http://www.garmin.com/xmlschemas/TrainingCenterDatabase/v2"><Time>2026-08-29T07:27:01.055Z</Time><Position><LatitudeDegrees>52.33744333</LatitudeDegrees><LongitudeDegrees>13.00181</LongitudeDegrees></Position><AltitudeMeters>35.814</AltitudeMeters><DistanceMeters>4374.7998046875</DistanceMeters><HeartRateBpm><Value>195</Value></HeartRateBpm><Cadence>79</Cadence><SensorState>Present</SensorState><Extensions><TPX xmlns="http://www.garmin.com/xmlschemas/ActivityExtension/v2"><Watts>326</Watts></TPX></Extensions></Trackpoint><Trackpoint xmlns="http://www.garmin.com/xmlschemas/TrainingCenterDatabase/v2"><Time>2026-08-29T07:27:02.055Z</Time><Position><LatitudeDegrees>52.33746333</LatitudeDegrees><LongitudeDegrees>13.00180667</LongitudeDegrees></Position><AltitudeMeters>35.814</AltitudeMeters><DistanceMeters>4378.39990234375</DistanceMeters><HeartRateBpm><Value>194</Value></HeartRateBpm><Cadence>79</Cadence><SensorState>Present</SensorState><Extensions><TPX xmlns="http://www.garmin.com/xmlschemas/ActivityExtension/v2"><Watts>336</Watts></TPX></Extensions></Trackpoint><Trackpoint xmlns="http://www.garmin.com/xmlschemas/TrainingCenterDatabase/v2"><Time>2026-08-29T07:27:03.055Z</Time><Position><LatitudeDegrees>52.33748167</LatitudeDegrees><LongitudeDegrees>13.00180167</LongitudeDegrees></Position><AltitudeMeters>35.814</AltitudeMeters><DistanceMeters>4382.0</DistanceMeters><HeartRateBpm><Value>194</Value></HeartRateBpm><Cadence>79</Cadence><SensorState>Present</SensorState><Extensions><TPX xmlns="http://www.garmin.com/xmlschemas/ActivityExtension/v2"><Watts>334</Watts></TPX></Extensions></Trackpoint><Trackpoint xmlns="http://www.garmin.com/xmlschemas/TrainingCenterDatabase/v2"><Time>2026-08-29T07:27:04.055Z</Time><Position><LatitudeDegrees>52.33749333</LatitudeDegrees><LongitudeDegrees>13.00179833</LongitudeDegrees></Position><AltitudeMeters>35.814</AltitudeMeters><DistanceMeters>4385.2001953125</DistanceMeters><HeartRateBpm><Value>194</Value></HeartRateBpm><Cadence>79</Cadence><SensorState>Present</SensorState><Extensions><TPX xmlns="http://www.garmin.com/xmlschemas/ActivityExtension/v2"><Watts>330</Watts></TPX></Extensions></Trackpoint><Trackpoint xmlns="http://www.garmin.com/xmlschemas/TrainingCenterDatabase/v2"><Time>2026-08-29T07:27:05.055Z</Time><Position><LatitudeDegrees>52.33751333</LatitudeDegrees><LongitudeDegrees>13.00179667</LongitudeDegrees></Position><AltitudeMeters>35.814</AltitudeMeters><DistanceMeters>4388.2998046875</DistanceMeters><HeartRateBpm><Value>194</Value></HeartRateBpm><Cadence>80</Cadence><SensorState>Present</SensorState><Extensions><TPX xmlns="http://www.garmin.com/xmlschemas/ActivityExtension/v2"><Watts>332</Watts></TPX></Extensions></Trackpoint><Trackpoint xmlns="http://www.garmin.com/xmlschemas/TrainingCenterDatabase/v2"><Time>2026-08-29T07:27:06.055Z</Time><Position><LatitudeDegrees>52.337535</LatitudeDegrees><LongitudeDegrees>13.00180167</LongitudeDegrees></Position><AltitudeMeters>36.881</AltitudeMeters><DistanceMeters>4390.2001953125</DistanceMeters><HeartRateBpm><Value>194</Value></HeartRateBpm><Cadence>80</Cadence><SensorState>Present</SensorState><Extensions><TPX xmlns="http://www.garmin.com/xmlschemas/ActivityExtension/v2"><Watts>334</Watts></TPX></Extensions></Trackpoint><Trackpoint xmlns="http://www.garmin.com/xmlschemas/TrainingCenterDatabase/v2"><Time>2026-08-29T07:27:07.055Z</Time><Position><LatitudeDegrees>52.33755333</LatitudeDegrees><LongitudeDegrees>13.00180333</LongitudeDegrees></Position><AltitudeMeters>36.881</AltitudeMeters><DistanceMeters>4392.10009765625</DistanceMeters><HeartRateBpm><Value>194</Value></HeartRateBpm><Cadence>81</Cadence><SensorState>Present</SensorState><Extensions><TPX xmlns="http://www.garmin.com/xmlschemas/ActivityExtension/v2"><Watts>338</Watts></TPX></Extensions></Trackpoint><Trackpoint xmlns="http://www.garmin.com/xmlschemas/TrainingCenterDatabase/v2"><Time>2026-08-29T07:27:08.055Z</Time><Position><LatitudeDegrees>52.337575</LatitudeDegrees><LongitudeDegrees>13.0018</LongitudeDegrees></Position><AltitudeMeters>36.881</AltitudeMeters><DistanceMeters>4394.0</DistanceMeters><HeartRateBpm><Value>194</Value></HeartRateBpm><Cadence>81</Cadence><SensorState>Present</SensorState><Extensions><TPX xmlns="http://www.garmin.com/xmlschemas/ActivityExtension/v2"><Watts>344</Watts></TPX></Extensions></Trackpoint><Trackpoint xmlns="http://www.garmin.com/xmlschemas/TrainingCenterDatabase/v2"><Time>2026-08-29T07:27:09.055Z</Time><Position><LatitudeDegrees>52.33759333</LatitudeDegrees><LongitudeDegrees>13.00178667</LongitudeDegrees></Position><AltitudeMeters>36.881</AltitudeMeters><DistanceMeters>4395.60009765625</DistanceMeters><HeartRateBpm><Value>194</Value></HeartRateBpm><Cadence>81</Cadence><SensorState>Present</SensorState><Extensions><TPX xmlns="http://www.garmin.com/xmlschemas/ActivityExtension/v2"><Watts>352</Watts></TPX></Extensions></Trackpoint><Trackpoint xmlns="http://www.garmin.com/xmlschemas/TrainingCenterDatabase/v2"><Time>2026-08-29T07:27:10.055Z</Time><Position><LatitudeDegrees>52.33761667</LatitudeDegrees><LongitudeDegrees>13.00177833</LongitudeDegrees></Position><AltitudeMeters>36.881</AltitudeMeters><DistanceMeters>4397.0</DistanceMeters><HeartRateBpm><Value>194</Value></HeartRateBpm><Cadence>81</Cadence><SensorState>Present</SensorState><Extensions><TPX xmlns="http://www.garmin.com/xmlschemas/ActivityExtension/v2"><Watts>362</Watts></TPX></Extensions></Trackpoint><Trackpoint xmlns="http://www.garmin.com/xmlschemas/TrainingCenterDatabase/v2"><Time>2026-08-29T07:27:11.055Z</Time><Position><LatitudeDegrees>52.33764333</LatitudeDegrees><LongitudeDegrees>13.00177</LongitudeDegrees></Position><AltitudeMeters>36.881</AltitudeMeters><DistanceMeters>4398.60009765625</DistanceMeters><HeartRateBpm><Value>194</Value></HeartRateBpm><Cadence>81</Cadence><SensorState>Present</SensorState><Extensions><TPX xmlns="http://www.garmin.com/xmlschemas/ActivityExtension/v2"><Watts>368</Watts></TPX></Extensions></Trackpoint><Trackpoint xmlns="http://www.garmin.com/xmlschemas/TrainingCenterDatabase/v2"><Time>2026-08-29T07:27:12.055Z</Time><Position><LatitudeDegrees>52.33767167</LatitudeDegrees><LongitudeDegrees>13.00176833</LongitudeDegrees></Position><AltitudeMeters>36.881</AltitudeMeters><DistanceMeters>4400.7001953125</DistanceMeters><HeartRateBpm><Value>194</Value></HeartRateBpm><Cadence>81</Cadence><SensorState>Present</SensorState><Extensions><TPX xmlns="http://www.garmin.com/xmlschemas/ActivityExtension/v2"><Watts>376</Watts></TPX></Extensions></Trackpoint><Trackpoint xmlns="http://www.garmin.com/xmlschemas/TrainingCenterDatabase/v2"><Time>2026-08-29T07:27:13.055Z</Time><Position><LatitudeDegrees>52.33770333</LatitudeDegrees><LongitudeDegrees>13.00176833</LongitudeDegrees></Position><AltitudeMeters>36.881</AltitudeMeters><DistanceMeters>4403.5</DistanceMeters><HeartRateBpm><Value>194</Value></HeartRateBpm><Cadence>81</Cadence><SensorState>Present</SensorState><Extensions><TPX xmlns="http://www.garmin.com/xmlschemas/ActivityExtension/v2"><Watts>388</Watts></TPX></Extensions></Trackpoint><Trackpoint xmlns="http://www.garmin.com/xmlschemas/TrainingCenterDatabase/v2"><Time>2026-08-29T07:27:14.055Z</Time><Position><LatitudeDegrees>52.337735</LatitudeDegrees><LongitudeDegrees>13.00177333</LongitudeDegrees></Position><AltitudeMeters>37.796</AltitudeMeters><DistanceMeters>4406.7001953125</DistanceMeters><HeartRateBpm><Value>194</Value></HeartRateBpm><Cadence>81</Cadence><SensorState>Present</SensorState><Extensions><TPX xmlns="http://www.garmin.com/xmlschemas/ActivityExtension/v2"><Watts>398</Watts></TPX></Extensions></Trackpoint><Trackpoint xmlns="http://www.garmin.com/xmlschemas/TrainingCenterDatabase/v2"><Time>2026-08-29T07:27:15.055Z</Time><Position><LatitudeDegrees>52.33777</LatitudeDegrees><LongitudeDegrees>13.00177667</LongitudeDegrees></Position><AltitudeMeters>37.796</AltitudeMeters><DistanceMeters>4410.39990234375</DistanceMeters><HeartRateBpm><Value>194</Value></HeartRateBpm><Cadence>79</Cadence><SensorState>Present</SensorState><Extensions><TPX xmlns="http://www.garmin.com/xmlschemas/ActivityExtension/v2"><Watts>404</Watts></TPX></Extensions></Trackpoint><Trackpoint xmlns="http://www.garmin.com/xmlschemas/TrainingCenterDatabase/v2"><Time>2026-08-29T07:27:16.055Z</Time><Position><LatitudeDegrees>52.33779833</LatitudeDegrees><LongitudeDegrees>13.001775</LongitudeDegrees></Position><AltitudeMeters>37.796</AltitudeMeters><DistanceMeters>4414.0</DistanceMeters><HeartRateBpm><Value>194</Value></HeartRateBpm><Cadence>79</Cadence><SensorState>Present</SensorState><Extensions><TPX xmlns="http://www.garmin.com/xmlschemas/ActivityExtension/v2"><Watts>410</Watts></TPX></Extensions></Trackpoint><Trackpoint xmlns="http://www.garmin.com/xmlschemas/TrainingCenterDatabase/v2"><Time>2026-08-29T07:27:17.055Z</Time><Position><LatitudeDegrees>52.33782167</LatitudeDegrees><LongitudeDegrees>13.00176667</LongitudeDegrees></Position><AltitudeMeters>37.796</AltitudeMeters><DistanceMeters>4417.89990234375</DistanceMeters><HeartRateBpm><Value>194</Value></HeartRateBpm><Cadence>79</Cadence><SensorState>Present</SensorState><Extensions><TPX xmlns="http://www.garmin.com/xmlschemas/ActivityExtension/v2"><Watts>414</Watts></TPX></Extensions></Trackpoint><Trackpoint xmlns="http://www.garmin.com/xmlschemas/TrainingCenterDatabase/v2"><Time>2026-08-29T07:27:18.055Z</Time><Position><LatitudeDegrees>52.33784833</LatitudeDegrees><LongitudeDegrees>13.00176167</LongitudeDegrees></Position><AltitudeMeters>38.862</AltitudeMeters><DistanceMeters>4421.7001953125</DistanceMeters><HeartRateBpm><Value>194</Value></HeartRateBpm><Cadence>77</Cadence><SensorState>Present</SensorState><Extensions><TPX xmlns="http://www.garmin.com/xmlschemas/ActivityExtension/v2"><Watts>420</Watts></TPX></Extensions></Trackpoint><Trackpoint xmlns="http://www.garmin.com/xmlschemas/TrainingCenterDatabase/v2"><Time>2026-08-29T07:27:19.055Z</Time><Position><LatitudeDegrees>52.33787333</LatitudeDegrees><LongitudeDegrees>13.00175333</LongitudeDegrees></Position><AltitudeMeters>38.862</AltitudeMeters><DistanceMeters>4425.0</DistanceMeters><HeartRateBpm><Value>194</Value></HeartRateBpm><Cadence>76</Cadence><SensorState>Present</SensorState><Extensions><TPX xmlns="http://www.garmin.com/xmlschemas/ActivityExtension/v2"><Watts>420</Watts></TPX></Extensions></Trackpoint><Trackpoint xmlns="http://www.garmin.com/xmlschemas/TrainingCenterDatabase/v2"><Time>2026-08-29T07:27:20.055Z</Time><Position><LatitudeDegrees>52.33790167</LatitudeDegrees><LongitudeDegrees>13.00174667</LongitudeDegrees></Position><AltitudeMeters>38.862</AltitudeMeters><DistanceMeters>4428.7001953125</DistanceMeters><HeartRateBpm><Value>194</Value></HeartRateBpm><Cadence>76</Cadence><SensorState>Present</SensorState><Extensions><TPX xmlns="http://www.garmin.com/xmlschemas/ActivityExtension/v2"><Watts>416</Watts></TPX></Extensions></Trackpoint><Trackpoint xmlns="http://www.garmin.com/xmlschemas/TrainingCenterDatabase/v2"><Time>2026-08-29T07:27:21.055Z</Time><Position><LatitudeDegrees>52.33792667</LatitudeDegrees><LongitudeDegrees>13.00174333</LongitudeDegrees></Position><AltitudeMeters>38.862</AltitudeMeters><DistanceMeters>4431.89990234375</DistanceMeters><HeartRateBpm><Value>195</Value></HeartRateBpm><Cadence>76</Cadence><SensorState>Present</SensorState><Extensions><TPX xmlns="http://www.garmin.com/xmlschemas/ActivityExtension/v2"><Watts>418</Watts></TPX></Extensions></Trackpoint><Trackpoint xmlns="http://www.garmin.com/xmlschemas/TrainingCenterDatabase/v2"><Time>2026-08-29T07:27:22.055Z</Time><Position><LatitudeDegrees>52.337965</LatitudeDegrees><LongitudeDegrees>13.00174167</LongitudeDegrees></Position><AltitudeMeters>39.777</AltitudeMeters><DistanceMeters>4435.2001953125</DistanceMeters><HeartRateBpm><Value>195</Value></HeartRateBpm><Cadence>76</Cadence><SensorState>Present</SensorState><Extensions><TPX xmlns="http://www.garmin.com/xmlschemas/ActivityExtension/v2"><Watts>420</Watts></TPX></Extensions></Trackpoint><Trackpoint xmlns="http://www.garmin.com/xmlschemas/TrainingCenterDatabase/v2"><Time>2026-08-29T07:27:23.055Z</Time><Position><LatitudeDegrees>52.33799833</LatitudeDegrees><LongitudeDegrees>13.00173833</LongitudeDegrees></Position><AltitudeMeters>39.777</AltitudeMeters><DistanceMeters>4438.10009765625</DistanceMeters><HeartRateBpm><Value>195</Value></HeartRateBpm><Cadence>76</Cadence><SensorState>Present</SensorState><Extensions><TPX xmlns="http://www.garmin.com/xmlschemas/ActivityExtension/v2"><Watts>422</Watts></TPX></Extensions></Trackpoint><Trackpoint xmlns="http://www.garmin.com/xmlschemas/TrainingCenterDatabase/v2"><Time>2026-08-29T07:27:24.055Z</Time><Position><LatitudeDegrees>52.33802667</LatitudeDegrees><LongitudeDegrees>13.00172833</LongitudeDegrees></Position><AltitudeMeters>39.777</AltitudeMeters><DistanceMeters>4441.60009765625</DistanceMeters><HeartRateBpm><Value>195</Value></HeartRateBpm><Cadence>76</Cadence><SensorState>Present</SensorState><Extensions><TPX xmlns="http://www.garmin.com/xmlschemas/ActivityExtension/v2"><Watts>422</Watts></TPX></Extensions></Trackpoint><Trackpoint xmlns="http://www.garmin.com/xmlschemas/TrainingCenterDatabase/v2"><Time>2026-08-29T07:27:25.055Z</Time><Position><LatitudeDegrees>52.33805333</LatitudeDegrees><LongitudeDegrees>13.00171333</LongitudeDegrees></Position><AltitudeMeters>39.777</AltitudeMeters><DistanceMeters>4445.10009765625</DistanceMeters><HeartRateBpm><Value>195</Value></HeartRateBpm><Cadence>78</Cadence><SensorState>Present</SensorState><Extensions><TPX xmlns="http://www.garmin.com/xmlschemas/ActivityExtension/v2"><Watts>418</Watts></TPX></Extensions></Trackpoint><Trackpoint xmlns="http://www.garmin.com/xmlschemas/TrainingCenterDatabase/v2"><Time>2026-08-29T07:27:26.055Z</Time><Position><LatitudeDegrees>52.338085</LatitudeDegrees><LongitudeDegrees>13.001705</LongitudeDegrees></Position><AltitudeMeters>39.777</AltitudeMeters><DistanceMeters>4448.0</DistanceMeters><HeartRateBpm><Value>195</Value></HeartRateBpm><Cadence>78</Cadence><SensorState>Present</SensorState><Extensions><TPX xmlns="http://www.garmin.com/xmlschemas/ActivityExtension/v2"><Watts>408</Watts></TPX></Extensions></Trackpoint><Trackpoint xmlns="http://www.garmin.com/xmlschemas/TrainingCenterDatabase/v2"><Time>2026-08-29T07:27:27.055Z</Time><Position><LatitudeDegrees>52.33811167</LatitudeDegrees><LongitudeDegrees>13.0017</LongitudeDegrees></Position><AltitudeMeters>39.777</AltitudeMeters><DistanceMeters>4451.2998046875</DistanceMeters><HeartRateBpm><Value>195</Value></HeartRateBpm><Cadence>80</Cadence><SensorState>Present</SensorState><Extensions><TPX xmlns="http://www.garmin.com/xmlschemas/ActivityExtension/v2"><Watts>400</Watts></TPX></Extensions></Trackpoint><Trackpoint xmlns="http://www.garmin.com/xmlschemas/TrainingCenterDatabase/v2"><Time>2026-08-29T07:27:28.055Z</Time><Position><LatitudeDegrees>52.33813833</LatitudeDegrees><LongitudeDegrees>13.00169333</LongitudeDegrees></Position><AltitudeMeters>39.777</AltitudeMeters><DistanceMeters>4455.2001953125</DistanceMeters><HeartRateBpm><Value>195</Value></HeartRateBpm><Cadence>79</Cadence><SensorState>Present</SensorState><Extensions><TPX xmlns="http://www.garmin.com/xmlschemas/ActivityExtension/v2"><Watts>392</Watts></TPX></Extensions></Trackpoint><Trackpoint xmlns="http://www.garmin.com/xmlschemas/TrainingCenterDatabase/v2"><Time>2026-08-29T07:27:29.055Z</Time><Position><LatitudeDegrees>52.33816667</LatitudeDegrees><LongitudeDegrees>13.00168167</LongitudeDegrees></Position><AltitudeMeters>39.777</AltitudeMeters><DistanceMeters>4458.60009765625</DistanceMeters><HeartRateBpm><Value>195</Value></HeartRateBpm><Cadence>80</Cadence><SensorState>Present</SensorState><Extensions><TPX xmlns="http://www.garmin.com/xmlschemas/ActivityExtension/v2"><Watts>380</Watts></TPX></Extensions></Trackpoint><Trackpoint xmlns="http://www.garmin.com/xmlschemas/TrainingCenterDatabase/v2"><Time>2026-08-29T07:27:30.055Z</Time><Position><LatitudeDegrees>52.33819667</LatitudeDegrees><LongitudeDegrees>13.00167</LongitudeDegrees></Position><AltitudeMeters>38.862</AltitudeMeters><DistanceMeters>4462.0</DistanceMeters><HeartRateBpm><Value>194</Value></HeartRateBpm><Cadence>81</Cadence><SensorState>Present</SensorState><Extensions><TPX xmlns="http://www.garmin.com/xmlschemas/ActivityExtension/v2"><Watts>370</Watts></TPX></Extensions></Trackpoint><Trackpoint xmlns="http://www.garmin.com/xmlschemas/TrainingCenterDatabase/v2"><Time>2026-08-29T07:27:31.055Z</Time><Position><LatitudeDegrees>52.33822833</LatitudeDegrees><LongitudeDegrees>13.00166333</LongitudeDegrees></Position><AltitudeMeters>38.862</AltitudeMeters><DistanceMeters>4465.39990234375</DistanceMeters><HeartRateBpm><Value>194</Value></HeartRateBpm><Cadence>81</Cadence><SensorState>Present</SensorState><Extensions><TPX xmlns="http://www.garmin.com/xmlschemas/ActivityExtension/v2"><Watts>356</Watts></TPX></Extensions></Trackpoint><Trackpoint xmlns="http://www.garmin.com/xmlschemas/TrainingCenterDatabase/v2"><Time>2026-08-29T07:27:32.055Z</Time><Position><LatitudeDegrees>52.33826</LatitudeDegrees><LongitudeDegrees>13.00165667</LongitudeDegrees></Position><AltitudeMeters>38.862</AltitudeMeters><DistanceMeters>4469.0</DistanceMeters><HeartRateBpm><Value>194</Value></HeartRateBpm><Cadence>81</Cadence><SensorState>Present</SensorState><Extensions><TPX xmlns="http://www.garmin.com/xmlschemas/ActivityExtension/v2"><Watts>340</Watts></TPX></Extensions></Trackpoint><Trackpoint xmlns="http://www.garmin.com/xmlschemas/TrainingCenterDatabase/v2"><Time>2026-08-29T07:27:33.055Z</Time><Position><LatitudeDegrees>52.33828833</LatitudeDegrees><LongitudeDegrees>13.00165</LongitudeDegrees></Position><AltitudeMeters>38.862</AltitudeMeters><DistanceMeters>4472.0</DistanceMeters><HeartRateBpm><Value>194</Value></HeartRateBpm><Cadence>81</Cadence><SensorState>Present</SensorState><Extensions><TPX xmlns="http://www.garmin.com/xmlschemas/ActivityExtension/v2"><Watts>326</Watts></TPX></Extensions></Trackpoint><Trackpoint xmlns="http://www.garmin.com/xmlschemas/TrainingCenterDatabase/v2"><Time>2026-08-29T07:27:34.055Z</Time><Position><LatitudeDegrees>52.338315</LatitudeDegrees><LongitudeDegrees>13.00164</LongitudeDegrees></Position><AltitudeMeters>37.796</AltitudeMeters><DistanceMeters>4475.2001953125</DistanceMeters><HeartRateBpm><Value>194</Value></HeartRateBpm><Cadence>81</Cadence><SensorState>Present</SensorState><Extensions><TPX xmlns="http://www.garmin.com/xmlschemas/ActivityExtension/v2"><Watts>312</Watts></TPX></Extensions></Trackpoint><Trackpoint xmlns="http://www.garmin.com/xmlschemas/TrainingCenterDatabase/v2"><Time>2026-08-29T07:27:35.055Z</Time><Position><LatitudeDegrees>52.33833833</LatitudeDegrees><LongitudeDegrees>13.00162667</LongitudeDegrees></Position><AltitudeMeters>37.796</AltitudeMeters><DistanceMeters>4478.7001953125</DistanceMeters><HeartRateBpm><Value>194</Value></HeartRateBpm><Cadence>81</Cadence><SensorState>Present</SensorState><Extensions><TPX xmlns="http://www.garmin.com/xmlschemas/ActivityExtension/v2"><Watts>298</Watts></TPX></Extensions></Trackpoint><Trackpoint xmlns="http://www.garmin.com/xmlschemas/TrainingCenterDatabase/v2"><Time>2026-08-29T07:27:36.055Z</Time><Position><LatitudeDegrees>52.33836333</LatitudeDegrees><LongitudeDegrees>13.0016</LongitudeDegrees></Position><AltitudeMeters>36.881</AltitudeMeters><DistanceMeters>4481.89990234375</DistanceMeters><HeartRateBpm><Value>195</Value></HeartRateBpm><Cadence>81</Cadence><SensorState>Present</SensorState><Extensions><TPX xmlns="http://www.garmin.com/xmlschemas/ActivityExtension/v2"><Watts>286</Watts></TPX></Extensions></Trackpoint><Trackpoint xmlns="http://www.garmin.com/xmlschemas/TrainingCenterDatabase/v2"><Time>2026-08-29T07:27:37.055Z</Time><Position><LatitudeDegrees>52.33838667</LatitudeDegrees><LongitudeDegrees>13.001575</LongitudeDegrees></Position><AltitudeMeters>36.881</AltitudeMeters><DistanceMeters>4484.7998046875</DistanceMeters><HeartRateBpm><Value>195</Value></HeartRateBpm><Cadence>81</Cadence><SensorState>Present</SensorState><Extensions><TPX xmlns="http://www.garmin.com/xmlschemas/ActivityExtension/v2"><Watts>276</Watts></TPX></Extensions></Trackpoint><Trackpoint xmlns="http://www.garmin.com/xmlschemas/TrainingCenterDatabase/v2"><Time>2026-08-29T07:27:38.055Z</Time><Position><LatitudeDegrees>52.33841</LatitudeDegrees><LongitudeDegrees>13.00156333</LongitudeDegrees></Position><AltitudeMeters>36.881</AltitudeMeters><DistanceMeters>4488.10009765625</DistanceMeters><HeartRateBpm><Value>195</Value></HeartRateBpm><Cadence>81</Cadence><SensorState>Present</SensorState><Extensions><TPX xmlns="http://www.garmin.com/xmlschemas/ActivityExtension/v2"><Watts>260</Watts></TPX></Extensions></Trackpoint><Trackpoint xmlns="http://www.garmin.com/xmlschemas/TrainingCenterDatabase/v2"><Time>2026-08-29T07:27:39.055Z</Time><Position><LatitudeDegrees>52.33844167</LatitudeDegrees><LongitudeDegrees>13.00155167</LongitudeDegrees></Position><AltitudeMeters>36.881</AltitudeMeters><DistanceMeters>4491.2001953125</DistanceMeters><HeartRateBpm><Value>195</Value></HeartRateBpm><Cadence>80</Cadence><SensorState>Present</SensorState><Extensions><TPX xmlns="http://www.garmin.com/xmlschemas/ActivityExtension/v2"><Watts>248</Watts></TPX></Extensions></Trackpoint><Trackpoint xmlns="http://www.garmin.com/xmlschemas/TrainingCenterDatabase/v2"><Time>2026-08-29T07:27:40.055Z</Time><Position><LatitudeDegrees>52.33846667</LatitudeDegrees><LongitudeDegrees>13.001535</LongitudeDegrees></Position><AltitudeMeters>35.814</AltitudeMeters><DistanceMeters>4494.10009765625</DistanceMeters><HeartRateBpm><Value>195</Value></HeartRateBpm><Cadence>79</Cadence><SensorState>Present</SensorState><Extensions><TPX xmlns="http://www.garmin.com/xmlschemas/ActivityExtension/v2"><Watts>242</Watts></TPX></Extensions></Trackpoint><Trackpoint xmlns="http://www.garmin.com/xmlschemas/TrainingCenterDatabase/v2"><Time>2026-08-29T07:27:41.055Z</Time><Position><LatitudeDegrees>52.33849</LatitudeDegrees><LongitudeDegrees>13.001525</LongitudeDegrees></Position><AltitudeMeters>35.814</AltitudeMeters><DistanceMeters>4497.2001953125</DistanceMeters><HeartRateBpm><Value>195</Value></HeartRateBpm><Cadence>79</Cadence><SensorState>Present</SensorState><Extensions><TPX xmlns="http://www.garmin.com/xmlschemas/ActivityExtension/v2"><Watts>234</Watts></TPX></Extensions></Trackpoint><Trackpoint xmlns="http://www.garmin.com/xmlschemas/TrainingCenterDatabase/v2"><Time>2026-08-29T07:27:42.055Z</Time><Position><LatitudeDegrees>52.33851333</LatitudeDegrees><LongitudeDegrees>13.00150833</LongitudeDegrees></Position><AltitudeMeters>35.814</AltitudeMeters><DistanceMeters>4499.7998046875</DistanceMeters><HeartRateBpm><Value>195</Value></HeartRateBpm><Cadence>80</Cadence><SensorState>Present</SensorState><Extensions><TPX xmlns="http://www.garmin.com/xmlschemas/ActivityExtension/v2"><Watts>226</Watts></TPX></Extensions></Trackpoint><Trackpoint xmlns="http://www.garmin.com/xmlschemas/TrainingCenterDatabase/v2"><Time>2026-08-29T07:27:43.055Z</Time><Position><LatitudeDegrees>52.33853667</LatitudeDegrees><LongitudeDegrees>13.00149667</LongitudeDegrees></Position><AltitudeMeters>35.814</AltitudeMeters><DistanceMeters>4502.5</DistanceMeters><HeartRateBpm><Value>195</Value></HeartRateBpm><Cadence>81</Cadence><SensorState>Present</SensorState><Extensions><TPX xmlns="http://www.garmin.com/xmlschemas/ActivityExtension/v2"><Watts>218</Watts></TPX></Extensions></Trackpoint><Trackpoint xmlns="http://www.garmin.com/xmlschemas/TrainingCenterDatabase/v2"><Time>2026-08-29T07:27:44.055Z</Time><Position><LatitudeDegrees>52.338565</LatitudeDegrees><LongitudeDegrees>13.001485</LongitudeDegrees></Position><AltitudeMeters>35.814</AltitudeMeters><DistanceMeters>4505.2001953125</DistanceMeters><HeartRateBpm><Value>194</Value></HeartRateBpm><Cadence>81</Cadence><SensorState>Present</SensorState><Extensions><TPX xmlns="http://www.garmin.com/xmlschemas/ActivityExtension/v2"><Watts>218</Watts></TPX></Extensions></Trackpoint><Trackpoint xmlns="http://www.garmin.com/xmlschemas/TrainingCenterDatabase/v2"><Time>2026-08-29T07:27:45.055Z</Time><Position><LatitudeDegrees>52.33859</LatitudeDegrees><LongitudeDegrees>13.00147333</LongitudeDegrees></Position><AltitudeMeters>35.814</AltitudeMeters><DistanceMeters>4508.0</DistanceMeters><HeartRateBpm><Value>194</Value></HeartRateBpm><Cadence>81</Cadence><SensorState>Present</SensorState><Extensions><TPX xmlns="http://www.garmin.com/xmlschemas/ActivityExtension/v2"><Watts>230</Watts></TPX></Extensions></Trackpoint><Trackpoint xmlns="http://www.garmin.com/xmlschemas/TrainingCenterDatabase/v2"><Time>2026-08-29T07:27:46.055Z</Time><Position><LatitudeDegrees>52.33861333</LatitudeDegrees><LongitudeDegrees>13.00146333</LongitudeDegrees></Position><AltitudeMeters>35.814</AltitudeMeters><DistanceMeters>4511.39990234375</DistanceMeters><HeartRateBpm><Value>194</Value></HeartRateBpm><Cadence>81</Cadence><SensorState>Present</SensorState><Extensions><TPX xmlns="http://www.garmin.com/xmlschemas/ActivityExtension/v2"><Watts>238</Watts></TPX></Extensions></Trackpoint><Trackpoint xmlns="http://www.garmin.com/xmlschemas/TrainingCenterDatabase/v2"><Time>2026-08-29T07:27:47.055Z</Time><Position><LatitudeDegrees>52.33862833</LatitudeDegrees><LongitudeDegrees>13.00144333</LongitudeDegrees></Position><AltitudeMeters>35.814</AltitudeMeters><DistanceMeters>4514.2001953125</DistanceMeters><HeartRateBpm><Value>194</Value></HeartRateBpm><Cadence>80</Cadence><SensorState>Present</SensorState><Extensions><TPX xmlns="http://www.garmin.com/xmlschemas/ActivityExtension/v2"><Watts>240</Watts></TPX></Extensions></Trackpoint><Trackpoint xmlns="http://www.garmin.com/xmlschemas/TrainingCenterDatabase/v2"><Time>2026-08-29T07:27:48.055Z</Time><Position><LatitudeDegrees>52.33864167</LatitudeDegrees><LongitudeDegrees>13.00141833</LongitudeDegrees></Position><AltitudeMeters>35.814</AltitudeMeters><DistanceMeters>4517.0</DistanceMeters><HeartRateBpm><Value>194</Value></HeartRateBpm><Cadence>81</Cadence><SensorState>Present</SensorState><Extensions><TPX xmlns="http://www.garmin.com/xmlschemas/ActivityExtension/v2"><Watts>240</Watts></TPX></Extensions></Trackpoint><Trackpoint xmlns="http://www.garmin.com/xmlschemas/TrainingCenterDatabase/v2"><Time>2026-08-29T07:27:49.055Z</Time><Position><LatitudeDegrees>52.33866</LatitudeDegrees><LongitudeDegrees>13.00139667</LongitudeDegrees></Position><AltitudeMeters>35.814</AltitudeMeters><DistanceMeters>4519.2998046875</DistanceMeters><HeartRateBpm><Value>194</Value></HeartRateBpm><Cadence>79</Cadence><SensorState>Present</SensorState><Extensions><TPX xmlns="http://www.garmin.com/xmlschemas/ActivityExtension/v2"><Watts>240</Watts></TPX></Extensions></Trackpoint><Trackpoint xmlns="http://www.garmin.com/xmlschemas/TrainingCenterDatabase/v2"><Time>2026-08-29T07:27:50.055Z</Time><Position><LatitudeDegrees>52.33868333</LatitudeDegrees><LongitudeDegrees>13.00137667</LongitudeDegrees></Position><AltitudeMeters>35.814</AltitudeMeters><DistanceMeters>4521.10009765625</DistanceMeters><HeartRateBpm><Value>194</Value></HeartRateBpm><Cadence>80</Cadence><SensorState>Present</SensorState><Extensions><TPX xmlns="http://www.garmin.com/xmlschemas/ActivityExtension/v2"><Watts>240</Watts></TPX></Extensions></Trackpoint><Trackpoint xmlns="http://www.garmin.com/xmlschemas/TrainingCenterDatabase/v2"><Time>2026-08-29T07:27:51.055Z</Time><Position><LatitudeDegrees>52.33871</LatitudeDegrees><LongitudeDegrees>13.00136</LongitudeDegrees></Position><AltitudeMeters>35.814</AltitudeMeters><DistanceMeters>4523.5</DistanceMeters><HeartRateBpm><Value>194</Value></HeartRateBpm><Cadence>81</Cadence><SensorState>Present</SensorState><Extensions><TPX xmlns="http://www.garmin.com/xmlschemas/ActivityExtension/v2"><Watts>242</Watts></TPX></Extensions></Trackpoint><Trackpoint xmlns="http://www.garmin.com/xmlschemas/TrainingCenterDatabase/v2"><Time>2026-08-29T07:27:52.055Z</Time><Position><LatitudeDegrees>52.33873</LatitudeDegrees><LongitudeDegrees>13.00134167</LongitudeDegrees></Position><AltitudeMeters>35.814</AltitudeMeters><DistanceMeters>4526.2998046875</DistanceMeters><HeartRateBpm><Value>194</Value></HeartRateBpm><Cadence>81</Cadence><SensorState>Present</SensorState><Extensions><TPX xmlns="http://www.garmin.com/xmlschemas/ActivityExtension/v2"><Watts>246</Watts></TPX></Extensions></Trackpoint><Trackpoint xmlns="http://www.garmin.com/xmlschemas/TrainingCenterDatabase/v2"><Time>2026-08-29T07:27:53.055Z</Time><Position><LatitudeDegrees>52.338745</LatitudeDegrees><LongitudeDegrees>13.00132167</LongitudeDegrees></Position><AltitudeMeters>35.814</AltitudeMeters><DistanceMeters>4528.89990234375</DistanceMeters><HeartRateBpm><Value>194</Value></HeartRateBpm><Cadence>81</Cadence><SensorState>Present</SensorState><Extensions><TPX xmlns="http://www.garmin.com/xmlschemas/ActivityExtension/v2"><Watts>250</Watts></TPX></Extensions></Trackpoint><Trackpoint xmlns="http://www.garmin.com/xmlschemas/TrainingCenterDatabase/v2"><Time>2026-08-29T07:27:54.055Z</Time><Position><LatitudeDegrees>52.33875833</LatitudeDegrees><LongitudeDegrees>13.0013</LongitudeDegrees></Position><AltitudeMeters>35.814</AltitudeMeters><DistanceMeters>4531.2998046875</DistanceMeters><HeartRateBpm><Value>194</Value></HeartRateBpm><Cadence>81</Cadence><SensorState>Present</SensorState><Extensions><TPX xmlns="http://www.garmin.com/xmlschemas/ActivityExtension/v2"><Watts>252</Watts></TPX></Extensions></Trackpoint><Trackpoint xmlns="http://www.garmin.com/xmlschemas/TrainingCenterDatabase/v2"><Time>2026-08-29T07:27:55.055Z</Time><Position><LatitudeDegrees>52.338775</LatitudeDegrees><LongitudeDegrees>13.00127833</LongitudeDegrees></Position><AltitudeMeters>35.814</AltitudeMeters><DistanceMeters>4533.39990234375</DistanceMeters><HeartRateBpm><Value>194</Value></HeartRateBpm><Cadence>81</Cadence><SensorState>Present</SensorState><Extensions><TPX xmlns="http://www.garmin.com/xmlschemas/ActivityExtension/v2"><Watts>254</Watts></TPX></Extensions></Trackpoint><Trackpoint xmlns="http://www.garmin.com/xmlschemas/TrainingCenterDatabase/v2"><Time>2026-08-29T07:27:56.055Z</Time><Position><LatitudeDegrees>52.33879333</LatitudeDegrees><LongitudeDegrees>13.00125667</LongitudeDegrees></Position><AltitudeMeters>35.814</AltitudeMeters><DistanceMeters>4535.39990234375</DistanceMeters><HeartRateBpm><Value>194</Value></HeartRateBpm><Cadence>81</Cadence><SensorState>Present</SensorState><Extensions><TPX xmlns="http://www.garmin.com/xmlschemas/ActivityExtension/v2"><Watts>258</Watts></TPX></Extensions></Trackpoint><Trackpoint xmlns="http://www.garmin.com/xmlschemas/TrainingCenterDatabase/v2"><Time>2026-08-29T07:27:57.055Z</Time><Position><LatitudeDegrees>52.33881167</LatitudeDegrees><LongitudeDegrees>13.00123667</LongitudeDegrees></Position><AltitudeMeters>35.814</AltitudeMeters><DistanceMeters>4537.7998046875</DistanceMeters><HeartRateBpm><Value>194</Value></HeartRateBpm><Cadence>81</Cadence><SensorState>Present</SensorState><Extensions><TPX xmlns="http://www.garmin.com/xmlschemas/ActivityExtension/v2"><Watts>260</Watts></TPX></Extensions></Trackpoint><Trackpoint xmlns="http://www.garmin.com/xmlschemas/TrainingCenterDatabase/v2"><Time>2026-08-29T07:27:58.055Z</Time><Position><LatitudeDegrees>52.33882667</LatitudeDegrees><LongitudeDegrees>13.00121</LongitudeDegrees></Position><AltitudeMeters>35.814</AltitudeMeters><DistanceMeters>4540.5</DistanceMeters><HeartRateBpm><Value>194</Value></HeartRateBpm><Cadence>81</Cadence><SensorState>Present</SensorState><Extensions><TPX xmlns="http://www.garmin.com/xmlschemas/ActivityExtension/v2"><Watts>262</Watts></TPX></Extensions></Trackpoint><Trackpoint xmlns="http://www.garmin.com/xmlschemas/TrainingCenterDatabase/v2"><Time>2026-08-29T07:27:59.055Z</Time><Position><LatitudeDegrees>52.33884167</LatitudeDegrees><LongitudeDegrees>13.00118667</LongitudeDegrees></Position><AltitudeMeters>35.814</AltitudeMeters><DistanceMeters>4543.10009765625</DistanceMeters><HeartRateBpm><Value>194</Value></HeartRateBpm><Cadence>81</Cadence><SensorState>Present</SensorState><Extensions><TPX xmlns="http://www.garmin.com/xmlschemas/ActivityExtension/v2"><Watts>262</Watts></TPX></Extensions></Trackpoint><Trackpoint xmlns="http://www.garmin.com/xmlschemas/TrainingCenterDatabase/v2"><Time>2026-08-29T07:28:00.055Z</Time><Position><LatitudeDegrees>52.33886167</LatitudeDegrees><LongitudeDegrees>13.00116</LongitudeDegrees></Position><AltitudeMeters>35.814</AltitudeMeters><DistanceMeters>4545.5</DistanceMeters><HeartRateBpm><Value>194</Value></HeartRateBpm><Cadence>81</Cadence><SensorState>Present</SensorState><Extensions><TPX xmlns="http://www.garmin.com/xmlschemas/ActivityExtension/v2"><Watts>264</Watts></TPX></Extensions></Trackpoint><Trackpoint xmlns="http://www.garmin.com/xmlschemas/TrainingCenterDatabase/v2"><Time>2026-08-29T07:28:01.055Z</Time><Position><LatitudeDegrees>52.33888833</LatitudeDegrees><LongitudeDegrees>13.00113667</LongitudeDegrees></Position><AltitudeMeters>35.814</AltitudeMeters><DistanceMeters>4547.39990234375</DistanceMeters><HeartRateBpm><Value>194</Value></HeartRateBpm><Cadence>81</Cadence><SensorState>Present</SensorState><Extensions><TPX xmlns="http://www.garmin.com/xmlschemas/ActivityExtension/v2"><Watts>266</Watts></TPX></Extensions></Trackpoint><Trackpoint xmlns="http://www.garmin.com/xmlschemas/TrainingCenterDatabase/v2"><Time>2026-08-29T07:28:02.055Z</Time><Position><LatitudeDegrees>52.33891667</LatitudeDegrees><LongitudeDegrees>13.00112</LongitudeDegrees></Position><AltitudeMeters>35.814</AltitudeMeters><DistanceMeters>4549.7998046875</DistanceMeters><HeartRateBpm><Value>194</Value></HeartRateBpm><Cadence>81</Cadence><SensorState>Present</SensorState><Extensions><TPX xmlns="http://www.garmin.com/xmlschemas/ActivityExtension/v2"><Watts>274</Watts></TPX></Extensions></Trackpoint><Trackpoint xmlns="http://www.garmin.com/xmlschemas/TrainingCenterDatabase/v2"><Time>2026-08-29T07:28:03.055Z</Time><Position><LatitudeDegrees>52.33894667</LatitudeDegrees><LongitudeDegrees>13.00110667</LongitudeDegrees></Position><AltitudeMeters>35.814</AltitudeMeters><DistanceMeters>4552.89990234375</DistanceMeters><HeartRateBpm><Value>194</Value></HeartRateBpm><Cadence>81</Cadence><SensorState>Present</SensorState><Extensions><TPX xmlns="http://www.garmin.com/xmlschemas/ActivityExtension/v2"><Watts>290</Watts></TPX></Extensions></Trackpoint><Trackpoint xmlns="http://www.garmin.com/xmlschemas/TrainingCenterDatabase/v2"><Time>2026-08-29T07:28:04.055Z</Time><Position><LatitudeDegrees>52.33897167</LatitudeDegrees><LongitudeDegrees>13.00109333</LongitudeDegrees></Position><AltitudeMeters>36.881</AltitudeMeters><DistanceMeters>4556.2998046875</DistanceMeters><HeartRateBpm><Value>194</Value></HeartRateBpm><Cadence>80</Cadence><SensorState>Present</SensorState><Extensions><TPX xmlns="http://www.garmin.com/xmlschemas/ActivityExtension/v2"><Watts>306</Watts></TPX></Extensions></Trackpoint><Trackpoint xmlns="http://www.garmin.com/xmlschemas/TrainingCenterDatabase/v2"><Time>2026-08-29T07:28:05.055Z</Time><Position><LatitudeDegrees>52.33899667</LatitudeDegrees><LongitudeDegrees>13.00107833</LongitudeDegrees></Position><AltitudeMeters>36.881</AltitudeMeters><DistanceMeters>4559.7998046875</DistanceMeters><HeartRateBpm><Value>194</Value></HeartRateBpm><Cadence>80</Cadence><SensorState>Present</SensorState><Extensions><TPX xmlns="http://www.garmin.com/xmlschemas/ActivityExtension/v2"><Watts>320</Watts></TPX></Extensions></Trackpoint><Trackpoint xmlns="http://www.garmin.com/xmlschemas/TrainingCenterDatabase/v2"><Time>2026-08-29T07:28:06.055Z</Time><Position><LatitudeDegrees>52.33902</LatitudeDegrees><LongitudeDegrees>13.00106833</LongitudeDegrees></Position><AltitudeMeters>36.881</AltitudeMeters><DistanceMeters>4563.2001953125</DistanceMeters><HeartRateBpm><Value>194</Value></HeartRateBpm><Cadence>79</Cadence><SensorState>Present</SensorState><Extensions><TPX xmlns="http://www.garmin.com/xmlschemas/ActivityExtension/v2"><Watts>324</Watts></TPX></Extensions></Trackpoint><Trackpoint xmlns="http://www.garmin.com/xmlschemas/TrainingCenterDatabase/v2"><Time>2026-08-29T07:28:07.055Z</Time><Position><LatitudeDegrees>52.33904333</LatitudeDegrees><LongitudeDegrees>13.00105167</LongitudeDegrees></Position><AltitudeMeters>36.881</AltitudeMeters><DistanceMeters>4566.39990234375</DistanceMeters><HeartRateBpm><Value>194</Value></HeartRateBpm><Cadence>80</Cadence><SensorState>Present</SensorState><Extensions><TPX xmlns="http://www.garmin.com/xmlschemas/ActivityExtension/v2"><Watts>326</Watts></TPX></Extensions></Trackpoint><Trackpoint xmlns="http://www.garmin.com/xmlschemas/TrainingCenterDatabase/v2"><Time>2026-08-29T07:28:08.055Z</Time><Position><LatitudeDegrees>52.33906167</LatitudeDegrees><LongitudeDegrees>13.00104167</LongitudeDegrees></Position><AltitudeMeters>36.881</AltitudeMeters><DistanceMeters>4569.5</DistanceMeters><HeartRateBpm><Value>195</Value></HeartRateBpm><Cadence>81</Cadence><SensorState>Present</SensorState><Extensions><TPX xmlns="http://www.garmin.com/xmlschemas/ActivityExtension/v2"><Watts>326</Watts></TPX></Extensions></Trackpoint><Trackpoint xmlns="http://www.garmin.com/xmlschemas/TrainingCenterDatabase/v2"><Time>2026-08-29T07:28:09.055Z</Time><Position><LatitudeDegrees>52.33907833</LatitudeDegrees><LongitudeDegrees>13.00103667</LongitudeDegrees></Position><AltitudeMeters>36.881</AltitudeMeters><DistanceMeters>4572.60009765625</DistanceMeters><HeartRateBpm><Value>195</Value></HeartRateBpm><Cadence>81</Cadence><SensorState>Present</SensorState><Extensions><TPX xmlns="http://www.garmin.com/xmlschemas/ActivityExtension/v2"><Watts>318</Watts></TPX></Extensions></Trackpoint><Trackpoint xmlns="http://www.garmin.com/xmlschemas/TrainingCenterDatabase/v2"><Time>2026-08-29T07:28:10.055Z</Time><Position><LatitudeDegrees>52.33910333</LatitudeDegrees><LongitudeDegrees>13.00102167</LongitudeDegrees></Position><AltitudeMeters>36.881</AltitudeMeters><DistanceMeters>4575.39990234375</DistanceMeters><HeartRateBpm><Value>195</Value></HeartRateBpm><Cadence>81</Cadence><SensorState>Present</SensorState><Extensions><TPX xmlns="http://www.garmin.com/xmlschemas/ActivityExtension/v2"><Watts>312</Watts></TPX></Extensions></Trackpoint><Trackpoint xmlns="http://www.garmin.com/xmlschemas/TrainingCenterDatabase/v2"><Time>2026-08-29T07:28:11.055Z</Time><Position><LatitudeDegrees>52.33912667</LatitudeDegrees><LongitudeDegrees>13.00100833</LongitudeDegrees></Position><AltitudeMeters>36.881</AltitudeMeters><DistanceMeters>4577.7001953125</DistanceMeters><HeartRateBpm><Value>195</Value></HeartRateBpm><Cadence>81</Cadence><SensorState>Present</SensorState><Extensions><TPX xmlns="http://www.garmin.com/xmlschemas/ActivityExtension/v2"><Watts>308</Watts></TPX></Extensions></Trackpoint><Trackpoint xmlns="http://www.garmin.com/xmlschemas/TrainingCenterDatabase/v2"><Time>2026-08-29T07:28:12.055Z</Time><Position><LatitudeDegrees>52.33915333</LatitudeDegrees><LongitudeDegrees>13.00099167</LongitudeDegrees></Position><AltitudeMeters>36.881</AltitudeMeters><DistanceMeters>4580.10009765625</DistanceMeters><HeartRateBpm><Value>195</Value></HeartRateBpm><Cadence>81</Cadence><SensorState>Present</SensorState><Extensions><TPX xmlns="http://www.garmin.com/xmlschemas/ActivityExtension/v2"><Watts>304</Watts></TPX></Extensions></Trackpoint><Trackpoint xmlns="http://www.garmin.com/xmlschemas/TrainingCenterDatabase/v2"><Time>2026-08-29T07:28:13.055Z</Time><Position><LatitudeDegrees>52.33918</LatitudeDegrees><LongitudeDegrees>13.00097167</LongitudeDegrees></Position><AltitudeMeters>36.881</AltitudeMeters><DistanceMeters>4582.5</DistanceMeters><HeartRateBpm><Value>195</Value></HeartRateBpm><Cadence>80</Cadence><SensorState>Present</SensorState><Extensions><TPX xmlns="http://www.garmin.com/xmlschemas/ActivityExtension/v2"><Watts>308</Watts></TPX></Extensions></Trackpoint><Trackpoint xmlns="http://www.garmin.com/xmlschemas/TrainingCenterDatabase/v2"><Time>2026-08-29T07:28:14.055Z</Time><Position><LatitudeDegrees>52.33921</LatitudeDegrees><LongitudeDegrees>13.00095667</LongitudeDegrees></Position><AltitudeMeters>36.881</AltitudeMeters><DistanceMeters>4585.0</DistanceMeters><HeartRateBpm><Value>195</Value></HeartRateBpm><Cadence>79</Cadence><SensorState>Present</SensorState><Extensions><TPX xmlns="http://www.garmin.com/xmlschemas/ActivityExtension/v2"><Watts>322</Watts></TPX></Extensions></Trackpoint><Trackpoint xmlns="http://www.garmin.com/xmlschemas/TrainingCenterDatabase/v2"><Time>2026-08-29T07:28:15.055Z</Time><Position><LatitudeDegrees>52.339245</LatitudeDegrees><LongitudeDegrees>13.00094833</LongitudeDegrees></Position><AltitudeMeters>36.881</AltitudeMeters><DistanceMeters>4588.0</DistanceMeters><HeartRateBpm><Value>195</Value></HeartRateBpm><Cadence>79</Cadence><SensorState>Present</SensorState><Extensions><TPX xmlns="http://www.garmin.com/xmlschemas/ActivityExtension/v2"><Watts>342</Watts></TPX></Extensions></Trackpoint><Trackpoint xmlns="http://www.garmin.com/xmlschemas/TrainingCenterDatabase/v2"><Time>2026-08-29T07:28:16.055Z</Time><Position><LatitudeDegrees>52.33927833</LatitudeDegrees><LongitudeDegrees>13.00093667</LongitudeDegrees></Position><AltitudeMeters>36.881</AltitudeMeters><DistanceMeters>4591.2998046875</DistanceMeters><HeartRateBpm><Value>195</Value></HeartRateBpm><Cadence>79</Cadence><SensorState>Present</SensorState><Extensions><TPX xmlns="http://www.garmin.com/xmlschemas/ActivityExtension/v2"><Watts>362</Watts></TPX></Extensions></Trackpoint><Trackpoint xmlns="http://www.garmin.com/xmlschemas/TrainingCenterDatabase/v2"><Time>2026-08-29T07:28:17.055Z</Time><Position><LatitudeDegrees>52.33930833</LatitudeDegrees><LongitudeDegrees>13.000925</LongitudeDegrees></Position><AltitudeMeters>36.881</AltitudeMeters><DistanceMeters>4595.10009765625</DistanceMeters><HeartRateBpm><Value>195</Value></HeartRateBpm><Cadence>80</Cadence><SensorState>Present</SensorState><Extensions><TPX xmlns="http://www.garmin.com/xmlschemas/ActivityExtension/v2"><Watts>376</Watts></TPX></Extensions></Trackpoint><Trackpoint xmlns="http://www.garmin.com/xmlschemas/TrainingCenterDatabase/v2"><Time>2026-08-29T07:28:18.055Z</Time><Position><LatitudeDegrees>52.339335</LatitudeDegrees><LongitudeDegrees>13.00091333</LongitudeDegrees></Position><AltitudeMeters>36.881</AltitudeMeters><DistanceMeters>4599.0</DistanceMeters><HeartRateBpm><Value>195</Value></HeartRateBpm><Cadence>81</Cadence><SensorState>Present</SensorState><Extensions><TPX xmlns="http://www.garmin.com/xmlschemas/ActivityExtension/v2"><Watts>380</Watts></TPX></Extensions></Trackpoint><Trackpoint xmlns="http://www.garmin.com/xmlschemas/TrainingCenterDatabase/v2"><Time>2026-08-29T07:28:19.055Z</Time><Position><LatitudeDegrees>52.33936667</LatitudeDegrees><LongitudeDegrees>13.00089167</LongitudeDegrees></Position><AltitudeMeters>36.881</AltitudeMeters><DistanceMeters>4603.0</DistanceMeters><HeartRateBpm><Value>195</Value></HeartRateBpm><Cadence>81</Cadence><SensorState>Present</SensorState><Extensions><TPX xmlns="http://www.garmin.com/xmlschemas/ActivityExtension/v2"><Watts>376</Watts></TPX></Extensions></Trackpoint><Trackpoint xmlns="http://www.garmin.com/xmlschemas/TrainingCenterDatabase/v2"><Time>2026-08-29T07:28:20.055Z</Time><Position><LatitudeDegrees>52.33938833</LatitudeDegrees><LongitudeDegrees>13.00086667</LongitudeDegrees></Position><AltitudeMeters>36.881</AltitudeMeters><DistanceMeters>4607.10009765625</DistanceMeters><HeartRateBpm><Value>195</Value></HeartRateBpm><Cadence>81</Cadence><SensorState>Present</SensorState><Extensions><TPX xmlns="http://www.garmin.com/xmlschemas/ActivityExtension/v2"><Watts>372</Watts></TPX></Extensions></Trackpoint><Trackpoint xmlns="http://www.garmin.com/xmlschemas/TrainingCenterDatabase/v2"><Time>2026-08-29T07:28:21.055Z</Time><Position><LatitudeDegrees>52.33940833</LatitudeDegrees><LongitudeDegrees>13.00083833</LongitudeDegrees></Position><AltitudeMeters>36.881</AltitudeMeters><DistanceMeters>4611.0</DistanceMeters><HeartRateBpm><Value>195</Value></HeartRateBpm><Cadence>81</Cadence><SensorState>Present</SensorState><Extensions><TPX xmlns="http://www.garmin.com/xmlschemas/ActivityExtension/v2"><Watts>372</Watts></TPX></Extensions></Trackpoint><Trackpoint xmlns="http://www.garmin.com/xmlschemas/TrainingCenterDatabase/v2"><Time>2026-08-29T07:28:22.055Z</Time><Position><LatitudeDegrees>52.33943</LatitudeDegrees><LongitudeDegrees>13.00081833</LongitudeDegrees></Position><AltitudeMeters>36.881</AltitudeMeters><DistanceMeters>4614.5</DistanceMeters><HeartRateBpm><Value>194</Value></HeartRateBpm><Cadence>81</Cadence><SensorState>Present</SensorState><Extensions><TPX xmlns="http://www.garmin.com/xmlschemas/ActivityExtension/v2"><Watts>372</Watts></TPX></Extensions></Trackpoint><Trackpoint xmlns="http://www.garmin.com/xmlschemas/TrainingCenterDatabase/v2"><Time>2026-08-29T07:28:23.055Z</Time><Position><LatitudeDegrees>52.33945</LatitudeDegrees><LongitudeDegrees>13.00080833</LongitudeDegrees></Position><AltitudeMeters>36.881</AltitudeMeters><DistanceMeters>4617.7001953125</DistanceMeters><HeartRateBpm><Value>194</Value></HeartRateBpm><Cadence>81</Cadence><SensorState>Present</SensorState><Extensions><TPX xmlns="http://www.garmin.com/xmlschemas/ActivityExtension/v2"><Watts>370</Watts></TPX></Extensions></Trackpoint><Trackpoint xmlns="http://www.garmin.com/xmlschemas/TrainingCenterDatabase/v2"><Time>2026-08-29T07:28:24.055Z</Time><Position><LatitudeDegrees>52.33947167</LatitudeDegrees><LongitudeDegrees>13.0008</LongitudeDegrees></Position><AltitudeMeters>36.881</AltitudeMeters><DistanceMeters>4620.7998046875</DistanceMeters><HeartRateBpm><Value>194</Value></HeartRateBpm><Cadence>81</Cadence><SensorState>Present</SensorState><Extensions><TPX xmlns="http://www.garmin.com/xmlschemas/ActivityExtension/v2"><Watts>368</Watts></TPX></Extensions></Trackpoint><Trackpoint xmlns="http://www.garmin.com/xmlschemas/TrainingCenterDatabase/v2"><Time>2026-08-29T07:28:25.055Z</Time><Position><LatitudeDegrees>52.33949667</LatitudeDegrees><LongitudeDegrees>13.00079333</LongitudeDegrees></Position><AltitudeMeters>36.881</AltitudeMeters><DistanceMeters>4623.2998046875</DistanceMeters><HeartRateBpm><Value>194</Value></HeartRateBpm><Cadence>80</Cadence><SensorState>Present</SensorState><Extensions><TPX xmlns="http://www.garmin.com/xmlschemas/ActivityExtension/v2"><Watts>366</Watts></TPX></Extensions></Trackpoint><Trackpoint xmlns="http://www.garmin.com/xmlschemas/TrainingCenterDatabase/v2"><Time>2026-08-29T07:28:26.055Z</Time><Position><LatitudeDegrees>52.339525</LatitudeDegrees><LongitudeDegrees>13.000785</LongitudeDegrees></Position><AltitudeMeters>36.881</AltitudeMeters><DistanceMeters>4625.39990234375</DistanceMeters><HeartRateBpm><Value>194</Value></HeartRateBpm><Cadence>79</Cadence><SensorState>Present</SensorState><Extensions><TPX xmlns="http://www.garmin.com/xmlschemas/ActivityExtension/v2"><Watts>364</Watts></TPX></Extensions></Trackpoint><Trackpoint xmlns="http://www.garmin.com/xmlschemas/TrainingCenterDatabase/v2"><Time>2026-08-29T07:28:27.055Z</Time><Position><LatitudeDegrees>52.33955333</LatitudeDegrees><LongitudeDegrees>13.00077667</LongitudeDegrees></Position><AltitudeMeters>36.881</AltitudeMeters><DistanceMeters>4627.7001953125</DistanceMeters><HeartRateBpm><Value>194</Value></HeartRateBpm><Cadence>80</Cadence><SensorState>Present</SensorState><Extensions><TPX xmlns="http://www.garmin.com/xmlschemas/ActivityExtension/v2"><Watts>364</Watts></TPX></Extensions></Trackpoint><Trackpoint xmlns="http://www.garmin.com/xmlschemas/TrainingCenterDatabase/v2"><Time>2026-08-29T07:28:28.055Z</Time><Position><LatitudeDegrees>52.33958</LatitudeDegrees><LongitudeDegrees>13.00077167</LongitudeDegrees></Position><AltitudeMeters>36.881</AltitudeMeters><DistanceMeters>4630.5</DistanceMeters><HeartRateBpm><Value>194</Value></HeartRateBpm><Cadence>81</Cadence><SensorState>Present</SensorState><Extensions><TPX xmlns="http://www.garmin.com/xmlschemas/ActivityExtension/v2"><Watts>364</Watts></TPX></Extensions></Trackpoint><Trackpoint xmlns="http://www.garmin.com/xmlschemas/TrainingCenterDatabase/v2"><Time>2026-08-29T07:28:29.055Z</Time><Position><LatitudeDegrees>52.33960167</LatitudeDegrees><LongitudeDegrees>13.00075833</LongitudeDegrees></Position><AltitudeMeters>36.881</AltitudeMeters><DistanceMeters>4633.39990234375</DistanceMeters><HeartRateBpm><Value>194</Value></HeartRateBpm><Cadence>81</Cadence><SensorState>Present</SensorState><Extensions><TPX xmlns="http://www.garmin.com/xmlschemas/ActivityExtension/v2"><Watts>366</Watts></TPX></Extensions></Trackpoint><Trackpoint xmlns="http://www.garmin.com/xmlschemas/TrainingCenterDatabase/v2"><Time>2026-08-29T07:28:30.055Z</Time><Position><LatitudeDegrees>52.33963</LatitudeDegrees><LongitudeDegrees>13.00074167</LongitudeDegrees></Position><AltitudeMeters>36.881</AltitudeMeters><DistanceMeters>4635.7001953125</DistanceMeters><HeartRateBpm><Value>194</Value></HeartRateBpm><Cadence>81</Cadence><SensorState>Present</SensorState><Extensions><TPX xmlns="http://www.garmin.com/xmlschemas/ActivityExtension/v2"><Watts>368</Watts></TPX></Extensions></Trackpoint><Trackpoint xmlns="http://www.garmin.com/xmlschemas/TrainingCenterDatabase/v2"><Time>2026-08-29T07:28:31.055Z</Time><Position><LatitudeDegrees>52.33965833</LatitudeDegrees><LongitudeDegrees>13.00072833</LongitudeDegrees></Position><AltitudeMeters>36.881</AltitudeMeters><DistanceMeters>4638.39990234375</DistanceMeters><HeartRateBpm><Value>194</Value></HeartRateBpm><Cadence>80</Cadence><SensorState>Present</SensorState><Extensions><TPX xmlns="http://www.garmin.com/xmlschemas/ActivityExtension/v2"><Watts>372</Watts></TPX></Extensions></Trackpoint><Trackpoint xmlns="http://www.garmin.com/xmlschemas/TrainingCenterDatabase/v2"><Time>2026-08-29T07:28:32.055Z</Time><Position><LatitudeDegrees>52.33968833</LatitudeDegrees><LongitudeDegrees>13.00072333</LongitudeDegrees></Position><AltitudeMeters>36.881</AltitudeMeters><DistanceMeters>4641.60009765625</DistanceMeters><HeartRateBpm><Value>195</Value></HeartRateBpm><Cadence>81</Cadence><SensorState>Present</SensorState><Extensions><TPX xmlns="http://www.garmin.com/xmlschemas/ActivityExtension/v2"><Watts>378</Watts></TPX></Extensions></Trackpoint><Trackpoint xmlns="http://www.garmin.com/xmlschemas/TrainingCenterDatabase/v2"><Time>2026-08-29T07:28:33.055Z</Time><Position><LatitudeDegrees>52.339715</LatitudeDegrees><LongitudeDegrees>13.00071333</LongitudeDegrees></Position><AltitudeMeters>36.881</AltitudeMeters><DistanceMeters>4644.89990234375</DistanceMeters><HeartRateBpm><Value>195</Value></HeartRateBpm><Cadence>81</Cadence><SensorState>Present</SensorState><Extensions><TPX xmlns="http://www.garmin.com/xmlschemas/ActivityExtension/v2"><Watts>386</Watts></TPX></Extensions></Trackpoint><Trackpoint xmlns="http://www.garmin.com/xmlschemas/TrainingCenterDatabase/v2"><Time>2026-08-29T07:28:34.055Z</Time><Position><LatitudeDegrees>52.33974333</LatitudeDegrees><LongitudeDegrees>13.00070333</LongitudeDegrees></Position><AltitudeMeters>36.881</AltitudeMeters><DistanceMeters>4648.5</DistanceMeters><HeartRateBpm><Value>195</Value></HeartRateBpm><Cadence>81</Cadence><SensorState>Present</SensorState><Extensions><TPX xmlns="http://www.garmin.com/xmlschemas/ActivityExtension/v2"><Watts>394</Watts></TPX></Extensions></Trackpoint><Trackpoint xmlns="http://www.garmin.com/xmlschemas/TrainingCenterDatabase/v2"><Time>2026-08-29T07:28:35.055Z</Time><Position><LatitudeDegrees>52.33977</LatitudeDegrees><LongitudeDegrees>13.00069667</LongitudeDegrees></Position><AltitudeMeters>36.881</AltitudeMeters><DistanceMeters>4651.89990234375</DistanceMeters><HeartRateBpm><Value>195</Value></HeartRateBpm><Cadence>81</Cadence><SensorState>Present</SensorState><Extensions><TPX xmlns="http://www.garmin.com/xmlschemas/ActivityExtension/v2"><Watts>402</Watts></TPX></Extensions></Trackpoint><Trackpoint xmlns="http://www.garmin.com/xmlschemas/TrainingCenterDatabase/v2"><Time>2026-08-29T07:28:36.055Z</Time><Position><LatitudeDegrees>52.33979333</LatitudeDegrees><LongitudeDegrees>13.00068333</LongitudeDegrees></Position><AltitudeMeters>37.796</AltitudeMeters><DistanceMeters>4655.39990234375</DistanceMeters><HeartRateBpm><Value>196</Value></HeartRateBpm><Cadence>80</Cadence><SensorState>Present</SensorState><Extensions><TPX xmlns="http://www.garmin.com/xmlschemas/ActivityExtension/v2"><Watts>408</Watts></TPX></Extensions></Trackpoint><Trackpoint xmlns="http://www.garmin.com/xmlschemas/TrainingCenterDatabase/v2"><Time>2026-08-29T07:28:37.055Z</Time><Position><LatitudeDegrees>52.33981833</LatitudeDegrees><LongitudeDegrees>13.00067</LongitudeDegrees></Position><AltitudeMeters>37.796</AltitudeMeters><DistanceMeters>4658.39990234375</DistanceMeters><HeartRateBpm><Value>196</Value></HeartRateBpm><Cadence>79</Cadence><SensorState>Present</SensorState><Extensions><TPX xmlns="http://www.garmin.com/xmlschemas/ActivityExtension/v2"><Watts>416</Watts></TPX></Extensions></Trackpoint><Trackpoint xmlns="http://www.garmin.com/xmlschemas/TrainingCenterDatabase/v2"><Time>2026-08-29T07:28:38.055Z</Time><Position><LatitudeDegrees>52.33984667</LatitudeDegrees><LongitudeDegrees>13.000655</LongitudeDegrees></Position><AltitudeMeters>37.796</AltitudeMeters><DistanceMeters>4661.2998046875</DistanceMeters><HeartRateBpm><Value>196</Value></HeartRateBpm><Cadence>81</Cadence><SensorState>Present</SensorState><Extensions><TPX xmlns="http://www.garmin.com/xmlschemas/ActivityExtension/v2"><Watts>424</Watts></TPX></Extensions></Trackpoint><Trackpoint xmlns="http://www.garmin.com/xmlschemas/TrainingCenterDatabase/v2"><Time>2026-08-29T07:28:39.055Z</Time><Position><LatitudeDegrees>52.33987667</LatitudeDegrees><LongitudeDegrees>13.00064167</LongitudeDegrees></Position><AltitudeMeters>37.796</AltitudeMeters><DistanceMeters>4664.2998046875</DistanceMeters><HeartRateBpm><Value>196</Value></HeartRateBpm><Cadence>81</Cadence><SensorState>Present</SensorState><Extensions><TPX xmlns="http://www.garmin.com/xmlschemas/ActivityExtension/v2"><Watts>432</Watts></TPX></Extensions></Trackpoint><Trackpoint xmlns="http://www.garmin.com/xmlschemas/TrainingCenterDatabase/v2"><Time>2026-08-29T07:28:40.055Z</Time><Position><LatitudeDegrees>52.33990167</LatitudeDegrees><LongitudeDegrees>13.00063</LongitudeDegrees></Position><AltitudeMeters>38.862</AltitudeMeters><DistanceMeters>4667.89990234375</DistanceMeters><HeartRateBpm><Value>196</Value></HeartRateBpm><Cadence>81</Cadence><SensorState>Present</SensorState><Extensions><TPX xmlns="http://www.garmin.com/xmlschemas/ActivityExtension/v2"><Watts>442</Watts></TPX></Extensions></Trackpoint><Trackpoint xmlns="http://www.garmin.com/xmlschemas/TrainingCenterDatabase/v2"><Time>2026-08-29T07:28:41.055Z</Time><Position><LatitudeDegrees>52.33992667</LatitudeDegrees><LongitudeDegrees>13.00061</LongitudeDegrees></Position><AltitudeMeters>38.862</AltitudeMeters><DistanceMeters>4670.89990234375</DistanceMeters><HeartRateBpm><Value>196</Value></HeartRateBpm><Cadence>81</Cadence><SensorState>Present</SensorState><Extensions><TPX xmlns="http://www.garmin.com/xmlschemas/ActivityExtension/v2"><Watts>442</Watts></TPX></Extensions></Trackpoint><Trackpoint xmlns="http://www.garmin.com/xmlschemas/TrainingCenterDatabase/v2"><Time>2026-08-29T07:28:42.055Z</Time><Position><LatitudeDegrees>52.33994667</LatitudeDegrees><LongitudeDegrees>13.00058667</LongitudeDegrees></Position><AltitudeMeters>38.862</AltitudeMeters><DistanceMeters>4673.7998046875</DistanceMeters><HeartRateBpm><Value>196</Value></HeartRateBpm><Cadence>81</Cadence><SensorState>Present</SensorState><Extensions><TPX xmlns="http://www.garmin.com/xmlschemas/ActivityExtension/v2"><Watts>434</Watts></TPX></Extensions></Trackpoint><Trackpoint xmlns="http://www.garmin.com/xmlschemas/TrainingCenterDatabase/v2"><Time>2026-08-29T07:28:43.055Z</Time><Position><LatitudeDegrees>52.33997167</LatitudeDegrees><LongitudeDegrees>13.00056833</LongitudeDegrees></Position><AltitudeMeters>38.862</AltitudeMeters><DistanceMeters>4676.7001953125</DistanceMeters><HeartRateBpm><Value>196</Value></HeartRateBpm><Cadence>81</Cadence><SensorState>Present</SensorState><Extensions><TPX xmlns="http://www.garmin.com/xmlschemas/ActivityExtension/v2"><Watts>428</Watts></TPX></Extensions></Trackpoint><Trackpoint xmlns="http://www.garmin.com/xmlschemas/TrainingCenterDatabase/v2"><Time>2026-08-29T07:28:44.055Z</Time><Position><LatitudeDegrees>52.34</LatitudeDegrees><LongitudeDegrees>13.00056</LongitudeDegrees></Position><AltitudeMeters>39.777</AltitudeMeters><DistanceMeters>4679.5</DistanceMeters><HeartRateBpm><Value>196</Value></HeartRateBpm><Cadence>81</Cadence><SensorState>Present</SensorState><Extensions><TPX xmlns="http://www.garmin.com/xmlschemas/ActivityExtension/v2"><Watts>422</Watts></TPX></Extensions></Trackpoint><Trackpoint xmlns="http://www.garmin.com/xmlschemas/TrainingCenterDatabase/v2"><Time>2026-08-29T07:28:45.055Z</Time><Position><LatitudeDegrees>52.34002667</LatitudeDegrees><LongitudeDegrees>13.00055</LongitudeDegrees></Position><AltitudeMeters>39.777</AltitudeMeters><DistanceMeters>4682.39990234375</DistanceMeters><HeartRateBpm><Value>196</Value></HeartRateBpm><Cadence>81</Cadence><SensorState>Present</SensorState><Extensions><TPX xmlns="http://www.garmin.com/xmlschemas/ActivityExtension/v2"><Watts>416</Watts></TPX></Extensions></Trackpoint><Trackpoint xmlns="http://www.garmin.com/xmlschemas/TrainingCenterDatabase/v2"><Time>2026-08-29T07:28:46.055Z</Time><Position><LatitudeDegrees>52.34005</LatitudeDegrees><LongitudeDegrees>13.000535</LongitudeDegrees></Position><AltitudeMeters>39.777</AltitudeMeters><DistanceMeters>4685.60009765625</DistanceMeters><HeartRateBpm><Value>196</Value></HeartRateBpm><Cadence>81</Cadence><SensorState>Present</SensorState><Extensions><TPX xmlns="http://www.garmin.com/xmlschemas/ActivityExtension/v2"><Watts>406</Watts></TPX></Extensions></Trackpoint><Trackpoint xmlns="http://www.garmin.com/xmlschemas/TrainingCenterDatabase/v2"><Time>2026-08-29T07:28:47.055Z</Time><Position><LatitudeDegrees>52.34006667</LatitudeDegrees><LongitudeDegrees>13.00052167</LongitudeDegrees></Position><AltitudeMeters>39.777</AltitudeMeters><DistanceMeters>4688.7001953125</DistanceMeters><HeartRateBpm><Value>196</Value></HeartRateBpm><Cadence>81</Cadence><SensorState>Present</SensorState><Extensions><TPX xmlns="http://www.garmin.com/xmlschemas/ActivityExtension/v2"><Watts>396</Watts></TPX></Extensions></Trackpoint><Trackpoint xmlns="http://www.garmin.com/xmlschemas/TrainingCenterDatabase/v2"><Time>2026-08-29T07:28:48.055Z</Time><Position><LatitudeDegrees>52.340085</LatitudeDegrees><LongitudeDegrees>13.00051333</LongitudeDegrees></Position><AltitudeMeters>39.777</AltitudeMeters><DistanceMeters>4691.5</DistanceMeters><HeartRateBpm><Value>197</Value></HeartRateBpm><Cadence>81</Cadence><SensorState>Present</SensorState><Extensions><TPX xmlns="http://www.garmin.com/xmlschemas/ActivityExtension/v2"><Watts>388</Watts></TPX></Extensions></Trackpoint><Trackpoint xmlns="http://www.garmin.com/xmlschemas/TrainingCenterDatabase/v2"><Time>2026-08-29T07:28:49.055Z</Time><Position><LatitudeDegrees>52.340105</LatitudeDegrees><LongitudeDegrees>13.000505</LongitudeDegrees></Position><AltitudeMeters>39.777</AltitudeMeters><DistanceMeters>4693.7001953125</DistanceMeters><HeartRateBpm><Value>196</Value></HeartRateBpm><Cadence>81</Cadence><SensorState>Present</SensorState><Extensions><TPX xmlns="http://www.garmin.com/xmlschemas/ActivityExtension/v2"><Watts>376</Watts></TPX></Extensions></Trackpoint><Trackpoint xmlns="http://www.garmin.com/xmlschemas/TrainingCenterDatabase/v2"><Time>2026-08-29T07:28:50.055Z</Time><Position><LatitudeDegrees>52.34013667</LatitudeDegrees><LongitudeDegrees>13.00049333</LongitudeDegrees></Position><AltitudeMeters>39.777</AltitudeMeters><DistanceMeters>4695.7998046875</DistanceMeters><HeartRateBpm><Value>196</Value></HeartRateBpm><Cadence>79</Cadence><SensorState>Present</SensorState><Extensions><TPX xmlns="http://www.garmin.com/xmlschemas/ActivityExtension/v2"><Watts>366</Watts></TPX></Extensions></Trackpoint><Trackpoint xmlns="http://www.garmin.com/xmlschemas/TrainingCenterDatabase/v2"><Time>2026-08-29T07:28:51.055Z</Time><Position><LatitudeDegrees>52.34016167</LatitudeDegrees><LongitudeDegrees>13.00048167</LongitudeDegrees></Position><AltitudeMeters>39.777</AltitudeMeters><DistanceMeters>4698.2001953125</DistanceMeters><HeartRateBpm><Value>196</Value></HeartRateBpm><Cadence>79</Cadence><SensorState>Present</SensorState><Extensions><TPX xmlns="http://www.garmin.com/xmlschemas/ActivityExtension/v2"><Watts>358</Watts></TPX></Extensions></Trackpoint><Trackpoint xmlns="http://www.garmin.com/xmlschemas/TrainingCenterDatabase/v2"><Time>2026-08-29T07:28:52.055Z</Time><Position><LatitudeDegrees>52.34018167</LatitudeDegrees><LongitudeDegrees>13.00047</LongitudeDegrees></Position><AltitudeMeters>39.777</AltitudeMeters><DistanceMeters>4701.0</DistanceMeters><HeartRateBpm><Value>196</Value></HeartRateBpm><Cadence>79</Cadence><SensorState>Present</SensorState><Extensions><TPX xmlns="http://www.garmin.com/xmlschemas/ActivityExtension/v2"><Watts>348</Watts></TPX></Extensions></Trackpoint><Trackpoint xmlns="http://www.garmin.com/xmlschemas/TrainingCenterDatabase/v2"><Time>2026-08-29T07:28:53.055Z</Time><Position><LatitudeDegrees>52.34019833</LatitudeDegrees><LongitudeDegrees>13.00045833</LongitudeDegrees></Position><AltitudeMeters>39.777</AltitudeMeters><DistanceMeters>4703.89990234375</DistanceMeters><HeartRateBpm><Value>196</Value></HeartRateBpm><Cadence>79</Cadence><SensorState>Present</SensorState><Extensions><TPX xmlns="http://www.garmin.com/xmlschemas/ActivityExtension/v2"><Watts>338</Watts></TPX></Extensions></Trackpoint><Trackpoint xmlns="http://www.garmin.com/xmlschemas/TrainingCenterDatabase/v2"><Time>2026-08-29T07:28:54.055Z</Time><Position><LatitudeDegrees>52.34021667</LatitudeDegrees><LongitudeDegrees>13.00044667</LongitudeDegrees></Position><AltitudeMeters>39.777</AltitudeMeters><DistanceMeters>4706.2001953125</DistanceMeters><HeartRateBpm><Value>196</Value></HeartRateBpm><Cadence>79</Cadence><SensorState>Present</SensorState><Extensions><TPX xmlns="http://www.garmin.com/xmlschemas/ActivityExtension/v2"><Watts>326</Watts></TPX></Extensions></Trackpoint><Trackpoint xmlns="http://www.garmin.com/xmlschemas/TrainingCenterDatabase/v2"><Time>2026-08-29T07:28:55.055Z</Time><Position><LatitudeDegrees>52.340235</LatitudeDegrees><LongitudeDegrees>13.000435</LongitudeDegrees></Position><AltitudeMeters>39.777</AltitudeMeters><DistanceMeters>4708.0</DistanceMeters><HeartRateBpm><Value>196</Value></HeartRateBpm><Cadence>79</Cadence><SensorState>Present</SensorState><Extensions><TPX xmlns="http://www.garmin.com/xmlschemas/ActivityExtension/v2"><Watts>310</Watts></TPX></Extensions></Trackpoint><Trackpoint xmlns="http://www.garmin.com/xmlschemas/TrainingCenterDatabase/v2"><Time>2026-08-29T07:28:56.055Z</Time><Position><LatitudeDegrees>52.340255</LatitudeDegrees><LongitudeDegrees>13.00042667</LongitudeDegrees></Position><AltitudeMeters>39.777</AltitudeMeters><DistanceMeters>4710.0</DistanceMeters><HeartRateBpm><Value>196</Value></HeartRateBpm><Cadence>79</Cadence><SensorState>Present</SensorState><Extensions><TPX xmlns="http://www.garmin.com/xmlschemas/ActivityExtension/v2"><Watts>298</Watts></TPX></Extensions></Trackpoint><Trackpoint xmlns="http://www.garmin.com/xmlschemas/TrainingCenterDatabase/v2"><Time>2026-08-29T07:28:57.055Z</Time><Position><LatitudeDegrees>52.340275</LatitudeDegrees><LongitudeDegrees>13.00041833</LongitudeDegrees></Position><AltitudeMeters>39.777</AltitudeMeters><DistanceMeters>4712.2001953125</DistanceMeters><HeartRateBpm><Value>196</Value></HeartRateBpm><Cadence>79</Cadence><SensorState>Present</SensorState><Extensions><TPX xmlns="http://www.garmin.com/xmlschemas/ActivityExtension/v2"><Watts>284</Watts></TPX></Extensions></Trackpoint><Trackpoint xmlns="http://www.garmin.com/xmlschemas/TrainingCenterDatabase/v2"><Time>2026-08-29T07:28:58.055Z</Time><Position><LatitudeDegrees>52.34029667</LatitudeDegrees><LongitudeDegrees>13.00040833</LongitudeDegrees></Position><AltitudeMeters>39.777</AltitudeMeters><DistanceMeters>4714.7001953125</DistanceMeters><HeartRateBpm><Value>196</Value></HeartRateBpm><Cadence>79</Cadence><SensorState>Present</SensorState><Extensions><TPX xmlns="http://www.garmin.com/xmlschemas/ActivityExtension/v2"><Watts>276</Watts></TPX></Extensions></Trackpoint><Trackpoint xmlns="http://www.garmin.com/xmlschemas/TrainingCenterDatabase/v2"><Time>2026-08-29T07:28:59.055Z</Time><Position><LatitudeDegrees>52.34031833</LatitudeDegrees><LongitudeDegrees>13.00039333</LongitudeDegrees></Position><AltitudeMeters>39.777</AltitudeMeters><DistanceMeters>4717.10009765625</DistanceMeters><HeartRateBpm><Value>196</Value></HeartRateBpm><Cadence>81</Cadence><SensorState>Present</SensorState><Extensions><TPX xmlns="http://www.garmin.com/xmlschemas/ActivityExtension/v2"><Watts>268</Watts></TPX></Extensions></Trackpoint><Trackpoint xmlns="http://www.garmin.com/xmlschemas/TrainingCenterDatabase/v2"><Time>2026-08-29T07:29:00.055Z</Time><Position><LatitudeDegrees>52.34035333</LatitudeDegrees><LongitudeDegrees>13.00037167</LongitudeDegrees></Position><AltitudeMeters>39.777</AltitudeMeters><DistanceMeters>4719.5</DistanceMeters><HeartRateBpm><Value>196</Value></HeartRateBpm><Cadence>81</Cadence><SensorState>Present</SensorState><Extensions><TPX xmlns="http://www.garmin.com/xmlschemas/ActivityExtension/v2"><Watts>262</Watts></TPX></Extensions></Trackpoint><Trackpoint xmlns="http://www.garmin.com/xmlschemas/TrainingCenterDatabase/v2"><Time>2026-08-29T07:29:01.055Z</Time><Position><LatitudeDegrees>52.34039167</LatitudeDegrees><LongitudeDegrees>13.00036</LongitudeDegrees></Position><AltitudeMeters>39.777</AltitudeMeters><DistanceMeters>4721.39990234375</DistanceMeters><HeartRateBpm><Value>196</Value></HeartRateBpm><Cadence>81</Cadence><SensorState>Present</SensorState><Extensions><TPX xmlns="http://www.garmin.com/xmlschemas/ActivityExtension/v2"><Watts>266</Watts></TPX></Extensions></Trackpoint><Trackpoint xmlns="http://www.garmin.com/xmlschemas/TrainingCenterDatabase/v2"><Time>2026-08-29T07:29:02.055Z</Time><Position><LatitudeDegrees>52.34042833</LatitudeDegrees><LongitudeDegrees>13.00035167</LongitudeDegrees></Position><AltitudeMeters>39.777</AltitudeMeters><DistanceMeters>4724.7001953125</DistanceMeters><HeartRateBpm><Value>196</Value></HeartRateBpm><Cadence>81</Cadence><SensorState>Present</SensorState><Extensions><TPX xmlns="http://www.garmin.com/xmlschemas/ActivityExtension/v2"><Watts>282</Watts></TPX></Extensions></Trackpoint><Trackpoint xmlns="http://www.garmin.com/xmlschemas/TrainingCenterDatabase/v2"><Time>2026-08-29T07:29:03.055Z</Time><Position><LatitudeDegrees>52.34045167</LatitudeDegrees><LongitudeDegrees>13.00034</LongitudeDegrees></Position><AltitudeMeters>39.777</AltitudeMeters><DistanceMeters>4728.7998046875</DistanceMeters><HeartRateBpm><Value>196</Value></HeartRateBpm><Cadence>81</Cadence><SensorState>Present</SensorState><Extensions><TPX xmlns="http://www.garmin.com/xmlschemas/ActivityExtension/v2"><Watts>300</Watts></TPX></Extensions></Trackpoint><Trackpoint xmlns="http://www.garmin.com/xmlschemas/TrainingCenterDatabase/v2"><Time>2026-08-29T07:29:04.055Z</Time><Position><LatitudeDegrees>52.34048667</LatitudeDegrees><LongitudeDegrees>13.00033667</LongitudeDegrees></Position><AltitudeMeters>39.777</AltitudeMeters><DistanceMeters>4733.10009765625</DistanceMeters><HeartRateBpm><Value>196</Value></HeartRateBpm><Cadence>81</Cadence><SensorState>Present</SensorState><Extensions><TPX xmlns="http://www.garmin.com/xmlschemas/ActivityExtension/v2"><Watts>312</Watts></TPX></Extensions></Trackpoint><Trackpoint xmlns="http://www.garmin.com/xmlschemas/TrainingCenterDatabase/v2"><Time>2026-08-29T07:29:05.055Z</Time><Position><LatitudeDegrees>52.34052667</LatitudeDegrees><LongitudeDegrees>13.00032167</LongitudeDegrees></Position><AltitudeMeters>39.777</AltitudeMeters><DistanceMeters>4736.7998046875</DistanceMeters><HeartRateBpm><Value>196</Value></HeartRateBpm><Cadence>81</Cadence><SensorState>Present</SensorState><Extensions><TPX xmlns="http://www.garmin.com/xmlschemas/ActivityExtension/v2"><Watts>322</Watts></TPX></Extensions></Trackpoint><Trackpoint xmlns="http://www.garmin.com/xmlschemas/TrainingCenterDatabase/v2"><Time>2026-08-29T07:29:06.055Z</Time><Position><LatitudeDegrees>52.34056667</LatitudeDegrees><LongitudeDegrees>13.00031</LongitudeDegrees></Position><AltitudeMeters>38.862</AltitudeMeters><DistanceMeters>4741.2998046875</DistanceMeters><HeartRateBpm><Value>196</Value></HeartRateBpm><Cadence>81</Cadence><SensorState>Present</SensorState><Extensions><TPX xmlns="http://www.garmin.com/xmlschemas/ActivityExtension/v2"><Watts>330</Watts></TPX></Extensions></Trackpoint><Trackpoint xmlns="http://www.garmin.com/xmlschemas/TrainingCenterDatabase/v2"><Time>2026-08-29T07:29:07.055Z</Time><Position><LatitudeDegrees>52.34059667</LatitudeDegrees><LongitudeDegrees>13.00029167</LongitudeDegrees></Position><AltitudeMeters>38.862</AltitudeMeters><DistanceMeters>4746.2001953125</DistanceMeters><HeartRateBpm><Value>196</Value></HeartRateBpm><Cadence>81</Cadence><SensorState>Present</SensorState><Extensions><TPX xmlns="http://www.garmin.com/xmlschemas/ActivityExtension/v2"><Watts>336</Watts></TPX></Extensions></Trackpoint><Trackpoint xmlns="http://www.garmin.com/xmlschemas/TrainingCenterDatabase/v2"><Time>2026-08-29T07:29:08.055Z</Time><Position><LatitudeDegrees>52.34063</LatitudeDegrees><LongitudeDegrees>13.00028167</LongitudeDegrees></Position><AltitudeMeters>38.862</AltitudeMeters><DistanceMeters>4751.2998046875</DistanceMeters><HeartRateBpm><Value>196</Value></HeartRateBpm><Cadence>81</Cadence><SensorState>Present</SensorState><Extensions><TPX xmlns="http://www.garmin.com/xmlschemas/ActivityExtension/v2"><Watts>342</Watts></TPX></Extensions></Trackpoint><Trackpoint xmlns="http://www.garmin.com/xmlschemas/TrainingCenterDatabase/v2"><Time>2026-08-29T07:29:09.055Z</Time><Position><LatitudeDegrees>52.340655</LatitudeDegrees><LongitudeDegrees>13.00027667</LongitudeDegrees></Position><AltitudeMeters>38.862</AltitudeMeters><DistanceMeters>4755.89990234375</DistanceMeters><HeartRateBpm><Value>196</Value></HeartRateBpm><Cadence>81</Cadence><SensorState>Present</SensorState><Extensions><TPX xmlns="http://www.garmin.com/xmlschemas/ActivityExtension/v2"><Watts>344</Watts></TPX></Extensions></Trackpoint><Trackpoint xmlns="http://www.garmin.com/xmlschemas/TrainingCenterDatabase/v2"><Time>2026-08-29T07:29:10.055Z</Time><Position><LatitudeDegrees>52.34068167</LatitudeDegrees><LongitudeDegrees>13.00027167</LongitudeDegrees></Position><AltitudeMeters>37.796</AltitudeMeters><DistanceMeters>4760.39990234375</DistanceMeters><HeartRateBpm><Value>196</Value></HeartRateBpm><Cadence>81</Cadence><SensorState>Present</SensorState><Extensions><TPX xmlns="http://www.garmin.com/xmlschemas/ActivityExtension/v2"><Watts>342</Watts></TPX></Extensions></Trackpoint><Trackpoint xmlns="http://www.garmin.com/xmlschemas/TrainingCenterDatabase/v2"><Time>2026-08-29T07:29:11.055Z</Time><Position><LatitudeDegrees>52.34071</LatitudeDegrees><LongitudeDegrees>13.00026667</LongitudeDegrees></Position><AltitudeMeters>37.796</AltitudeMeters><DistanceMeters>4763.60009765625</DistanceMeters><HeartRateBpm><Value>196</Value></HeartRateBpm><Cadence>81</Cadence><SensorState>Present</SensorState><Extensions><TPX xmlns="http://www.garmin.com/xmlschemas/ActivityExtension/v2"><Watts>336</Watts></TPX></Extensions></Trackpoint><Trackpoint xmlns="http://www.garmin.com/xmlschemas/TrainingCenterDatabase/v2"><Time>2026-08-29T07:29:12.055Z</Time><Position><LatitudeDegrees>52.34073667</LatitudeDegrees><LongitudeDegrees>13.00026333</LongitudeDegrees></Position><AltitudeMeters>37.796</AltitudeMeters><DistanceMeters>4766.7001953125</DistanceMeters><HeartRateBpm><Value>196</Value></HeartRateBpm><Cadence>81</Cadence><SensorState>Present</SensorState><Extensions><TPX xmlns="http://www.garmin.com/xmlschemas/ActivityExtension/v2"><Watts>324</Watts></TPX></Extensions></Trackpoint><Trackpoint xmlns="http://www.garmin.com/xmlschemas/TrainingCenterDatabase/v2"><Time>2026-08-29T07:29:13.055Z</Time><Position><LatitudeDegrees>52.34076667</LatitudeDegrees><LongitudeDegrees>13.000255</LongitudeDegrees></Position><AltitudeMeters>37.796</AltitudeMeters><DistanceMeters>4769.60009765625</DistanceMeters><HeartRateBpm><Value>196</Value></HeartRateBpm><Cadence>80</Cadence><SensorState>Present</SensorState><Extensions><TPX xmlns="http://www.garmin.com/xmlschemas/ActivityExtension/v2"><Watts>314</Watts></TPX></Extensions></Trackpoint><Trackpoint xmlns="http://www.garmin.com/xmlschemas/TrainingCenterDatabase/v2"><Time>2026-08-29T07:29:14.055Z</Time><Position><LatitudeDegrees>52.34081</LatitudeDegrees><LongitudeDegrees>13.00024833</LongitudeDegrees></Position><AltitudeMeters>37.796</AltitudeMeters><DistanceMeters>4773.10009765625</DistanceMeters><HeartRateBpm><Value>195</Value></HeartRateBpm><Cadence>79</Cadence><SensorState>Present</SensorState><Extensions><TPX xmlns="http://www.garmin.com/xmlschemas/ActivityExtension/v2"><Watts>312</Watts></TPX></Extensions></Trackpoint><Trackpoint xmlns="http://www.garmin.com/xmlschemas/TrainingCenterDatabase/v2"><Time>2026-08-29T07:29:15.055Z</Time><Position><LatitudeDegrees>52.34084833</LatitudeDegrees><LongitudeDegrees>13.00024833</LongitudeDegrees></Position><AltitudeMeters>37.796</AltitudeMeters><DistanceMeters>4776.2998046875</DistanceMeters><HeartRateBpm><Value>195</Value></HeartRateBpm><Cadence>79</Cadence><SensorState>Present</SensorState><Extensions><TPX xmlns="http://www.garmin.com/xmlschemas/ActivityExtension/v2"><Watts>316</Watts></TPX></Extensions></Trackpoint><Trackpoint xmlns="http://www.garmin.com/xmlschemas/TrainingCenterDatabase/v2"><Time>2026-08-29T07:29:16.055Z</Time><Position><LatitudeDegrees>52.34086667</LatitudeDegrees><LongitudeDegrees>13.00024667</LongitudeDegrees></Position><AltitudeMeters>37.796</AltitudeMeters><DistanceMeters>4779.7998046875</DistanceMeters><HeartRateBpm><Value>195</Value></HeartRateBpm><Cadence>79</Cadence><SensorState>Present</SensorState><Extensions><TPX xmlns="http://www.garmin.com/xmlschemas/ActivityExtension/v2"><Watts>324</Watts></TPX></Extensions></Trackpoint><Trackpoint xmlns="http://www.garmin.com/xmlschemas/TrainingCenterDatabase/v2"><Time>2026-08-29T07:29:17.055Z</Time><Position><LatitudeDegrees>52.34090333</LatitudeDegrees><LongitudeDegrees>13.000255</LongitudeDegrees></Position><AltitudeMeters>37.796</AltitudeMeters><DistanceMeters>4783.2998046875</DistanceMeters><HeartRateBpm><Value>195</Value></HeartRateBpm><Cadence>79</Cadence><SensorState>Present</SensorState><Extensions><TPX xmlns="http://www.garmin.com/xmlschemas/ActivityExtension/v2"><Watts>336</Watts></TPX></Extensions></Trackpoint><Trackpoint xmlns="http://www.garmin.com/xmlschemas/TrainingCenterDatabase/v2"><Time>2026-08-29T07:29:18.055Z</Time><Position><LatitudeDegrees>52.340935</LatitudeDegrees><LongitudeDegrees>13.000265</LongitudeDegrees></Position><AltitudeMeters>37.796</AltitudeMeters><DistanceMeters>4786.10009765625</DistanceMeters><HeartRateBpm><Value>195</Value></HeartRateBpm><Cadence>80</Cadence><SensorState>Present</SensorState><Extensions><TPX xmlns="http://www.garmin.com/xmlschemas/ActivityExtension/v2"><Watts>348</Watts></TPX></Extensions></Trackpoint><Trackpoint xmlns="http://www.garmin.com/xmlschemas/TrainingCenterDatabase/v2"><Time>2026-08-29T07:29:19.055Z</Time><Position><LatitudeDegrees>52.34096333</LatitudeDegrees><LongitudeDegrees>13.00027167</LongitudeDegrees></Position><AltitudeMeters>37.796</AltitudeMeters><DistanceMeters>4789.7998046875</DistanceMeters><HeartRateBpm><Value>195</Value></HeartRateBpm><Cadence>81</Cadence><SensorState>Present</SensorState><Extensions><TPX xmlns="http://www.garmin.com/xmlschemas/ActivityExtension/v2"><Watts>354</Watts></TPX></Extensions></Trackpoint><Trackpoint xmlns="http://www.garmin.com/xmlschemas/TrainingCenterDatabase/v2"><Time>2026-08-29T07:29:20.055Z</Time><Position><LatitudeDegrees>52.34098833</LatitudeDegrees><LongitudeDegrees>13.00027333</LongitudeDegrees></Position><AltitudeMeters>37.796</AltitudeMeters><DistanceMeters>4793.7998046875</DistanceMeters><HeartRateBpm><Value>195</Value></HeartRateBpm><Cadence>82</Cadence><SensorState>Present</SensorState><Extensions><TPX xmlns="http://www.garmin.com/xmlschemas/ActivityExtension/v2"><Watts>356</Watts></TPX></Extensions></Trackpoint><Trackpoint xmlns="http://www.garmin.com/xmlschemas/TrainingCenterDatabase/v2"><Time>2026-08-29T07:29:21.055Z</Time><Position><LatitudeDegrees>52.34102833</LatitudeDegrees><LongitudeDegrees>13.00028167</LongitudeDegrees></Position><AltitudeMeters>37.796</AltitudeMeters><DistanceMeters>4797.5</DistanceMeters><HeartRateBpm><Value>195</Value></HeartRateBpm><Cadence>82</Cadence><SensorState>Present</SensorState><Extensions><TPX xmlns="http://www.garmin.com/xmlschemas/ActivityExtension/v2"><Watts>358</Watts></TPX></Extensions></Trackpoint><Trackpoint xmlns="http://www.garmin.com/xmlschemas/TrainingCenterDatabase/v2"><Time>2026-08-29T07:29:22.055Z</Time><Position><LatitudeDegrees>52.34106167</LatitudeDegrees><LongitudeDegrees>13.00028667</LongitudeDegrees></Position><AltitudeMeters>37.796</AltitudeMeters><DistanceMeters>4800.7998046875</DistanceMeters><HeartRateBpm><Value>194</Value></HeartRateBpm><Cadence>82</Cadence><SensorState>Present</SensorState><Extensions><TPX xmlns="http://www.garmin.com/xmlschemas/ActivityExtension/v2"><Watts>362</Watts></TPX></Extensions></Trackpoint><Trackpoint xmlns="http://www.garmin.com/xmlschemas/TrainingCenterDatabase/v2"><Time>2026-08-29T07:29:23.055Z</Time><Position><LatitudeDegrees>52.34109833</LatitudeDegrees><LongitudeDegrees>13.00029167</LongitudeDegrees></Position><AltitudeMeters>37.796</AltitudeMeters><DistanceMeters>4805.0</DistanceMeters><HeartRateBpm><Value>195</Value></HeartRateBpm><Cadence>82</Cadence><SensorState>Present</SensorState><Extensions><TPX xmlns="http://www.garmin.com/xmlschemas/ActivityExtension/v2"><Watts>370</Watts></TPX></Extensions></Trackpoint><Trackpoint xmlns="http://www.garmin.com/xmlschemas/TrainingCenterDatabase/v2"><Time>2026-08-29T07:29:24.055Z</Time><Position><LatitudeDegrees>52.34113333</LatitudeDegrees><LongitudeDegrees>13.00028833</LongitudeDegrees></Position><AltitudeMeters>37.796</AltitudeMeters><DistanceMeters>4808.89990234375</DistanceMeters><HeartRateBpm><Value>195</Value></HeartRateBpm><Cadence>82</Cadence><SensorState>Present</SensorState><Extensions><TPX xmlns="http://www.garmin.com/xmlschemas/ActivityExtension/v2"><Watts>382</Watts></TPX></Extensions></Trackpoint><Trackpoint xmlns="http://www.garmin.com/xmlschemas/TrainingCenterDatabase/v2"><Time>2026-08-29T07:29:25.055Z</Time><Position><LatitudeDegrees>52.341155</LatitudeDegrees><LongitudeDegrees>13.00028667</LongitudeDegrees></Position><AltitudeMeters>37.796</AltitudeMeters><DistanceMeters>4812.2001953125</DistanceMeters><HeartRateBpm><Value>195</Value></HeartRateBpm><Cadence>82</Cadence><SensorState>Present</SensorState><Extensions><TPX xmlns="http://www.garmin.com/xmlschemas/ActivityExtension/v2"><Watts>392</Watts></TPX></Extensions></Trackpoint><Trackpoint xmlns="http://www.garmin.com/xmlschemas/TrainingCenterDatabase/v2"><Time>2026-08-29T07:29:26.055Z</Time><Position><LatitudeDegrees>52.34118667</LatitudeDegrees><LongitudeDegrees>13.00027667</LongitudeDegrees></Position><AltitudeMeters>37.796</AltitudeMeters><DistanceMeters>4815.60009765625</DistanceMeters><HeartRateBpm><Value>195</Value></HeartRateBpm><Cadence>81</Cadence><SensorState>Present</SensorState><Extensions><TPX xmlns="http://www.garmin.com/xmlschemas/ActivityExtension/v2"><Watts>398</Watts></TPX></Extensions></Trackpoint><Trackpoint xmlns="http://www.garmin.com/xmlschemas/TrainingCenterDatabase/v2"><Time>2026-08-29T07:29:27.055Z</Time><Position><LatitudeDegrees>52.34121667</LatitudeDegrees><LongitudeDegrees>13.00026833</LongitudeDegrees></Position><AltitudeMeters>37.796</AltitudeMeters><DistanceMeters>4819.39990234375</DistanceMeters><HeartRateBpm><Value>195</Value></HeartRateBpm><Cadence>80</Cadence><SensorState>Present</SensorState><Extensions><TPX xmlns="http://www.garmin.com/xmlschemas/ActivityExtension/v2"><Watts>402</Watts></TPX></Extensions></Trackpoint><Trackpoint xmlns="http://www.garmin.com/xmlschemas/TrainingCenterDatabase/v2"><Time>2026-08-29T07:29:28.055Z</Time><Position><LatitudeDegrees>52.34124667</LatitudeDegrees><LongitudeDegrees>13.00025333</LongitudeDegrees></Position><AltitudeMeters>37.796</AltitudeMeters><DistanceMeters>4822.7001953125</DistanceMeters><HeartRateBpm><Value>195</Value></HeartRateBpm><Cadence>79</Cadence><SensorState>Present</SensorState><Extensions><TPX xmlns="http://www.garmin.com/xmlschemas/ActivityExtension/v2"><Watts>400</Watts></TPX></Extensions></Trackpoint><Trackpoint xmlns="http://www.garmin.com/xmlschemas/TrainingCenterDatabase/v2"><Time>2026-08-29T07:29:29.055Z</Time><Position><LatitudeDegrees>52.34127333</LatitudeDegrees><LongitudeDegrees>13.00024167</LongitudeDegrees></Position><AltitudeMeters>37.796</AltitudeMeters><DistanceMeters>4826.2001953125</DistanceMeters><HeartRateBpm><Value>195</Value></HeartRateBpm><Cadence>79</Cadence><SensorState>Present</SensorState><Extensions><TPX xmlns="http://www.garmin.com/xmlschemas/ActivityExtension/v2"><Watts>390</Watts></TPX></Extensions></Trackpoint><Trackpoint xmlns="http://www.garmin.com/xmlschemas/TrainingCenterDatabase/v2"><Time>2026-08-29T07:29:30.055Z</Time><Position><LatitudeDegrees>52.34131167</LatitudeDegrees><LongitudeDegrees>13.00022333</LongitudeDegrees></Position><AltitudeMeters>37.796</AltitudeMeters><DistanceMeters>4829.7001953125</DistanceMeters><HeartRateBpm><Value>195</Value></HeartRateBpm><Cadence>79</Cadence><SensorState>Present</SensorState><Extensions><TPX xmlns="http://www.garmin.com/xmlschemas/ActivityExtension/v2"><Watts>372</Watts></TPX></Extensions></Trackpoint><Trackpoint xmlns="http://www.garmin.com/xmlschemas/TrainingCenterDatabase/v2"><Time>2026-08-29T07:29:31.055Z</Time><Position><LatitudeDegrees>52.34134167</LatitudeDegrees><LongitudeDegrees>13.00021</LongitudeDegrees></Position><AltitudeMeters>37.796</AltitudeMeters><DistanceMeters>4833.2001953125</DistanceMeters><HeartRateBpm><Value>195</Value></HeartRateBpm><Cadence>80</Cadence><SensorState>Present</SensorState><Extensions><TPX xmlns="http://www.garmin.com/xmlschemas/ActivityExtension/v2"><Watts>364</Watts></TPX></Extensions></Trackpoint><Trackpoint xmlns="http://www.garmin.com/xmlschemas/TrainingCenterDatabase/v2"><Time>2026-08-29T07:29:32.055Z</Time><Position><LatitudeDegrees>52.34136667</LatitudeDegrees><LongitudeDegrees>13.000205</LongitudeDegrees></Position><AltitudeMeters>36.881</AltitudeMeters><DistanceMeters>4836.7001953125</DistanceMeters><HeartRateBpm><Value>196</Value></HeartRateBpm><Cadence>81</Cadence><SensorState>Present</SensorState><Extensions><TPX xmlns="http://www.garmin.com/xmlschemas/ActivityExtension/v2"><Watts>360</Watts></TPX></Extensions></Trackpoint><Trackpoint xmlns="http://www.garmin.com/xmlschemas/TrainingCenterDatabase/v2"><Time>2026-08-29T07:29:33.055Z</Time><Position><LatitudeDegrees>52.3414</LatitudeDegrees><LongitudeDegrees>13.0002</LongitudeDegrees></Position><AltitudeMeters>36.881</AltitudeMeters><DistanceMeters>4839.89990234375</DistanceMeters><HeartRateBpm><Value>196</Value></HeartRateBpm><Cadence>81</Cadence><SensorState>Present</SensorState><Extensions><TPX xmlns="http://www.garmin.com/xmlschemas/ActivityExtension/v2"><Watts>348</Watts></TPX></Extensions></Trackpoint><Trackpoint xmlns="http://www.garmin.com/xmlschemas/TrainingCenterDatabase/v2"><Time>2026-08-29T07:29:34.055Z</Time><Position><LatitudeDegrees>52.34144</LatitudeDegrees><LongitudeDegrees>13.00018667</LongitudeDegrees></Position><AltitudeMeters>36.881</AltitudeMeters><DistanceMeters>4842.60009765625</DistanceMeters><HeartRateBpm><Value>196</Value></HeartRateBpm><Cadence>81</Cadence><SensorState>Present</SensorState><Extensions><TPX xmlns="http://www.garmin.com/xmlschemas/ActivityExtension/v2"><Watts>344</Watts></TPX></Extensions></Trackpoint><Trackpoint xmlns="http://www.garmin.com/xmlschemas/TrainingCenterDatabase/v2"><Time>2026-08-29T07:29:35.055Z</Time><Position><LatitudeDegrees>52.34146833</LatitudeDegrees><LongitudeDegrees>13.00017</LongitudeDegrees></Position><AltitudeMeters>36.881</AltitudeMeters><DistanceMeters>4846.10009765625</DistanceMeters><HeartRateBpm><Value>196</Value></HeartRateBpm><Cadence>81</Cadence><SensorState>Present</SensorState><Extensions><TPX xmlns="http://www.garmin.com/xmlschemas/ActivityExtension/v2"><Watts>348</Watts></TPX></Extensions></Trackpoint><Trackpoint xmlns="http://www.garmin.com/xmlschemas/TrainingCenterDatabase/v2"><Time>2026-08-29T07:29:36.055Z</Time><Position><LatitudeDegrees>52.34150333</LatitudeDegrees><LongitudeDegrees>13.00015</LongitudeDegrees></Position><AltitudeMeters>36.881</AltitudeMeters><DistanceMeters>4850.7998046875</DistanceMeters><HeartRateBpm><Value>196</Value></HeartRateBpm><Cadence>81</Cadence><SensorState>Present</SensorState><Extensions><TPX xmlns="http://www.garmin.com/xmlschemas/ActivityExtension/v2"><Watts>358</Watts></TPX></Extensions></Trackpoint><Trackpoint xmlns="http://www.garmin.com/xmlschemas/TrainingCenterDatabase/v2"><Time>2026-08-29T07:29:37.055Z</Time><Position><LatitudeDegrees>52.34154333</LatitudeDegrees><LongitudeDegrees>13.000125</LongitudeDegrees></Position><AltitudeMeters>36.881</AltitudeMeters><DistanceMeters>4854.39990234375</DistanceMeters><HeartRateBpm><Value>196</Value></HeartRateBpm><Cadence>81</Cadence><SensorState>Present</SensorState><Extensions><TPX xmlns="http://www.garmin.com/xmlschemas/ActivityExtension/v2"><Watts>372</Watts></TPX></Extensions></Trackpoint><Trackpoint xmlns="http://www.garmin.com/xmlschemas/TrainingCenterDatabase/v2"><Time>2026-08-29T07:29:38.055Z</Time><Position><LatitudeDegrees>52.34158333</LatitudeDegrees><LongitudeDegrees>13.00010833</LongitudeDegrees></Position><AltitudeMeters>36.881</AltitudeMeters><DistanceMeters>4858.5</DistanceMeters><HeartRateBpm><Value>196</Value></HeartRateBpm><Cadence>81</Cadence><SensorState>Present</SensorState><Extensions><TPX xmlns="http://www.garmin.com/xmlschemas/ActivityExtension/v2"><Watts>386</Watts></TPX></Extensions></Trackpoint><Trackpoint xmlns="http://www.garmin.com/xmlschemas/TrainingCenterDatabase/v2"><Time>2026-08-29T07:29:39.055Z</Time><Position><LatitudeDegrees>52.34161833</LatitudeDegrees><LongitudeDegrees>13.000095</LongitudeDegrees></Position><AltitudeMeters>36.881</AltitudeMeters><DistanceMeters>4863.10009765625</DistanceMeters><HeartRateBpm><Value>196</Value></HeartRateBpm><Cadence>81</Cadence><SensorState>Present</SensorState><Extensions><TPX xmlns="http://www.garmin.com/xmlschemas/ActivityExtension/v2"><Watts>392</Watts></TPX></Extensions></Trackpoint><Trackpoint xmlns="http://www.garmin.com/xmlschemas/TrainingCenterDatabase/v2"><Time>2026-08-29T07:29:40.055Z</Time><Position><LatitudeDegrees>52.34165167</LatitudeDegrees><LongitudeDegrees>13.00008167</LongitudeDegrees></Position><AltitudeMeters>36.881</AltitudeMeters><DistanceMeters>4868.10009765625</DistanceMeters><HeartRateBpm><Value>196</Value></HeartRateBpm><Cadence>81</Cadence><SensorState>Present</SensorState><Extensions><TPX xmlns="http://www.garmin.com/xmlschemas/ActivityExtension/v2"><Watts>396</Watts></TPX></Extensions></Trackpoint><Trackpoint xmlns="http://www.garmin.com/xmlschemas/TrainingCenterDatabase/v2"><Time>2026-08-29T07:29:41.055Z</Time><Position><LatitudeDegrees>52.34168333</LatitudeDegrees><LongitudeDegrees>13.00006667</LongitudeDegrees></Position><AltitudeMeters>36.881</AltitudeMeters><DistanceMeters>4871.7998046875</DistanceMeters><HeartRateBpm><Value>196</Value></HeartRateBpm><Cadence>81</Cadence><SensorState>Present</SensorState><Extensions><TPX xmlns="http://www.garmin.com/xmlschemas/ActivityExtension/v2"><Watts>402</Watts></TPX></Extensions></Trackpoint><Trackpoint xmlns="http://www.garmin.com/xmlschemas/TrainingCenterDatabase/v2"><Time>2026-08-29T07:29:42.055Z</Time><Position><LatitudeDegrees>52.34171</LatitudeDegrees><LongitudeDegrees>13.00005</LongitudeDegrees></Position><AltitudeMeters>36.881</AltitudeMeters><DistanceMeters>4876.2001953125</DistanceMeters><HeartRateBpm><Value>196</Value></HeartRateBpm><Cadence>81</Cadence><SensorState>Present</SensorState><Extensions><TPX xmlns="http://www.garmin.com/xmlschemas/ActivityExtension/v2"><Watts>406</Watts></TPX></Extensions></Trackpoint><Trackpoint xmlns="http://www.garmin.com/xmlschemas/TrainingCenterDatabase/v2"><Time>2026-08-29T07:29:43.055Z</Time><Position><LatitudeDegrees>52.341735</LatitudeDegrees><LongitudeDegrees>13.000035</LongitudeDegrees></Position><AltitudeMeters>36.881</AltitudeMeters><DistanceMeters>4880.7001953125</DistanceMeters><HeartRateBpm><Value>196</Value></HeartRateBpm><Cadence>81</Cadence><SensorState>Present</SensorState><Extensions><TPX xmlns="http://www.garmin.com/xmlschemas/ActivityExtension/v2"><Watts>410</Watts></TPX></Extensions></Trackpoint><Trackpoint xmlns="http://www.garmin.com/xmlschemas/TrainingCenterDatabase/v2"><Time>2026-08-29T07:29:44.055Z</Time><Position><LatitudeDegrees>52.341765</LatitudeDegrees><LongitudeDegrees>13.00001833</LongitudeDegrees></Position><AltitudeMeters>36.881</AltitudeMeters><DistanceMeters>4884.5</DistanceMeters><HeartRateBpm><Value>196</Value></HeartRateBpm><Cadence>81</Cadence><SensorState>Present</SensorState><Extensions><TPX xmlns="http://www.garmin.com/xmlschemas/ActivityExtension/v2"><Watts>414</Watts></TPX></Extensions></Trackpoint><Trackpoint xmlns="http://www.garmin.com/xmlschemas/TrainingCenterDatabase/v2"><Time>2026-08-29T07:29:45.055Z</Time><Position><LatitudeDegrees>52.34179833</LatitudeDegrees><LongitudeDegrees>13.00001167</LongitudeDegrees></Position><AltitudeMeters>36.881</AltitudeMeters><DistanceMeters>4887.5</DistanceMeters><HeartRateBpm><Value>197</Value></HeartRateBpm><Cadence>81</Cadence><SensorState>Present</SensorState><Extensions><TPX xmlns="http://www.garmin.com/xmlschemas/ActivityExtension/v2"><Watts>418</Watts></TPX></Extensions></Trackpoint><Trackpoint xmlns="http://www.garmin.com/xmlschemas/TrainingCenterDatabase/v2"><Time>2026-08-29T07:29:46.055Z</Time><Position><LatitudeDegrees>52.341825</LatitudeDegrees><LongitudeDegrees>13.00001</LongitudeDegrees></Position><AltitudeMeters>36.881</AltitudeMeters><DistanceMeters>4891.2998046875</DistanceMeters><HeartRateBpm><Value>197</Value></HeartRateBpm><Cadence>81</Cadence><SensorState>Present</SensorState><Extensions><TPX xmlns="http://www.garmin.com/xmlschemas/ActivityExtension/v2"><Watts>420</Watts></TPX></Extensions></Trackpoint><Trackpoint xmlns="http://www.garmin.com/xmlschemas/TrainingCenterDatabase/v2"><Time>2026-08-29T07:29:47.055Z</Time><Position><LatitudeDegrees>52.341845</LatitudeDegrees><LongitudeDegrees>13.000005</LongitudeDegrees></Position><AltitudeMeters>36.881</AltitudeMeters><DistanceMeters>4894.7998046875</DistanceMeters><HeartRateBpm><Value>197</Value></HeartRateBpm><Cadence>80</Cadence><SensorState>Present</SensorState><Extensions><TPX xmlns="http://www.garmin.com/xmlschemas/ActivityExtension/v2"><Watts>424</Watts></TPX></Extensions></Trackpoint><Trackpoint xmlns="http://www.garmin.com/xmlschemas/TrainingCenterDatabase/v2"><Time>2026-08-29T07:29:48.055Z</Time><Position><LatitudeDegrees>52.341865</LatitudeDegrees><LongitudeDegrees>13.00000167</LongitudeDegrees></Position><AltitudeMeters>36.881</AltitudeMeters><DistanceMeters>4897.2998046875</DistanceMeters><HeartRateBpm><Value>197</Value></HeartRateBpm><Cadence>81</Cadence><SensorState>Present</SensorState><Extensions><TPX xmlns="http://www.garmin.com/xmlschemas/ActivityExtension/v2"><Watts>410</Watts></TPX></Extensions></Trackpoint><Trackpoint xmlns="http://www.garmin.com/xmlschemas/TrainingCenterDatabase/v2"><Time>2026-08-29T07:29:49.055Z</Time><Position><LatitudeDegrees>52.34188667</LatitudeDegrees><LongitudeDegrees>13.00000167</LongitudeDegrees></Position><AltitudeMeters>36.881</AltitudeMeters><DistanceMeters>4899.10009765625</DistanceMeters><HeartRateBpm><Value>197</Value></HeartRateBpm><Cadence>81</Cadence><SensorState>Present</SensorState><Extensions><TPX xmlns="http://www.garmin.com/xmlschemas/ActivityExtension/v2"><Watts>382</Watts></TPX></Extensions></Trackpoint><Trackpoint xmlns="http://www.garmin.com/xmlschemas/TrainingCenterDatabase/v2"><Time>2026-08-29T07:29:50.055Z</Time><Position><LatitudeDegrees>52.341905</LatitudeDegrees><LongitudeDegrees>13.0</LongitudeDegrees></Position><AltitudeMeters>36.881</AltitudeMeters><DistanceMeters>4901.10009765625</DistanceMeters><HeartRateBpm><Value>197</Value></HeartRateBpm><Cadence>81</Cadence><SensorState>Present</SensorState><Extensions><TPX xmlns="http://www.garmin.com/xmlschemas/ActivityExtension/v2"><Watts>360</Watts></TPX></Extensions></Trackpoint><Trackpoint xmlns="http://www.garmin.com/xmlschemas/TrainingCenterDatabase/v2"><Time>2026-08-29T07:29:51.055Z</Time><Position><LatitudeDegrees>52.34193833</LatitudeDegrees><LongitudeDegrees>12.99999667</LongitudeDegrees></Position><AltitudeMeters>36.881</AltitudeMeters><DistanceMeters>4903.10009765625</DistanceMeters><HeartRateBpm><Value>197</Value></HeartRateBpm><Cadence>81</Cadence><SensorState>Present</SensorState><Extensions><TPX xmlns="http://www.garmin.com/xmlschemas/ActivityExtension/v2"><Watts>346</Watts></TPX></Extensions></Trackpoint><Trackpoint xmlns="http://www.garmin.com/xmlschemas/TrainingCenterDatabase/v2"><Time>2026-08-29T07:29:52.055Z</Time><Position><LatitudeDegrees>52.34196667</LatitudeDegrees><LongitudeDegrees>12.99999</LongitudeDegrees></Position><AltitudeMeters>36.881</AltitudeMeters><DistanceMeters>4905.0</DistanceMeters><HeartRateBpm><Value>197</Value></HeartRateBpm><Cadence>81</Cadence><SensorState>Present</SensorState><Extensions><TPX xmlns="http://www.garmin.com/xmlschemas/ActivityExtension/v2"><Watts>340</Watts></TPX></Extensions></Trackpoint><Trackpoint xmlns="http://www.garmin.com/xmlschemas/TrainingCenterDatabase/v2"><Time>2026-08-29T07:29:53.055Z</Time><Position><LatitudeDegrees>52.34199833</LatitudeDegrees><LongitudeDegrees>12.99998667</LongitudeDegrees></Position><AltitudeMeters>36.881</AltitudeMeters><DistanceMeters>4908.0</DistanceMeters><HeartRateBpm><Value>198</Value></HeartRateBpm><Cadence>81</Cadence><SensorState>Present</SensorState><Extensions><TPX xmlns="http://www.garmin.com/xmlschemas/ActivityExtension/v2"><Watts>336</Watts></TPX></Extensions></Trackpoint><Trackpoint xmlns="http://www.garmin.com/xmlschemas/TrainingCenterDatabase/v2"><Time>2026-08-29T07:29:54.055Z</Time><Position><LatitudeDegrees>52.34203167</LatitudeDegrees><LongitudeDegrees>12.99998167</LongitudeDegrees></Position><AltitudeMeters>36.881</AltitudeMeters><DistanceMeters>4910.7998046875</DistanceMeters><HeartRateBpm><Value>198</Value></HeartRateBpm><Cadence>81</Cadence><SensorState>Present</SensorState><Extensions><TPX xmlns="http://www.garmin.com/xmlschemas/ActivityExtension/v2"><Watts>334</Watts></TPX></Extensions></Trackpoint><Trackpoint xmlns="http://www.garmin.com/xmlschemas/TrainingCenterDatabase/v2"><Time>2026-08-29T07:29:55.055Z</Time><Position><LatitudeDegrees>52.34206667</LatitudeDegrees><LongitudeDegrees>12.99997667</LongitudeDegrees></Position><AltitudeMeters>36.881</AltitudeMeters><DistanceMeters>4913.7001953125</DistanceMeters><HeartRateBpm><Value>198</Value></HeartRateBpm><Cadence>80</Cadence><SensorState>Present</SensorState><Extensions><TPX xmlns="http://www.garmin.com/xmlschemas/ActivityExtension/v2"><Watts>338</Watts></TPX></Extensions></Trackpoint><Trackpoint xmlns="http://www.garmin.com/xmlschemas/TrainingCenterDatabase/v2"><Time>2026-08-29T07:29:56.055Z</Time><Position><LatitudeDegrees>52.34210333</LatitudeDegrees><LongitudeDegrees>12.99997333</LongitudeDegrees></Position><AltitudeMeters>36.881</AltitudeMeters><DistanceMeters>4916.7998046875</DistanceMeters><HeartRateBpm><Value>198</Value></HeartRateBpm><Cadence>79</Cadence><SensorState>Present</SensorState><Extensions><TPX xmlns="http://www.garmin.com/xmlschemas/ActivityExtension/v2"><Watts>350</Watts></TPX></Extensions></Trackpoint><Trackpoint xmlns="http://www.garmin.com/xmlschemas/TrainingCenterDatabase/v2"><Time>2026-08-29T07:29:57.055Z</Time><Position><LatitudeDegrees>52.34215</LatitudeDegrees><LongitudeDegrees>12.99997667</LongitudeDegrees></Position><AltitudeMeters>36.881</AltitudeMeters><DistanceMeters>4920.7001953125</DistanceMeters><HeartRateBpm><Value>198</Value></HeartRateBpm><Cadence>79</Cadence><SensorState>Present</SensorState><Extensions><TPX xmlns="http://www.garmin.com/xmlschemas/ActivityExtension/v2"><Watts>366</Watts></TPX></Extensions></Trackpoint><Trackpoint xmlns="http://www.garmin.com/xmlschemas/TrainingCenterDatabase/v2"><Time>2026-08-29T07:29:58.055Z</Time><Position><LatitudeDegrees>52.342195</LatitudeDegrees><LongitudeDegrees>12.99998667</LongitudeDegrees></Position><AltitudeMeters>36.881</AltitudeMeters><DistanceMeters>4925.2001953125</DistanceMeters><HeartRateBpm><Value>198</Value></HeartRateBpm><Cadence>79</Cadence><SensorState>Present</SensorState><Extensions><TPX xmlns="http://www.garmin.com/xmlschemas/ActivityExtension/v2"><Watts>382</Watts></TPX></Extensions></Trackpoint><Trackpoint xmlns="http://www.garmin.com/xmlschemas/TrainingCenterDatabase/v2"><Time>2026-08-29T07:29:59.055Z</Time><Position><LatitudeDegrees>52.342225</LatitudeDegrees><LongitudeDegrees>12.999995</LongitudeDegrees></Position><AltitudeMeters>36.881</AltitudeMeters><DistanceMeters>4930.60009765625</DistanceMeters><HeartRateBpm><Value>198</Value></HeartRateBpm><Cadence>79</Cadence><SensorState>Present</SensorState><Extensions><TPX xmlns="http://www.garmin.com/xmlschemas/ActivityExtension/v2"><Watts>392</Watts></TPX></Extensions></Trackpoint></Track><Extensions xmlns="http://www.garmin.com/xmlschemas/TrainingCenterDatabase/v2"><LX xmlns="http://www.garmin.com/xmlschemas/ActivityExtension/v2"><AvgSpeed>2.7327561422808935</AvgSpeed></LX></Extensions></Lap><Training xmlns="http://www.garmin.com/xmlschemas/TrainingCenterDatabase/v2" VirtualPartner="false"><Plan Type="Workout" IntervalWorkout="false"><Extensions></Extensions></Plan></Training><Creator xmlns:xsi="http://www.w3.org/2001/XMLSchema-instance" xsi:type="Device_t"><Name>Polar Pacer Pro</Name><UnitId>0</UnitId><ProductID>261</ProductID><Version><VersionMajor>3</VersionMajor><VersionMinor>0</VersionMinor><BuildMajor>0</BuildMajor><BuildMinor>0</BuildMinor></Version></Creator></Activity></Activities><Author xmlns:xsi="http://www.w3.org/2001/XMLSchema-instance" xsi:type="Application_t"><Name>Polar Flow Mobile Viewer Android</Name><Build><Version><VersionMajor>0</VersionMajor><VersionMinor>0</VersionMinor></Version></Build><LangID>EN</LangID><PartNumber>XXX-XXXXX-XX</PartNumber></Author></TrainingCenterDatabase>